===== run start kind=batch at 14:43:32 / 2026-08-25 14:43:32 pid=977361 =====
[14:43:32] [supervisor] launch count=2000 workers=1 idle_timeout=540s max_restarts=2 log=/home/ubuntu/grok-register-panel/log/runs/run_batch_20260825_064332.log
[14:43:33] ----- child attach pid=977365 kind=cli -----
[14:43:33] [*] run log -> /home/ubuntu/grok-register-panel/log/runs/run_batch_20260825_064332.log
[14:43:33] [*] 终端模式启动，目标数量: 2000 | 并发: 1 | 代理池: 6 (managed)
[14:43:33] [*] 账号间注册间隔: 480s
[14:43:33] [*] SSO→auth: 开（协议 Device Flow）
[14:43:33] [*] 已跳过启动连通性/测活预检
[14:43:33] [*] 已跳过 xAI 注册页预检
[14:43:33] [*] 绑定代理: socks5h://109.166.36.243:1091
[14:43:38] [static-cache] enabled dir=/home/ubuntu/grok-register-panel/log/static-asset-cache hits=0 misses=0 max_mb=1024
[14:43:38] [*] 出口IP=142.249.204.75 代理=socks5h://109.166.36.243:1091 | AS45691 | DODO-CORE - DODO K.K. | Tokyo
[14:43:38] [*] 指纹 os=windows platform=Win32 webgl=ANGLE (AMD, Radeon HD 3200 Graphics Direct3D11 vs_5_0 ps_5_0), or similar fontsWin=True ua=Mozilla/5.0 (Windows NT 10.0; Win64; x64; rv:152.0) Gecko/20100101 Firef… leak=none
[14:43:38] [*] 浏览器已启动
[14:43:38] --- 开始第 1/2000 个账号 ---
[14:43:38] [*] 1. 打开注册页 (尝试 1/3)
[14:43:46] [*] 当前URL: https://accounts.x.ai/sign-up?redirect=grok-com
[14:43:50] [*] 已点击「使用邮箱注册」按钮（原生事件）: Sign up with email
[14:43:51] [*] 2. 创建邮箱并提交
[14:43:54] [*] 已创建邮箱: WillSamon370838+7@hotmail.com
[14:44:03] [*] 已填写邮箱并提交: WillSamon370838+7@hotmail.com (Sign up)
[14:44:03] [*] 邮箱: WillSamon370838+7@hotmail.com
[14:44:03] [*] 3. 拉取验证码
[14:44:08] [*] Outlook RT 等待验证码… 剩余 174s 邮件 9 封
[14:44:14] [*] Outlook RT 已提取验证码并完成库存记账
[14:44:17] [*] 已填写验证码并提交: 485-244
[14:44:17] [*] 验证码后页面 step=profile path=/sign-up?redirect=grok-com cf=True buttons=['Grok', 'Complete sign up', 'Go back', 'Your privacy choices']
[14:44:17] [*] 验证码: 485-244
[14:44:17] [*] 4. 填写资料
[14:44:30] [*] 已点击资料提交: Damian He
[14:44:30] [*] 提交后页面 step=profile path=/sign-up?redirect=grok-com hint=You are signing into Grok Complete your sign up WillSamon370838+7@hotmail.com First name Last name Password Complete sign upGo back By conti
[14:44:38] [*] 提交后页面 step=unknown path=/account hint=((a,b,c,d,e,f,g,h)=>{let i=document.documentElement,j=["light","dark"];function k(b){var c;(Array.isArray(a)?a:[a]).forEach(a=>{let c="class
[14:44:38] [*] 提交后页面 step=unknown path=/account hint=SpaceXAI Toggle theme DH Welcome, Damian. Manage your account. Account Security Sessions Data Return to Redirecting You are being redirected
[14:44:42] [*] 资料已填: Damian He
[14:44:42] [*] registered_emails 已更新: WillSamon370838+7@hotmail.com sso=empty
[14:44:42] [*] 5. 等待 sso cookie
[14:44:42] [*] 等待 sso 中... 已等 0s，剩余 29s | url=https://accounts.x.ai/account
[14:44:42] [*] 已获取到 sso cookie
[14:44:42] [*] registered_emails 已更新: WillSamon370838+7@hotmail.com sso=yes
[14:44:42] [*] grok2api Web SSO 上传尝试 1/3
[14:44:42] [*] grok2api 远端上传：登录管理后台（直连，不走代理）
[14:44:43] [+] grok2api 远端登录成功
[14:44:43] [*] grok2api 远端上传：调用 Web SSO 导入接口（直连）
[14:44:44] 【推送Grok2API 成功】
[14:44:44] [+] 已上传 Web SSO: 新增=1, 更新=0, 同步=1, 失败=0
[14:44:44] [*] grok2api Console SSO 上传尝试 1/3
[14:44:44] [*] grok2api 远端上传：登录管理后台（直连，不走代理）
[14:44:44] [+] grok2api 远端登录成功
[14:44:44] [*] grok2api 远端上传：调用 Console SSO 导入接口（直连）
[14:44:45] 【推送Grok2API 成功】
[14:44:45] [+] 已上传 Console SSO: 新增=1, 更新=0, 同步=1, 失败=0
[14:44:45] [风控] 检查新账号注册风控状态 ...
[14:44:46] [风控] ✅ 注册风控状态可用: botFlagSource=0
[14:44:46] [风控] 注册风控状态可用: botFlagSource=0
[14:44:46] [CPA] SSO → 协议 Device Flow 换 token (proxy=socks5h://109.166.36.243:1091) ...
[14:44:46] [CPA] [*] 尝试协议 Device Flow 换 token ...
[14:44:48] [CPA] ✅ sso 有效（协议路径）
[14:44:48] [CPA] 🔑 Device Flow: 申请 device_code / user_code ...
[14:44:49] [CPA] [*] user_code=HKN2-TFHZ interval=5s expires_in=1800s
[14:44:50] [CPA] [*] Device Flow: verify user_code ...
[14:44:51] [CPA] ✅ device/verify OK → https://accounts.x.ai/oauth2/device/consent?user_code=HKN2-TFHZ
[14:44:51] [CPA] [*] Device Flow: approve allow principal_id=(empty) ...
[14:44:52] [CPA] ✅ device/approve 已允许
[14:44:52] [CPA] [*] Device Flow: 轮询 access/refresh token ...
[14:44:52] [CPA] ✅ access_token (expires_in=21600s) + refresh_token
[14:44:52] [CPA] JWT bfs 检测: clean
[14:44:52] [CPA] 已写入 CPA 本地 /home/ubuntu/grok-register-panel/cpa_auth/xai-WillSamon370838_7@hotmail.com.json
[14:44:52] [CPA] 已上传 CPA 远程 http://127.0.0.1:18457/.../xai-WillSamon370838_7@hotmail.com.json
[14:44:52] [CPA] 已写入 Grok2API /home/ubuntu/grok-register-panel/grok2api_auth/g2a-WillSamon370838_7@hotmail.com.json
[14:44:52] [+] 注册成功: WillSamon370838+7@hotmail.com
[14:44:52] [结果] status=ok ip=142.249.204.75 port=1091 email=Wi***@hotmail.com kind=success bot=0 risk=- bfs=-
[14:44:52] [*] 当前统计: 成功 1 | 失败 0 || 注册成功 1 | 注册失败 0 | SSO成功 1 | SSO失败 0 | 早期跳过 0 | G2A成功 1 | G2A失败 0 | CPA成功 1 | CPA失败 0 | 风控通过 1 | 风控 0
[14:44:53] [*] 下一个账号前等待 480 秒...
[14:45:53] [*] 账号间隔等待中… 剩余 420s / 共 480s
[14:46:53] [*] 账号间隔等待中… 剩余 360s / 共 480s
[14:47:53] [*] 账号间隔等待中… 剩余 300s / 共 480s
[14:48:53] [*] 账号间隔等待中… 剩余 240s / 共 480s
[14:49:53] [*] 账号间隔等待中… 剩余 180s / 共 480s
[14:50:53] [*] 账号间隔等待中… 剩余 120s / 共 480s
[14:51:54] [*] 账号间隔等待中… 剩余 60s / 共 480s
[14:52:53] [*] 下号代理: socks5h://109.166.36.243:1090
[14:52:53] --- 开始第 2/2000 个账号 ---
[14:52:53] [*] 1. 打开注册页 (尝试 1/3)
[14:53:02] [-] 注册失败 [浏览器断开]: 浏览器启动失败，已尝试1次: 代理不可用或过慢，无法解析出口 IP（将换 sticky）: 代理出口 IP 探测失败(total_timeout=8.0s): HTTPSConnectionPool(host='checkip.amazonaws.com', port=443): Read timed out. (read timeout=3.3550295070162974)
[14:53:02] [结果] status=fail ip=? port=1090 email=- kind=browser bot=- risk=- bfs=-
[14:53:02] [*] 当前统计: 成功 1 | 失败 1 || 注册成功 1 | 注册失败 1 | SSO成功 1 | SSO失败 0 | 早期跳过 0 | G2A成功 1 | G2A失败 0 | CPA成功 1 | CPA失败 0 | 风控通过 1 | 风控 0
[14:53:03] [*] 下一个账号前等待 480 秒...
[14:54:03] [*] 账号间隔等待中… 剩余 420s / 共 480s
[14:55:03] [*] 账号间隔等待中… 剩余 360s / 共 480s
[14:56:03] [*] 账号间隔等待中… 剩余 300s / 共 480s
[14:57:03] [*] 账号间隔等待中… 剩余 240s / 共 480s
[14:58:03] [*] 账号间隔等待中… 剩余 180s / 共 480s
[14:59:03] [*] 账号间隔等待中… 剩余 120s / 共 480s
[15:00:03] [*] 账号间隔等待中… 剩余 60s / 共 480s
[15:01:03] [*] 下号代理: socks5h://204.143.92.234:3660
[15:01:03] --- 开始第 3/2000 个账号 ---
[15:01:03] [*] 1. 打开注册页 (尝试 1/3)
[15:01:09] [static-cache] enabled dir=/home/ubuntu/grok-register-panel/log/static-asset-cache hits=104 misses=0 max_mb=1024
[15:01:09] [*] 出口IP=204.143.92.234 代理=socks5h://204.143.92.234:3660 | AS2914 | NTT America, Inc. | Los Angeles
[15:01:09] [*] 指纹 os=windows platform=Win32 webgl=ANGLE (NVIDIA, NVIDIA GeForce GTX 980 Direct3D11 vs_5_0 ps_5_0), or similar fontsWin=True ua=Mozilla/5.0 (Windows NT 10.0; Win64; x64; rv:152.0) Gecko/20100101 Firef… leak=none
[15:01:09] [*] 浏览器已启动
[15:01:19] [*] 当前URL: https://accounts.x.ai/sign-up?redirect=grok-com
[15:01:28] [*] 已点击「使用邮箱注册」按钮（原生事件）: Sign up with email
[15:01:28] [*] 2. 创建邮箱并提交
[15:01:29] [*] 已创建邮箱: FrancoBashara4693+7@hotmail.com
[15:01:40] [*] 已填写邮箱并提交: FrancoBashara4693+7@hotmail.com (Sign up)
[15:01:40] [*] 邮箱: FrancoBashara4693+7@hotmail.com
[15:01:40] [*] 3. 拉取验证码
[15:01:42] [*] Outlook RT 等待验证码… 剩余 177s 邮件 9 封
[15:01:46] [*] Outlook RT 已提取验证码并完成库存记账
[15:01:54] [*] 已填写验证码并提交: 845-941
[15:01:54] [*] 验证码后页面 step=profile path=/sign-up?redirect=grok-com cf=True buttons=['Grok', 'Complete sign up', 'Go back', 'Your privacy choices', 'Close', 'Cookies Settings', 'Accept All Cookies']
[15:01:54] [*] 验证码: 845-941
[15:01:54] [*] 4. 填写资料
[15:02:09] [*] 已点击资料提交: Nolan Guo
[15:02:09] [*] 提交后页面 step=profile path=/sign-up?redirect=grok-com hint=You are signing into Grok Complete your sign up FrancoBashara4693+7@hotmail.com First name Last name Password Complete sign upGo back By con
[15:02:12] [*] 提交后页面 step=unknown path=/account hint=((a,b,c,d,e,f,g,h)=>{let i=document.documentElement,j=["light","dark"];function k(b){var c;(Array.isArray(a)?a:[a]).forEach(a=>{let c="class
[15:02:14] [*] 提交后页面 step=unknown path=/account hint=SpaceXAI Toggle theme NG Welcome, Nolan. Manage your account. Account Security Sessions Data Return to Redirecting You are being redirected,
[15:02:19] [*] 提交后页面 step=probe-error path=https://accounts.x.ai/account hint=Page.evaluate: Execution context was destroyed, most likely because of a navigation
[15:02:22] [*] 资料已填: Nolan Guo
[15:02:22] [*] registered_emails 已更新: FrancoBashara4693+7@hotmail.com sso=empty
[15:02:22] [*] 5. 等待 sso cookie
[15:02:22] [*] 等待 sso 中... 已等 0s，剩余 29s | url=https://grok.com/
[15:02:23] [*] 已获取到 sso cookie
[15:02:24] [*] registered_emails 已更新: FrancoBashara4693+7@hotmail.com sso=yes
[15:02:24] [*] grok2api Web SSO 上传尝试 1/3
[15:02:24] [*] grok2api 远端上传：登录管理后台（直连，不走代理）
[15:02:24] [+] grok2api 远端登录成功
[15:02:24] [*] grok2api 远端上传：调用 Web SSO 导入接口（直连）
[15:02:25] 【推送Grok2API 成功】
[15:02:25] [+] 已上传 Web SSO: 新增=1, 更新=0, 同步=1, 失败=0
[15:02:25] [*] grok2api Console SSO 上传尝试 1/3
[15:02:25] [*] grok2api 远端上传：登录管理后台（直连，不走代理）
[15:02:25] [+] grok2api 远端登录成功
[15:02:25] [*] grok2api 远端上传：调用 Console SSO 导入接口（直连）
[15:02:26] 【推送Grok2API 成功】
[15:02:26] [+] 已上传 Console SSO: 新增=1, 更新=0, 同步=1, 失败=0
[15:02:26] [风控] 检查新账号注册风控状态 ...
[15:02:27] [风控] ✅ 注册风控状态可用: botFlagSource=0
[15:02:27] [风控] 注册风控状态可用: botFlagSource=0
[15:02:27] [CPA] SSO → 协议 Device Flow 换 token (proxy=socks5h://204.143.92.234:3660) ...
[15:02:27] [CPA] [*] 尝试协议 Device Flow 换 token ...
[15:02:27] [CPA] ✅ sso 有效（协议路径）
[15:02:27] [CPA] 🔑 Device Flow: 申请 device_code / user_code ...
[15:02:27] [CPA] [*] user_code=SF33-G2RM interval=5s expires_in=1800s
[15:02:28] [CPA] [*] Device Flow: verify user_code ...
[15:02:28] [CPA] ✅ device/verify OK → https://accounts.x.ai/oauth2/device/consent?user_code=SF33-G2RM
[15:02:28] [CPA] [*] Device Flow: approve allow principal_id=(empty) ...
[15:02:29] [CPA] ✅ device/approve 已允许
[15:02:29] [CPA] [*] Device Flow: 轮询 access/refresh token ...
[15:02:29] [CPA] ✅ access_token (expires_in=21600s) + refresh_token
[15:02:29] [CPA] JWT bfs 检测: clean
[15:02:29] [CPA] 已写入 CPA 本地 /home/ubuntu/grok-register-panel/cpa_auth/xai-FrancoBashara4693_7@hotmail.com.json
[15:02:29] [CPA] 已上传 CPA 远程 http://127.0.0.1:18457/.../xai-FrancoBashara4693_7@hotmail.com.json
[15:02:29] [CPA] 已写入 Grok2API /home/ubuntu/grok-register-panel/grok2api_auth/g2a-FrancoBashara4693_7@hotmail.com.json
[15:02:29] [+] 注册成功: FrancoBashara4693+7@hotmail.com
[15:02:29] [结果] status=ok ip=204.143.92.234 port=3660 email=Fr***@hotmail.com kind=success bot=0 risk=- bfs=-
[15:02:29] [*] 当前统计: 成功 2 | 失败 1 || 注册成功 2 | 注册失败 1 | SSO成功 2 | SSO失败 0 | 早期跳过 0 | G2A成功 2 | G2A失败 0 | CPA成功 2 | CPA失败 0 | 风控通过 2 | 风控 0
[15:02:31] [*] 下一个账号前等待 480 秒...
[15:03:31] [*] 账号间隔等待中… 剩余 420s / 共 480s
[15:04:31] [*] 账号间隔等待中… 剩余 360s / 共 480s
[15:05:31] [*] 账号间隔等待中… 剩余 300s / 共 480s
[15:06:31] [*] 账号间隔等待中… 剩余 240s / 共 480s
[15:07:31] [*] 账号间隔等待中… 剩余 180s / 共 480s
[15:08:31] [*] 账号间隔等待中… 剩余 120s / 共 480s
[15:09:31] [*] 账号间隔等待中… 剩余 60s / 共 480s
[15:10:31] [*] 下号代理: socks5h://15.204.89.179:1178
[15:10:31] --- 开始第 4/2000 个账号 ---
[15:10:31] [*] 1. 打开注册页 (尝试 1/3)
[15:10:35] [static-cache] enabled dir=/home/ubuntu/grok-register-panel/log/static-asset-cache hits=334 misses=13 max_mb=1024
[15:10:35] [*] 出口IP=12.104.4.66 代理=socks5h://15.204.89.179:1178 | AS7018 | AT&T Enterprises, LLC | Boston
[15:10:35] [*] 指纹 os=windows platform=Win32 webgl=ANGLE (NVIDIA, NVIDIA GeForce GTX 480 Direct3D11 vs_5_0 ps_5_0), or similar fontsWin=True ua=Mozilla/5.0 (Windows NT 10.0; Win64; x64; rv:152.0) Gecko/20100101 Firef… leak=none
[15:10:35] [*] 浏览器已启动
[15:10:43] [*] 当前URL: https://accounts.x.ai/sign-up?redirect=grok-com
[15:10:47] [*] 已点击「使用邮箱注册」按钮（原生事件）: Sign up with email
[15:10:48] [*] 2. 创建邮箱并提交
[15:10:50] [*] 已创建邮箱: EbbieSins272968+7@hotmail.com
[15:10:59] [*] 已填写邮箱并提交: EbbieSins272968+7@hotmail.com (Sign up)
[15:10:59] [*] 邮箱: EbbieSins272968+7@hotmail.com
[15:10:59] [*] 3. 拉取验证码
[15:11:04] [*] Outlook RT 等待验证码… 剩余 174s 邮件 9 封
[15:11:10] [*] Outlook RT 已提取验证码并完成库存记账
[15:11:13] [*] 已填写验证码并提交: 691-281
[15:11:13] [*] 验证码后页面 step=profile path=/sign-up?redirect=grok-com cf=True buttons=['Grok', 'Complete sign up', 'Go back', 'Your privacy choices']
[15:11:13] [*] 验证码: 691-281
[15:11:13] [*] 4. 填写资料
[15:11:25] [*] 已点击资料提交: Gavin Guo
[15:11:25] [*] 提交后页面 step=profile path=/sign-up?redirect=grok-com hint=You are signing into Grok Complete your sign up EbbieSins272968+7@hotmail.com First name Last name Password Complete sign upGo back By conti
[15:11:31] [*] 提交后页面 step=unknown path=/account hint=((a,b,c,d,e,f,g,h)=>{let i=document.documentElement,j=["light","dark"];function k(b){var c;(Array.isArray(a)?a:[a]).forEach(a=>{let c="class
[15:11:32] [*] 提交后页面 step=unknown path=/account hint=SpaceXAI Toggle theme GG Welcome, Gavin. Manage your account. Account Security Sessions Data Return to Redirecting You are being redirected,
[15:11:35] [*] 提交后页面 step=probe-error path=https://accounts.x.ai/account hint=Page.evaluate: Execution context was destroyed, most likely because of a navigation
[15:11:37] [*] 提交后页面 step=unknown path=/ hint=Skip to main content
[15:11:37] [*] 资料已填: Gavin Guo
[15:11:37] [*] registered_emails 已更新: EbbieSins272968+7@hotmail.com sso=empty
[15:11:37] [*] 5. 等待 sso cookie
[15:11:37] [*] 等待 sso 中... 已等 0s，剩余 29s | url=https://grok.com/
[15:11:37] [*] 已获取到 sso cookie
[15:11:38] [*] registered_emails 已更新: EbbieSins272968+7@hotmail.com sso=yes
[15:11:38] [*] grok2api Web SSO 上传尝试 1/3
[15:11:38] [*] grok2api 远端上传：登录管理后台（直连，不走代理）
[15:11:38] [+] grok2api 远端登录成功
[15:11:38] [*] grok2api 远端上传：调用 Web SSO 导入接口（直连）
[15:11:38] 【推送Grok2API 成功】
[15:11:38] [+] 已上传 Web SSO: 新增=1, 更新=0, 同步=1, 失败=0
[15:11:38] [*] grok2api Console SSO 上传尝试 1/3
[15:11:38] [*] grok2api 远端上传：登录管理后台（直连，不走代理）
[15:11:38] [+] grok2api 远端登录成功
[15:11:38] [*] grok2api 远端上传：调用 Console SSO 导入接口（直连）
[15:11:39] 【推送Grok2API 成功】
[15:11:39] [+] 已上传 Console SSO: 新增=1, 更新=0, 同步=1, 失败=0
[15:11:39] [风控] 检查新账号注册风控状态 ...
[15:11:40] [风控] ✅ 注册风控状态可用: botFlagSource=0
[15:11:40] [风控] 注册风控状态可用: botFlagSource=0
[15:11:40] [CPA] SSO → 协议 Device Flow 换 token (proxy=socks5h://15.204.89.179:1178) ...
[15:11:40] [CPA] [*] 尝试协议 Device Flow 换 token ...
[15:11:42] [CPA] ✅ sso 有效（协议路径）
[15:11:42] [CPA] 🔑 Device Flow: 申请 device_code / user_code ...
[15:11:44] [CPA] [*] user_code=95FC-KGMZ interval=5s expires_in=1800s
[15:11:44] [CPA] [*] Device Flow: verify user_code ...
[15:11:45] [CPA] ✅ device/verify OK → https://accounts.x.ai/oauth2/device/consent?user_code=95FC-KGMZ
[15:11:45] [CPA] [*] Device Flow: approve allow principal_id=(empty) ...
[15:11:45] [CPA] ✅ device/approve 已允许
[15:11:45] [CPA] [*] Device Flow: 轮询 access/refresh token ...
[15:11:45] [CPA] ✅ access_token (expires_in=21600s) + refresh_token
[15:11:45] [CPA] JWT bfs 检测: clean
[15:11:45] [CPA] 已写入 CPA 本地 /home/ubuntu/grok-register-panel/cpa_auth/xai-EbbieSins272968_7@hotmail.com.json
[15:11:46] [CPA] 已上传 CPA 远程 http://127.0.0.1:18457/.../xai-EbbieSins272968_7@hotmail.com.json
[15:11:46] [CPA] 已写入 Grok2API /home/ubuntu/grok-register-panel/grok2api_auth/g2a-EbbieSins272968_7@hotmail.com.json
[15:11:46] [+] 注册成功: EbbieSins272968+7@hotmail.com
[15:11:46] [结果] status=ok ip=12.104.4.66 port=1178 email=Eb***@hotmail.com kind=success bot=0 risk=- bfs=-
[15:11:46] [*] 当前统计: 成功 3 | 失败 1 || 注册成功 3 | 注册失败 1 | SSO成功 3 | SSO失败 0 | 早期跳过 0 | G2A成功 3 | G2A失败 0 | CPA成功 3 | CPA失败 0 | 风控通过 3 | 风控 0
[15:11:47] [*] 下一个账号前等待 480 秒...
[15:12:47] [*] 账号间隔等待中… 剩余 420s / 共 480s
[15:13:47] [*] 账号间隔等待中… 剩余 360s / 共 480s
[15:14:47] [*] 账号间隔等待中… 剩余 300s / 共 480s
[15:15:47] [*] 账号间隔等待中… 剩余 240s / 共 480s
[15:16:47] [*] 账号间隔等待中… 剩余 180s / 共 480s
[15:17:47] [*] 账号间隔等待中… 剩余 120s / 共 480s
[15:18:47] [*] 账号间隔等待中… 剩余 60s / 共 480s
[15:19:47] [*] 下号代理: socks5h://109.166.36.243:1092
[15:19:47] --- 开始第 5/2000 个账号 ---
[15:19:47] [*] 1. 打开注册页 (尝试 1/3)
[15:19:53] [static-cache] enabled dir=/home/ubuntu/grok-register-panel/log/static-asset-cache hits=564 misses=26 max_mb=1024
[15:19:53] [*] 出口IP=142.249.204.224 代理=socks5h://109.166.36.243:1092 | AS45691 | DODO-CORE - DODO K.K. | Tokyo
[15:19:53] [*] 指纹 os=windows platform=Win32 webgl=ANGLE (NVIDIA, NVIDIA GeForce GTX 980 Direct3D11 vs_5_0 ps_5_0), or similar fontsWin=True ua=Mozilla/5.0 (Windows NT 10.0; Win64; x64; rv:152.0) Gecko/20100101 Firef… leak=none
[15:19:53] [*] 浏览器已启动
[15:19:59] [*] 当前URL: https://accounts.x.ai/sign-up?redirect=grok-com
[15:20:03] [*] 已点击「使用邮箱注册」按钮（原生事件）: Sign up with email
[15:20:04] [*] 2. 创建邮箱并提交
[15:20:07] [*] 已创建邮箱: HershelJakubik4268+8@hotmail.com
[15:20:16] [*] 已填写邮箱并提交: HershelJakubik4268+8@hotmail.com (Sign up)
[15:20:16] [*] 邮箱: HershelJakubik4268+8@hotmail.com
[15:20:16] [*] 3. 拉取验证码
[15:20:22] [*] Outlook RT 已提取验证码并完成库存记账
[15:20:26] [*] 已填写验证码并提交: 330-703
[15:20:26] [*] 验证码后页面 step=profile path=/sign-up?redirect=grok-com cf=True buttons=['Grok', 'Complete sign up', 'Go back', 'Your privacy choices']
[15:20:26] [*] 验证码: 330-703
[15:20:26] [*] 4. 填写资料
[15:20:40] [*] 已点击资料提交: Nathan Kang
[15:20:40] [*] 提交后页面 step=profile path=/sign-up?redirect=grok-com hint=You are signing into Grok Complete your sign up HershelJakubik4268+8@hotmail.com First name Last name Password Complete sign upGo back By co
[15:20:49] [*] 提交后页面 step=unknown path=/account hint=((a,b,c,d,e,f,g,h)=>{let i=document.documentElement,j=["light","dark"];function k(b){var c;(Array.isArray(a)?a:[a]).forEach(a=>{let c="class
[15:20:49] [*] 提交后页面 step=unknown path=/account hint=SpaceXAI Toggle theme NK Welcome, Nathan. Manage your account. Account Security Sessions Data Return to Redirecting You are being redirected
[15:20:52] [*] 资料已填: Nathan Kang
[15:20:53] [*] registered_emails 已更新: HershelJakubik4268+8@hotmail.com sso=empty
[15:20:53] [*] 5. 等待 sso cookie
[15:20:53] [*] 等待 sso 中... 已等 0s，剩余 29s | url=https://accounts.x.ai/account
[15:20:53] [*] 已获取到 sso cookie
[15:20:53] [*] registered_emails 已更新: HershelJakubik4268+8@hotmail.com sso=yes
[15:20:53] [*] grok2api Web SSO 上传尝试 1/3
[15:20:53] [*] grok2api 远端上传：登录管理后台（直连，不走代理）
[15:20:53] [+] grok2api 远端登录成功
[15:20:53] [*] grok2api 远端上传：调用 Web SSO 导入接口（直连）
[15:20:54] 【推送Grok2API 成功】
[15:20:54] [+] 已上传 Web SSO: 新增=1, 更新=0, 同步=1, 失败=0
[15:20:54] [*] grok2api Console SSO 上传尝试 1/3
[15:20:54] [*] grok2api 远端上传：登录管理后台（直连，不走代理）
[15:20:54] [+] grok2api 远端登录成功
[15:20:54] [*] grok2api 远端上传：调用 Console SSO 导入接口（直连）
[15:20:55] 【推送Grok2API 成功】
[15:20:55] [+] 已上传 Console SSO: 新增=1, 更新=0, 同步=1, 失败=0
[15:20:55] [风控] 检查新账号注册风控状态 ...
[15:20:58] [风控] ✅ 注册风控状态可用: botFlagSource=0
[15:20:58] [风控] 注册风控状态可用: botFlagSource=0
[15:20:58] [CPA] SSO → 协议 Device Flow 换 token (proxy=socks5h://109.166.36.243:1092) ...
[15:20:58] [CPA] [*] 尝试协议 Device Flow 换 token ...
[15:20:59] [CPA] ✅ sso 有效（协议路径）
[15:20:59] [CPA] 🔑 Device Flow: 申请 device_code / user_code ...
[15:21:00] [CPA] [*] user_code=25TM-YNF8 interval=5s expires_in=1800s
[15:21:00] [CPA] [*] Device Flow: verify user_code ...
[15:21:01] [CPA] ✅ device/verify OK → https://accounts.x.ai/oauth2/device/consent?user_code=25TM-YNF8
[15:21:01] [CPA] [*] Device Flow: approve allow principal_id=(empty) ...
[15:21:02] [CPA] ✅ device/approve 已允许
[15:21:02] [CPA] [*] Device Flow: 轮询 access/refresh token ...
[15:21:02] [CPA] ✅ access_token (expires_in=21600s) + refresh_token
[15:21:02] [CPA] JWT bfs 检测: clean
[15:21:02] [CPA] 已写入 CPA 本地 /home/ubuntu/grok-register-panel/cpa_auth/xai-HershelJakubik4268_8@hotmail.com.json
[15:21:02] [CPA] 已上传 CPA 远程 http://127.0.0.1:18457/.../xai-HershelJakubik4268_8@hotmail.com.json
[15:21:02] [CPA] 已写入 Grok2API /home/ubuntu/grok-register-panel/grok2api_auth/g2a-HershelJakubik4268_8@hotmail.com.json
[15:21:02] [+] 注册成功: HershelJakubik4268+8@hotmail.com
[15:21:02] [结果] status=ok ip=142.249.204.224 port=1092 email=He***@hotmail.com kind=success bot=0 risk=- bfs=-
[15:21:02] [*] 当前统计: 成功 4 | 失败 1 || 注册成功 4 | 注册失败 1 | SSO成功 4 | SSO失败 0 | 早期跳过 0 | G2A成功 4 | G2A失败 0 | CPA成功 4 | CPA失败 0 | 风控通过 4 | 风控 0
[15:21:04] [*] 下一个账号前等待 480 秒...
[15:22:04] [*] 账号间隔等待中… 剩余 420s / 共 480s
[15:23:04] [*] 账号间隔等待中… 剩余 360s / 共 480s
[15:24:04] [*] 账号间隔等待中… 剩余 300s / 共 480s
[15:25:04] [*] 账号间隔等待中… 剩余 240s / 共 480s
[15:26:04] [*] 账号间隔等待中… 剩余 180s / 共 480s
[15:27:04] [*] 账号间隔等待中… 剩余 120s / 共 480s
[15:28:04] [*] 账号间隔等待中… 剩余 60s / 共 480s
[15:29:04] [*] 下号代理: socks5h://15.204.89.179:1191
[15:29:04] --- 开始第 6/2000 个账号 ---
[15:29:04] [*] 1. 打开注册页 (尝试 1/3)
[15:29:08] [static-cache] enabled dir=/home/ubuntu/grok-register-panel/log/static-asset-cache hits=667 misses=26 max_mb=1024
[15:29:08] [*] 出口IP=12.104.4.97 代理=socks5h://15.204.89.179:1191 | AS7018 | AT&T Enterprises, LLC | Boston
[15:29:08] [*] 指纹 os=windows platform=Win32 webgl=ANGLE (NVIDIA, NVIDIA GeForce GTX 980 Direct3D11 vs_5_0 ps_5_0), or similar fontsWin=True ua=Mozilla/5.0 (Windows NT 10.0; Win64; x64; rv:152.0) Gecko/20100101 Firef… leak=none
[15:29:08] [*] 浏览器已启动
[15:29:16] [*] 当前URL: https://accounts.x.ai/sign-up?redirect=grok-com
[15:29:21] [*] 已点击「使用邮箱注册」按钮（原生事件）: Sign up with email
[15:29:22] [*] 2. 创建邮箱并提交
[15:29:25] [*] 已创建邮箱: OraliaChippendale12242+7@hotmail.com
[15:29:34] [*] 已填写邮箱并提交: OraliaChippendale12242+7@hotmail.com (Sign up)
[15:29:34] [*] 邮箱: OraliaChippendale12242+7@hotmail.com
[15:29:34] [*] 3. 拉取验证码
[15:29:40] [*] Outlook RT 等待验证码… 剩余 174s 邮件 8 封
[15:29:45] [*] Outlook RT 已提取验证码并完成库存记账
[15:29:50] [*] 已填写验证码并提交: 791-601
[15:29:50] [*] 验证码后页面 step=profile path=/sign-up?redirect=grok-com cf=True buttons=['Grok', 'Complete sign up', 'Go back', 'Your privacy choices']
[15:29:50] [*] 验证码: 791-601
[15:29:50] [*] 4. 填写资料
[15:30:06] [*] 已点击资料提交: Nolan Fan
[15:30:06] [*] 提交后页面 step=profile path=/sign-up?redirect=grok-com hint=You are signing into Grok Complete your sign up OraliaChippendale12242+7@hotmail.com First name Last name Password Complete sign upGo back B
[15:30:14] [*] 提交后页面 step=probe-error path=https://accounts.x.ai/sign-up?redirect=grok-com hint=Page.evaluate: Execution context was destroyed, most likely because of a navigation
[15:30:15] [*] 提交后页面 step=unknown path=/account hint=((a,b,c,d,e,f,g,h)=>{let i=document.documentElement,j=["light","dark"];function k(b){var c;(Array.isArray(a)?a:[a]).forEach(a=>{let c="class
[15:30:15] [*] 提交后页面 step=unknown path=/account hint=SpaceXAI Toggle theme NF Welcome, Nolan. Manage your account. Account Security Sessions Data Return to Redirecting You are being redirected,
[15:30:19] [*] 资料已填: Nolan Fan
[15:30:19] [*] registered_emails 已更新: OraliaChippendale12242+7@hotmail.com sso=empty
[15:30:19] [*] 5. 等待 sso cookie
[15:30:19] [*] 等待 sso 中... 已等 0s，剩余 29s | url=https://accounts.x.ai/account
[15:30:19] [*] 已获取到 sso cookie
[15:30:19] [*] registered_emails 已更新: OraliaChippendale12242+7@hotmail.com sso=yes
[15:30:19] [*] grok2api Web SSO 上传尝试 1/3
[15:30:19] [*] grok2api 远端上传：登录管理后台（直连，不走代理）
[15:30:19] [+] grok2api 远端登录成功
[15:30:19] [*] grok2api 远端上传：调用 Web SSO 导入接口（直连）
[15:30:20] 【推送Grok2API 成功】
[15:30:20] [+] 已上传 Web SSO: 新增=1, 更新=0, 同步=1, 失败=0
[15:30:20] [*] grok2api Console SSO 上传尝试 1/3
[15:30:20] [*] grok2api 远端上传：登录管理后台（直连，不走代理）
[15:30:20] [+] grok2api 远端登录成功
[15:30:20] [*] grok2api 远端上传：调用 Console SSO 导入接口（直连）
[15:30:21] 【推送Grok2API 成功】
[15:30:21] [+] 已上传 Console SSO: 新增=1, 更新=0, 同步=1, 失败=0
[15:30:21] [风控] 检查新账号注册风控状态 ...
[15:30:22] [风控] ✅ 注册风控状态可用: botFlagSource=0
[15:30:22] [风控] 注册风控状态可用: botFlagSource=0
[15:30:22] [CPA] SSO → 协议 Device Flow 换 token (proxy=socks5h://15.204.89.179:1191) ...
[15:30:22] [CPA] [*] 尝试协议 Device Flow 换 token ...
[15:30:23] [CPA] ✅ sso 有效（协议路径）
[15:30:23] [CPA] 🔑 Device Flow: 申请 device_code / user_code ...
[15:30:25] [CPA] [*] user_code=KBAB-Y2YH interval=5s expires_in=1800s
[15:30:25] [CPA] [*] Device Flow: verify user_code ...
[15:30:26] [CPA] ✅ device/verify OK → https://accounts.x.ai/oauth2/device/consent?user_code=KBAB-Y2YH
[15:30:26] [CPA] [*] Device Flow: approve allow principal_id=(empty) ...
[15:30:26] [CPA] ✅ device/approve 已允许
[15:30:26] [CPA] [*] Device Flow: 轮询 access/refresh token ...
[15:30:27] [CPA] ✅ access_token (expires_in=21600s) + refresh_token
[15:30:27] [CPA] JWT bfs 检测: clean
[15:30:27] [CPA] 已写入 CPA 本地 /home/ubuntu/grok-register-panel/cpa_auth/xai-OraliaChippendale12242_7@hotmail.com.json
[15:30:27] [CPA] 已上传 CPA 远程 http://127.0.0.1:18457/.../xai-OraliaChippendale12242_7@hotmail.com.json
[15:30:27] [CPA] 已写入 Grok2API /home/ubuntu/grok-register-panel/grok2api_auth/g2a-OraliaChippendale12242_7@hotmail.com.json
[15:30:27] [+] 注册成功: OraliaChippendale12242+7@hotmail.com
[15:30:27] [结果] status=ok ip=12.104.4.97 port=1191 email=Or***@hotmail.com kind=success bot=0 risk=- bfs=-
[15:30:27] [*] 当前统计: 成功 5 | 失败 1 || 注册成功 5 | 注册失败 1 | SSO成功 5 | SSO失败 0 | 早期跳过 0 | G2A成功 5 | G2A失败 0 | CPA成功 5 | CPA失败 0 | 风控通过 5 | 风控 0
[15:30:27] [*] 已成功 5 个账号，执行定期清理: 关闭浏览器并清理内存
[15:30:28] [*] Python GC 已回收对象数: 14599
[15:30:28] [*] 下一个账号前等待 480 秒...
[15:31:28] [*] 账号间隔等待中… 剩余 420s / 共 480s
[15:32:28] [*] 账号间隔等待中… 剩余 360s / 共 480s
[15:33:28] [*] 账号间隔等待中… 剩余 300s / 共 480s
[15:34:28] [*] 账号间隔等待中… 剩余 240s / 共 480s
[15:35:28] [*] 账号间隔等待中… 剩余 180s / 共 480s
[15:36:28] [*] 账号间隔等待中… 剩余 120s / 共 480s
[15:37:28] [*] 账号间隔等待中… 剩余 60s / 共 480s
[15:38:28] [*] 下号代理: socks5h://109.166.36.243:1091
[15:38:28] --- 开始第 7/2000 个账号 ---
[15:38:28] [*] 1. 打开注册页 (尝试 1/3)
[15:38:33] [static-cache] enabled dir=/home/ubuntu/grok-register-panel/log/static-asset-cache hits=770 misses=26 max_mb=1024
[15:38:33] [*] 出口IP=142.249.204.75 代理=socks5h://109.166.36.243:1091 | AS45691 | DODO-CORE - DODO K.K. | Tokyo
[15:38:33] [*] 指纹 os=windows platform=Win32 webgl=ANGLE (Intel, Intel(R) HD Graphics Direct3D11 vs_5_0 ps_5_0), or similar fontsWin=True ua=Mozilla/5.0 (Windows NT 10.0; Win64; x64; rv:152.0) Gecko/20100101 Firef… leak=none
[15:38:33] [*] 浏览器已启动
[15:38:40] [*] 当前URL: https://accounts.x.ai/sign-up?redirect=grok-com
[15:38:44] [*] 已点击「使用邮箱注册」按钮（原生事件）: Sign up with email
[15:38:44] [*] 2. 创建邮箱并提交
[15:38:47] [*] 已创建邮箱: OrrieBurkeen4805+7@hotmail.com
[15:38:56] [*] 已填写邮箱并提交: OrrieBurkeen4805+7@hotmail.com (Sign up)
[15:38:56] [*] 邮箱: OrrieBurkeen4805+7@hotmail.com
[15:38:56] [*] 3. 拉取验证码
[15:39:02] [*] Outlook RT 等待验证码… 剩余 173s 邮件 9 封
[15:39:08] [*] Outlook RT 已提取验证码并完成库存记账
[15:39:11] [*] 已填写验证码并提交: 179-274
[15:39:11] [*] 验证码后页面 step=profile path=/sign-up?redirect=grok-com cf=True buttons=['Grok', 'Complete sign up', 'Go back', 'Your privacy choices']
[15:39:11] [*] 验证码: 179-274
[15:39:11] [*] 4. 填写资料
[15:39:25] [*] 已点击资料提交: Quinn Han
[15:39:25] [*] 提交后页面 step=profile path=/sign-up?redirect=grok-com hint=You are signing into Grok Complete your sign up OrrieBurkeen4805+7@hotmail.com First name Last name Password Complete sign upGo back By cont
[15:39:33] [*] 提交后页面 step=unknown path=/account hint=((a,b,c,d,e,f,g,h)=>{let i=document.documentElement,j=["light","dark"];function k(b){var c;(Array.isArray(a)?a:[a]).forEach(a=>{let c="class
[15:39:33] [*] 提交后页面 step=unknown path=/account hint=SpaceXAI Toggle theme QH Welcome, Quinn. Manage your account. Account Security Sessions Data Return to Redirecting You are being redirected,
[15:39:37] [*] 资料已填: Quinn Han
[15:39:37] [*] registered_emails 已更新: OrrieBurkeen4805+7@hotmail.com sso=empty
[15:39:37] [*] 5. 等待 sso cookie
[15:39:37] [*] 等待 sso 中... 已等 0s，剩余 29s | url=https://accounts.x.ai/account
[15:39:37] [*] 已获取到 sso cookie
[15:39:37] [*] registered_emails 已更新: OrrieBurkeen4805+7@hotmail.com sso=yes
[15:39:37] [*] grok2api Web SSO 上传尝试 1/3
[15:39:37] [*] grok2api 远端上传：登录管理后台（直连，不走代理）
[15:39:37] [+] grok2api 远端登录成功
[15:39:37] [*] grok2api 远端上传：调用 Web SSO 导入接口（直连）
[15:39:38] 【推送Grok2API 成功】
[15:39:38] [+] 已上传 Web SSO: 新增=1, 更新=0, 同步=1, 失败=0
[15:39:38] [*] grok2api Console SSO 上传尝试 1/3
[15:39:38] [*] grok2api 远端上传：登录管理后台（直连，不走代理）
[15:39:38] [+] grok2api 远端登录成功
[15:39:38] [*] grok2api 远端上传：调用 Console SSO 导入接口（直连）
[15:39:39] 【推送Grok2API 成功】
[15:39:39] [+] 已上传 Console SSO: 新增=1, 更新=0, 同步=1, 失败=0
[15:39:39] [风控] 检查新账号注册风控状态 ...
[15:39:41] [风控] ✅ 注册风控状态可用: botFlagSource=0
[15:39:41] [风控] 注册风控状态可用: botFlagSource=0
[15:39:41] [CPA] SSO → 协议 Device Flow 换 token (proxy=socks5h://109.166.36.243:1091) ...
[15:39:41] [CPA] [*] 尝试协议 Device Flow 换 token ...
[15:39:42] [CPA] ✅ sso 有效（协议路径）
[15:39:42] [CPA] 🔑 Device Flow: 申请 device_code / user_code ...
[15:39:43] [CPA] [*] user_code=C6NS-377S interval=5s expires_in=1800s
[15:39:44] [CPA] [*] Device Flow: verify user_code ...
[15:39:45] [CPA] ✅ device/verify OK → https://accounts.x.ai/oauth2/device/consent?user_code=C6NS-377S
[15:39:45] [CPA] [*] Device Flow: approve allow principal_id=(empty) ...
[15:39:45] [CPA] ✅ device/approve 已允许
[15:39:45] [CPA] [*] Device Flow: 轮询 access/refresh token ...
[15:39:46] [CPA] ✅ access_token (expires_in=21600s) + refresh_token
[15:39:46] [CPA] JWT bfs 检测: clean
[15:39:46] [CPA] 已写入 CPA 本地 /home/ubuntu/grok-register-panel/cpa_auth/xai-OrrieBurkeen4805_7@hotmail.com.json
[15:39:46] [CPA] 已上传 CPA 远程 http://127.0.0.1:18457/.../xai-OrrieBurkeen4805_7@hotmail.com.json
[15:39:46] [CPA] 已写入 Grok2API /home/ubuntu/grok-register-panel/grok2api_auth/g2a-OrrieBurkeen4805_7@hotmail.com.json
[15:39:46] [+] 注册成功: OrrieBurkeen4805+7@hotmail.com
[15:39:46] [结果] status=ok ip=142.249.204.75 port=1091 email=Or***@hotmail.com kind=success bot=0 risk=- bfs=-
[15:39:46] [*] 当前统计: 成功 6 | 失败 1 || 注册成功 6 | 注册失败 1 | SSO成功 6 | SSO失败 0 | 早期跳过 0 | G2A成功 6 | G2A失败 0 | CPA成功 6 | CPA失败 0 | 风控通过 6 | 风控 0
[15:39:48] [*] 下一个账号前等待 480 秒...
[15:40:48] [*] 账号间隔等待中… 剩余 420s / 共 480s
[15:41:48] [*] 账号间隔等待中… 剩余 360s / 共 480s
[15:42:48] [*] 账号间隔等待中… 剩余 300s / 共 480s
[15:43:48] [*] 账号间隔等待中… 剩余 240s / 共 480s
[15:44:48] [*] 账号间隔等待中… 剩余 180s / 共 480s
[15:45:48] [*] 账号间隔等待中… 剩余 120s / 共 480s
[15:46:48] [*] 账号间隔等待中… 剩余 60s / 共 480s
[15:47:48] [*] 下号代理: socks5h://204.143.92.234:3660
[15:47:48] --- 开始第 8/2000 个账号 ---
[15:47:48] [*] 1. 打开注册页 (尝试 1/3)
[15:47:52] [static-cache] enabled dir=/home/ubuntu/grok-register-panel/log/static-asset-cache hits=873 misses=26 max_mb=1024
[15:47:52] [*] 出口IP=204.143.92.234 代理=socks5h://204.143.92.234:3660 | AS2914 | NTT America, Inc. | Los Angeles
[15:47:52] [*] 指纹 os=windows platform=Win32 webgl=ANGLE (Intel, Intel(R) HD Graphics Direct3D11 vs_5_0 ps_5_0), or similar fontsWin=True ua=Mozilla/5.0 (Windows NT 10.0; Win64; x64; rv:152.0) Gecko/20100101 Firef… leak=none
[15:47:52] [*] 浏览器已启动
[15:47:56] [*] 当前URL: https://accounts.x.ai/sign-up?redirect=grok-com
[15:48:00] [*] 已点击「使用邮箱注册」按钮（原生事件）: Sign up with email
[15:48:01] [*] 2. 创建邮箱并提交
[15:48:03] [*] 已创建邮箱: AnabellaBarin3996+7@hotmail.com
[15:48:14] [*] 已填写邮箱并提交: AnabellaBarin3996+7@hotmail.com (Sign up)
[15:48:14] [*] 邮箱: AnabellaBarin3996+7@hotmail.com
[15:48:14] [*] 3. 拉取验证码
[15:48:17] [*] Outlook RT 等待验证码… 剩余 177s 邮件 8 封
[15:48:20] [*] Outlook RT 已提取验证码并完成库存记账
[15:48:29] [*] 已填写验证码并提交: 946-535
[15:48:29] [*] 验证码后页面 step=profile path=/sign-up?redirect=grok-com cf=True buttons=['Grok', 'Complete sign up', 'Go back', 'Your privacy choices', 'Close', 'Cookies Settings', 'Accept All Cookies']
[15:48:29] [*] 验证码: 946-535
[15:48:29] [*] 4. 填写资料
[15:48:44] [*] 已点击资料提交: Miles Bai
[15:48:44] [*] 提交后页面 step=profile path=/sign-up?redirect=grok-com hint=You are signing into Grok Complete your sign up AnabellaBarin3996+7@hotmail.com First name Last name Password Complete sign upGo back By con
[15:48:50] [*] 提交后页面 step=unknown path=/account hint=((a,b,c,d,e,f,g,h)=>{let i=document.documentElement,j=["light","dark"];function k(b){var c;(Array.isArray(a)?a:[a]).forEach(a=>{let c="class
[15:48:50] [*] 提交后页面 step=unknown path=/account hint=SpaceXAI Toggle theme MB Welcome, Miles. Manage your account. Account Security Sessions Data Return to Redirecting You are being redirected,
[15:48:55] [*] 资料已填: Miles Bai
[15:48:55] [*] registered_emails 已更新: AnabellaBarin3996+7@hotmail.com sso=empty
[15:48:55] [*] 5. 等待 sso cookie
[15:48:55] [*] 等待 sso 中... 已等 0s，剩余 29s | url=https://grok.com/
[15:48:56] [*] 已获取到 sso cookie
[15:48:56] [*] registered_emails 已更新: AnabellaBarin3996+7@hotmail.com sso=yes
[15:48:56] [*] grok2api Web SSO 上传尝试 1/3
[15:48:56] [*] grok2api 远端上传：登录管理后台（直连，不走代理）
[15:48:56] [+] grok2api 远端登录成功
[15:48:56] [*] grok2api 远端上传：调用 Web SSO 导入接口（直连）
[15:48:57] 【推送Grok2API 成功】
[15:48:57] [+] 已上传 Web SSO: 新增=1, 更新=0, 同步=1, 失败=0
[15:48:57] [*] grok2api Console SSO 上传尝试 1/3
[15:48:57] [*] grok2api 远端上传：登录管理后台（直连，不走代理）
[15:48:57] [+] grok2api 远端登录成功
[15:48:57] [*] grok2api 远端上传：调用 Console SSO 导入接口（直连）
[15:48:58] 【推送Grok2API 成功】
[15:48:58] [+] 已上传 Console SSO: 新增=1, 更新=0, 同步=1, 失败=0
[15:48:58] [风控] 检查新账号注册风控状态 ...
[15:48:59] [风控] ✅ 注册风控状态可用: botFlagSource=0
[15:48:59] [风控] 注册风控状态可用: botFlagSource=0
[15:48:59] [CPA] SSO → 协议 Device Flow 换 token (proxy=socks5h://204.143.92.234:3660) ...
[15:48:59] [CPA] [*] 尝试协议 Device Flow 换 token ...
[15:48:59] [CPA] ✅ sso 有效（协议路径）
[15:48:59] [CPA] 🔑 Device Flow: 申请 device_code / user_code ...
[15:48:59] [CPA] [*] user_code=QAJS-X49Z interval=5s expires_in=1800s
[15:49:00] [CPA] [*] Device Flow: verify user_code ...
[15:49:00] [CPA] ✅ device/verify OK → https://accounts.x.ai/oauth2/device/consent?user_code=QAJS-X49Z
[15:49:00] [CPA] [*] Device Flow: approve allow principal_id=(empty) ...
[15:49:01] [CPA] ✅ device/approve 已允许
[15:49:01] [CPA] [*] Device Flow: 轮询 access/refresh token ...
[15:49:01] [CPA] ✅ access_token (expires_in=21600s) + refresh_token
[15:49:01] [CPA] JWT bfs 检测: clean
[15:49:01] [CPA] 已写入 CPA 本地 /home/ubuntu/grok-register-panel/cpa_auth/xai-AnabellaBarin3996_7@hotmail.com.json
[15:49:01] [CPA] 已上传 CPA 远程 http://127.0.0.1:18457/.../xai-AnabellaBarin3996_7@hotmail.com.json
[15:49:01] [CPA] 已写入 Grok2API /home/ubuntu/grok-register-panel/grok2api_auth/g2a-AnabellaBarin3996_7@hotmail.com.json
[15:49:01] [+] 注册成功: AnabellaBarin3996+7@hotmail.com
[15:49:01] [结果] status=ok ip=204.143.92.234 port=3660 email=An***@hotmail.com kind=success bot=0 risk=- bfs=-
[15:49:01] [*] 当前统计: 成功 7 | 失败 1 || 注册成功 7 | 注册失败 1 | SSO成功 7 | SSO失败 0 | 早期跳过 0 | G2A成功 7 | G2A失败 0 | CPA成功 7 | CPA失败 0 | 风控通过 7 | 风控 0
[15:49:02] [*] 下一个账号前等待 480 秒...
[15:50:02] [*] 账号间隔等待中… 剩余 420s / 共 480s
[15:51:02] [*] 账号间隔等待中… 剩余 360s / 共 480s
[15:52:02] [*] 账号间隔等待中… 剩余 300s / 共 480s
[15:53:02] [*] 账号间隔等待中… 剩余 240s / 共 480s
[15:54:02] [*] 账号间隔等待中… 剩余 180s / 共 480s
[15:55:02] [*] 账号间隔等待中… 剩余 120s / 共 480s
[15:56:02] [*] 账号间隔等待中… 剩余 60s / 共 480s
[15:57:02] [*] 下号代理: socks5h://15.204.89.179:1178
[15:57:02] --- 开始第 9/2000 个账号 ---
[15:57:02] [*] 1. 打开注册页 (尝试 1/3)
[15:57:07] [static-cache] enabled dir=/home/ubuntu/grok-register-panel/log/static-asset-cache hits=1103 misses=40 max_mb=1024
[15:57:07] [*] 出口IP=12.104.4.66 代理=socks5h://15.204.89.179:1178 | AS7018 | AT&T Enterprises, LLC | Boston
[15:57:07] [*] 指纹 os=windows platform=Win32 webgl=ANGLE (NVIDIA, NVIDIA GeForce GTX 980 Direct3D11 vs_5_0 ps_5_0), or similar fontsWin=True ua=Mozilla/5.0 (Windows NT 10.0; Win64; x64; rv:152.0) Gecko/20100101 Firef… leak=none
[15:57:07] [*] 浏览器已启动
[15:57:14] [*] 当前URL: https://accounts.x.ai/sign-up?redirect=grok-com
[15:57:18] [*] 已点击「使用邮箱注册」按钮（原生事件）: Sign up with email
[15:57:19] [*] 2. 创建邮箱并提交
[15:57:22] [*] 已创建邮箱: EarnestineAlevizos8120+7@hotmail.com
[15:57:31] [*] 已填写邮箱并提交: EarnestineAlevizos8120+7@hotmail.com (Sign up)
[15:57:31] [*] 邮箱: EarnestineAlevizos8120+7@hotmail.com
[15:57:31] [*] 3. 拉取验证码
[15:57:36] [*] Outlook RT 已提取验证码并完成库存记账
[15:57:39] [*] 已填写验证码并提交: 795-739
[15:57:39] [*] 验证码后页面 step=profile path=/sign-up?redirect=grok-com cf=True buttons=['Grok', 'Complete sign up', 'Go back', 'Your privacy choices']
[15:57:39] [*] 验证码: 795-739
[15:57:39] [*] 4. 填写资料
[15:57:51] [*] 等待 Cloudflare 人机验证通过后再提交... 当前token长度=0
[15:57:54] [*] 提交前仍卡住，自动再次复用 Turnstile...
[15:57:54] [*] 尝试点击 Turnstile...
[15:57:55] [*] 已点击 Turnstile frame body (24, 32)
[15:58:00] [*] Turnstile 已通过，token长度=709
[15:58:00] [*] Turnstile 二次复用完成，回填长度=709
[15:58:03] [*] 已点击资料提交: Ivan Gao
[15:58:03] [*] 提交后页面 step=profile path=/sign-up?redirect=grok-com hint=You are signing into Grok Complete your sign up EarnestineAlevizos8120+7@hotmail.com First name Last name Password Complete sign upGo back B
[15:58:09] [*] 提交后页面 step=unknown path=/account hint=((a,b,c,d,e,f,g,h)=>{let i=document.documentElement,j=["light","dark"];function k(b){var c;(Array.isArray(a)?a:[a]).forEach(a=>{let c="class
[15:58:10] [*] 提交后页面 step=unknown path=/account hint=SpaceXAI Toggle theme IG Welcome, Ivan. Manage your account. Account Security Sessions Data Return to Redirecting You are being redirected, 
[15:58:13] [*] 提交后页面 step=probe-error path=https://accounts.x.ai/account hint=Page.evaluate: Execution context was destroyed, most likely because of a navigation
[15:58:16] [*] 资料已填: Ivan Gao
[15:58:16] [*] registered_emails 已更新: EarnestineAlevizos8120+7@hotmail.com sso=empty
[15:58:16] [*] 5. 等待 sso cookie
[15:58:16] [*] 等待 sso 中... 已等 0s，剩余 29s | url=https://accounts.x.ai/account
[15:58:16] [*] 已获取到 sso cookie
[15:58:16] [*] registered_emails 已更新: EarnestineAlevizos8120+7@hotmail.com sso=yes
[15:58:16] [*] grok2api Web SSO 上传尝试 1/3
[15:58:16] [*] grok2api 远端上传：登录管理后台（直连，不走代理）
[15:58:16] [+] grok2api 远端登录成功
[15:58:16] [*] grok2api 远端上传：调用 Web SSO 导入接口（直连）
[15:58:17] 【推送Grok2API 成功】
[15:58:17] [+] 已上传 Web SSO: 新增=1, 更新=0, 同步=1, 失败=0
[15:58:17] [*] grok2api Console SSO 上传尝试 1/3
[15:58:17] [*] grok2api 远端上传：登录管理后台（直连，不走代理）
[15:58:17] [+] grok2api 远端登录成功
[15:58:17] [*] grok2api 远端上传：调用 Console SSO 导入接口（直连）
[15:58:18] 【推送Grok2API 成功】
[15:58:18] [+] 已上传 Console SSO: 新增=1, 更新=0, 同步=1, 失败=0
[15:58:18] [风控] 检查新账号注册风控状态 ...
[15:58:19] [风控] ✅ 注册风控状态可用: botFlagSource=0
[15:58:19] [风控] 注册风控状态可用: botFlagSource=0
[15:58:19] [CPA] SSO → 协议 Device Flow 换 token (proxy=socks5h://15.204.89.179:1178) ...
[15:58:19] [CPA] [*] 尝试协议 Device Flow 换 token ...
[15:58:20] [CPA] ✅ sso 有效（协议路径）
[15:58:20] [CPA] 🔑 Device Flow: 申请 device_code / user_code ...
[15:58:21] [CPA] [*] user_code=BWEE-NN9Q interval=5s expires_in=1800s
[15:58:21] [CPA] [*] Device Flow: verify user_code ...
[15:58:22] [CPA] ✅ device/verify OK → https://accounts.x.ai/oauth2/device/consent?user_code=BWEE-NN9Q
[15:58:22] [CPA] [*] Device Flow: approve allow principal_id=(empty) ...
[15:58:22] [CPA] ✅ device/approve 已允许
[15:58:22] [CPA] [*] Device Flow: 轮询 access/refresh token ...
[15:58:22] [CPA] ✅ access_token (expires_in=21600s) + refresh_token
[15:58:22] [CPA] JWT bfs 检测: clean
[15:58:22] [CPA] 已写入 CPA 本地 /home/ubuntu/grok-register-panel/cpa_auth/xai-EarnestineAlevizos8120_7@hotmail.com.json
[15:58:22] [CPA] 已上传 CPA 远程 http://127.0.0.1:18457/.../xai-EarnestineAlevizos8120_7@hotmail.com.json
[15:58:22] [CPA] 已写入 Grok2API /home/ubuntu/grok-register-panel/grok2api_auth/g2a-EarnestineAlevizos8120_7@hotmail.com.json
[15:58:22] [+] 注册成功: EarnestineAlevizos8120+7@hotmail.com
[15:58:22] [结果] status=ok ip=12.104.4.66 port=1178 email=Ea***@hotmail.com kind=success bot=0 risk=- bfs=-
[15:58:22] [*] 当前统计: 成功 8 | 失败 1 || 注册成功 8 | 注册失败 1 | SSO成功 8 | SSO失败 0 | 早期跳过 0 | G2A成功 8 | G2A失败 0 | CPA成功 8 | CPA失败 0 | 风控通过 8 | 风控 0
[15:58:23] [*] 下一个账号前等待 480 秒...
[15:59:23] [*] 账号间隔等待中… 剩余 420s / 共 480s
[16:00:23] [*] 账号间隔等待中… 剩余 360s / 共 480s
[16:01:23] [*] 账号间隔等待中… 剩余 300s / 共 480s
[16:02:23] [*] 账号间隔等待中… 剩余 240s / 共 480s
[16:03:23] [*] 账号间隔等待中… 剩余 180s / 共 480s
[16:04:23] [*] 账号间隔等待中… 剩余 120s / 共 480s
[16:05:24] [*] 账号间隔等待中… 剩余 60s / 共 480s
[16:06:23] [*] 下号代理: socks5h://109.166.36.243:1092
[16:06:23] --- 开始第 10/2000 个账号 ---
[16:06:23] [*] 1. 打开注册页 (尝试 1/3)
[16:06:28] [static-cache] enabled dir=/home/ubuntu/grok-register-panel/log/static-asset-cache hits=1333 misses=53 max_mb=1024
[16:06:28] [*] 出口IP=142.249.204.224 代理=socks5h://109.166.36.243:1092 | AS45691 | DODO-CORE - DODO K.K. | Tokyo
[16:06:28] [*] 指纹 os=windows platform=Win32 webgl=ANGLE (AMD, Radeon R9 200 Series Direct3D11 vs_5_0 ps_5_0), or similar fontsWin=True ua=Mozilla/5.0 (Windows NT 10.0; Win64; x64; rv:152.0) Gecko/20100101 Firef… leak=none
[16:06:28] [*] 浏览器已启动
[16:06:35] [*] 当前URL: https://accounts.x.ai/sign-up?redirect=grok-com
[16:06:39] [*] 已点击「使用邮箱注册」按钮（原生事件）: Sign up with email
[16:06:40] [*] 2. 创建邮箱并提交
[16:06:41] [*] 已创建邮箱: cawjaqgwawri+4@outlook.com
[16:06:49] [*] 已填写邮箱并提交: cawjaqgwawri+4@outlook.com (Sign up)
[16:06:49] [*] 邮箱: cawjaqgwawri+4@outlook.com
[16:06:49] [*] 3. 拉取验证码
[16:06:53] [*] Outlook RT 等待验证码… 剩余 176s 邮件 5 封
[16:06:58] [*] Outlook RT 已提取验证码并完成库存记账
[16:07:02] [*] 已填写验证码并提交: 133-879
[16:07:02] [*] 验证码后页面 step=profile path=/sign-up?redirect=grok-com cf=True buttons=['Grok', 'Complete sign up', 'Go back', 'Your privacy choices']
[16:07:02] [*] 验证码: 133-879
[16:07:02] [*] 4. 填写资料
[16:07:15] [*] 已点击资料提交: Louis Hou
[16:07:15] [*] 提交后页面 step=profile path=/sign-up?redirect=grok-com hint=You are signing into Grok Complete your sign up cawjaqgwawri+4@outlook.com First name Last name Password Complete sign upGo back By continui
[16:07:23] [*] 提交后页面 step=unknown path=/account hint=((a,b,c,d,e,f,g,h)=>{let i=document.documentElement,j=["light","dark"];function k(b){var c;(Array.isArray(a)?a:[a]).forEach(a=>{let c="class
[16:07:24] [*] 提交后页面 step=unknown path=/account hint=SpaceXAI Toggle theme LH Welcome, Louis. Manage your account. Account Security Sessions Data Return to Redirecting You are being redirected,
[16:07:27] [*] 资料已填: Louis Hou
[16:07:27] [*] registered_emails 已更新: cawjaqgwawri+4@outlook.com sso=empty
[16:07:27] [*] 5. 等待 sso cookie
[16:07:27] [*] 等待 sso 中... 已等 0s，剩余 29s | url=https://accounts.x.ai/account
[16:07:27] [*] 已获取到 sso cookie
[16:07:27] [*] registered_emails 已更新: cawjaqgwawri+4@outlook.com sso=yes
[16:07:27] [*] grok2api Web SSO 上传尝试 1/3
[16:07:27] [*] grok2api 远端上传：登录管理后台（直连，不走代理）
[16:07:27] [+] grok2api 远端登录成功
[16:07:27] [*] grok2api 远端上传：调用 Web SSO 导入接口（直连）
[16:07:28] 【推送Grok2API 成功】
[16:07:28] [+] 已上传 Web SSO: 新增=1, 更新=0, 同步=1, 失败=0
[16:07:28] [*] grok2api Console SSO 上传尝试 1/3
[16:07:28] [*] grok2api 远端上传：登录管理后台（直连，不走代理）
[16:07:28] [+] grok2api 远端登录成功
[16:07:28] [*] grok2api 远端上传：调用 Console SSO 导入接口（直连）
[16:07:29] 【推送Grok2API 成功】
[16:07:29] [+] 已上传 Console SSO: 新增=1, 更新=0, 同步=1, 失败=0
[16:07:29] [风控] 检查新账号注册风控状态 ...
[16:07:31] [风控] ✅ 注册风控状态可用: botFlagSource=0
[16:07:31] [风控] 注册风控状态可用: botFlagSource=0
[16:07:31] [CPA] SSO → 协议 Device Flow 换 token (proxy=socks5h://109.166.36.243:1092) ...
[16:07:31] [CPA] [*] 尝试协议 Device Flow 换 token ...
[16:07:33] [CPA] ✅ sso 有效（协议路径）
[16:07:33] [CPA] 🔑 Device Flow: 申请 device_code / user_code ...
[16:07:34] [CPA] [*] user_code=5837-KTXB interval=5s expires_in=1800s
[16:07:34] [CPA] [*] Device Flow: verify user_code ...
[16:07:36] [CPA] ✅ device/verify OK → https://accounts.x.ai/oauth2/device/consent?user_code=5837-KTXB
[16:07:36] [CPA] [*] Device Flow: approve allow principal_id=(empty) ...
[16:07:36] [CPA] ✅ device/approve 已允许
[16:07:36] [CPA] [*] Device Flow: 轮询 access/refresh token ...
[16:07:37] [CPA] ✅ access_token (expires_in=21600s) + refresh_token
[16:07:37] [CPA] JWT bfs 检测: clean
[16:07:37] [CPA] 已写入 CPA 本地 /home/ubuntu/grok-register-panel/cpa_auth/xai-cawjaqgwawri_4@outlook.com.json
[16:07:37] [CPA] 已上传 CPA 远程 http://127.0.0.1:18457/.../xai-cawjaqgwawri_4@outlook.com.json
[16:07:37] [CPA] 已写入 Grok2API /home/ubuntu/grok-register-panel/grok2api_auth/g2a-cawjaqgwawri_4@outlook.com.json
[16:07:37] [+] 注册成功: cawjaqgwawri+4@outlook.com
[16:07:37] [结果] status=ok ip=142.249.204.224 port=1092 email=ca***@outlook.com kind=success bot=0 risk=- bfs=-
[16:07:37] [*] 当前统计: 成功 9 | 失败 1 || 注册成功 9 | 注册失败 1 | SSO成功 9 | SSO失败 0 | 早期跳过 0 | G2A成功 9 | G2A失败 0 | CPA成功 9 | CPA失败 0 | 风控通过 9 | 风控 0
[16:07:38] [*] 下一个账号前等待 480 秒...
[16:08:38] [*] 账号间隔等待中… 剩余 420s / 共 480s
[16:09:38] [*] 账号间隔等待中… 剩余 360s / 共 480s
[16:10:38] [*] 账号间隔等待中… 剩余 300s / 共 480s
[16:11:38] [*] 账号间隔等待中… 剩余 240s / 共 480s
[16:12:38] [*] 账号间隔等待中… 剩余 180s / 共 480s
[16:13:38] [*] 账号间隔等待中… 剩余 120s / 共 480s
[16:14:38] [*] 账号间隔等待中… 剩余 60s / 共 480s
[16:15:38] [*] 下号代理: socks5h://15.204.89.179:1191
[16:15:38] --- 开始第 11/2000 个账号 ---
[16:15:38] [*] 1. 打开注册页 (尝试 1/3)
[16:15:43] [static-cache] enabled dir=/home/ubuntu/grok-register-panel/log/static-asset-cache hits=1437 misses=53 max_mb=1024
[16:15:43] [*] 出口IP=12.104.4.97 代理=socks5h://15.204.89.179:1191 | AS7018 | AT&T Enterprises, LLC | Boston
[16:15:43] [*] 指纹 os=windows platform=Win32 webgl=ANGLE (NVIDIA, NVIDIA GeForce GTX 980 Direct3D11 vs_5_0 ps_5_0), or similar fontsWin=True ua=Mozilla/5.0 (Windows NT 10.0; Win64; x64; rv:152.0) Gecko/20100101 Firef… leak=none
[16:15:43] [*] 浏览器已启动
[16:16:03] [static-cache] enabled dir=/home/ubuntu/grok-register-panel/log/static-asset-cache hits=1437 misses=53 max_mb=1024
[16:16:03] [*] 出口IP=12.104.4.97 代理=socks5h://15.204.89.179:1191 | AS7018 | AT&T Enterprises, LLC | Boston
[16:16:03] [*] 指纹 os=windows platform=Win32 webgl=ANGLE (Intel, Intel(R) HD Graphics Direct3D11 vs_4_1 ps_4_1), or similar fontsWin=True ua=Mozilla/5.0 (Windows NT 10.0; Win64; x64; rv:152.0) Gecko/20100101 Firef… leak=none
[16:16:11] [*] 当前URL: https://accounts.x.ai/sign-up?redirect=grok-com
[16:16:15] [*] 已点击「使用邮箱注册」按钮（原生事件）: Sign up with email
[16:16:16] [*] 2. 创建邮箱并提交
[16:16:17] [*] 已创建邮箱: xgmezfhzus+4@outlook.com
[16:16:25] [*] 已填写邮箱并提交: xgmezfhzus+4@outlook.com (Sign up)
[16:16:25] [*] 邮箱: xgmezfhzus+4@outlook.com
[16:16:25] [*] 3. 拉取验证码
[16:16:39] [*] Outlook RT 已提取验证码并完成库存记账
[16:16:43] [*] 已填写验证码并提交: 067-753
[16:16:43] [*] 验证码后页面 step=profile path=/sign-up?redirect=grok-com cf=True buttons=['Grok', 'Complete sign up', 'Go back', 'Your privacy choices']
[16:16:43] [*] 验证码: 067-753
[16:16:43] [*] 4. 填写资料
[16:16:56] [*] 已点击资料提交: Mason Pan
[16:16:56] [*] 提交后页面 step=profile path=/sign-up?redirect=grok-com hint=You are signing into Grok Complete your sign up xgmezfhzus+4@outlook.com First name Last name Password Complete sign upGo back By continuing
[16:17:01] [*] 提交后页面 step=unknown path=/account hint=((a,b,c,d,e,f,g,h)=>{let i=document.documentElement,j=["light","dark"];function k(b){var c;(Array.isArray(a)?a:[a]).forEach(a=>{let c="class
[16:17:02] [*] 提交后页面 step=unknown path=/account hint=SpaceXAI Toggle theme MP Welcome, Mason. Manage your account. Account Security Sessions Data Return to Redirecting You are being redirected,
[16:17:05] [*] 提交后页面 step=probe-error path=https://accounts.x.ai/account hint=Page.evaluate: Execution context was destroyed, most likely because of a navigation
[16:17:08] [*] 提交后页面 step=unknown path=/ hint=Skip to main content
[16:17:08] [*] 资料已填: Mason Pan
[16:17:08] [*] registered_emails 已更新: xgmezfhzus+4@outlook.com sso=empty
[16:17:08] [*] 5. 等待 sso cookie
[16:17:08] [*] 等待 sso 中... 已等 0s，剩余 29s | url=https://grok.com/
[16:17:08] [*] 已获取到 sso cookie
[16:17:09] [*] registered_emails 已更新: xgmezfhzus+4@outlook.com sso=yes
[16:17:09] [*] grok2api Web SSO 上传尝试 1/3
[16:17:09] [*] grok2api 远端上传：登录管理后台（直连，不走代理）
[16:17:09] [+] grok2api 远端登录成功
[16:17:09] [*] grok2api 远端上传：调用 Web SSO 导入接口（直连）
[16:17:10] 【推送Grok2API 成功】
[16:17:10] [+] 已上传 Web SSO: 新增=1, 更新=0, 同步=1, 失败=0
[16:17:10] [*] grok2api Console SSO 上传尝试 1/3
[16:17:10] [*] grok2api 远端上传：登录管理后台（直连，不走代理）
[16:17:10] [+] grok2api 远端登录成功
[16:17:10] [*] grok2api 远端上传：调用 Console SSO 导入接口（直连）
[16:17:11] 【推送Grok2API 成功】
[16:17:11] [+] 已上传 Console SSO: 新增=1, 更新=0, 同步=1, 失败=0
[16:17:11] [风控] 检查新账号注册风控状态 ...
[16:17:12] [风控] ✅ 注册风控状态可用: botFlagSource=0
[16:17:12] [风控] 注册风控状态可用: botFlagSource=0
[16:17:12] [CPA] SSO → 协议 Device Flow 换 token (proxy=socks5h://15.204.89.179:1191) ...
[16:17:12] [CPA] [*] 尝试协议 Device Flow 换 token ...
[16:17:13] [CPA] ✅ sso 有效（协议路径）
[16:17:13] [CPA] 🔑 Device Flow: 申请 device_code / user_code ...
[16:17:14] [CPA] [*] user_code=RCT4-7TCS interval=5s expires_in=1800s
[16:17:14] [CPA] [*] Device Flow: verify user_code ...
[16:17:14] [CPA] ✅ device/verify OK → https://accounts.x.ai/oauth2/device/consent?user_code=RCT4-7TCS
[16:17:14] [CPA] [*] Device Flow: approve allow principal_id=(empty) ...
[16:17:15] [CPA] ✅ device/approve 已允许
[16:17:15] [CPA] [*] Device Flow: 轮询 access/refresh token ...
[16:17:15] [CPA] ✅ access_token (expires_in=21600s) + refresh_token
[16:17:15] [CPA] JWT bfs 检测: clean
[16:17:15] [CPA] 已写入 CPA 本地 /home/ubuntu/grok-register-panel/cpa_auth/xai-xgmezfhzus_4@outlook.com.json
[16:17:15] [CPA] 已上传 CPA 远程 http://127.0.0.1:18457/.../xai-xgmezfhzus_4@outlook.com.json
[16:17:15] [CPA] 已写入 Grok2API /home/ubuntu/grok-register-panel/grok2api_auth/g2a-xgmezfhzus_4@outlook.com.json
[16:17:15] [+] 注册成功: xgmezfhzus+4@outlook.com
[16:17:15] [结果] status=ok ip=12.104.4.97 port=1191 email=xg***@outlook.com kind=success bot=0 risk=- bfs=-
[16:17:15] [*] 当前统计: 成功 10 | 失败 1 || 注册成功 10 | 注册失败 1 | SSO成功 10 | SSO失败 0 | 早期跳过 0 | G2A成功 10 | G2A失败 0 | CPA成功 10 | CPA失败 0 | 风控通过 10 | 风控 0
[16:17:15] [*] 已成功 10 个账号，执行定期清理: 关闭浏览器并清理内存
[16:17:16] [*] Python GC 已回收对象数: 27228
[16:17:17] [*] 下一个账号前等待 480 秒...
[16:18:17] [*] 账号间隔等待中… 剩余 420s / 共 480s
[16:19:17] [*] 账号间隔等待中… 剩余 360s / 共 480s
[16:20:17] [*] 账号间隔等待中… 剩余 300s / 共 480s
[16:21:17] [*] 账号间隔等待中… 剩余 240s / 共 480s
[16:22:17] [*] 账号间隔等待中… 剩余 180s / 共 480s
[16:23:17] [*] 账号间隔等待中… 剩余 120s / 共 480s
[16:24:17] [*] 账号间隔等待中… 剩余 60s / 共 480s
[16:25:17] [*] 下号代理: socks5h://109.166.36.243:1091
[16:25:17] --- 开始第 12/2000 个账号 ---
[16:25:17] [*] 1. 打开注册页 (尝试 1/3)
[16:25:21] [static-cache] enabled dir=/home/ubuntu/grok-register-panel/log/static-asset-cache hits=1668 misses=66 max_mb=1024
[16:25:21] [*] 出口IP=142.249.204.75 代理=socks5h://109.166.36.243:1091 | AS45691 | DODO-CORE - DODO K.K. | Tokyo
[16:25:21] [*] 指纹 os=windows platform=Win32 webgl=ANGLE (NVIDIA, NVIDIA GeForce GTX 980 Direct3D11 vs_5_0 ps_5_0), or similar fontsWin=True ua=Mozilla/5.0 (Windows NT 10.0; Win64; x64; rv:152.0) Gecko/20100101 Firef… leak=none
[16:25:21] [*] 浏览器已启动
[16:25:28] [*] 当前URL: https://accounts.x.ai/sign-up?redirect=grok-com
[16:25:32] [*] 已点击「使用邮箱注册」按钮（原生事件）: Sign up with email
[16:25:33] [*] 2. 创建邮箱并提交
[16:25:35] [*] 已创建邮箱: glcwiaxfjyep+4@outlook.com
[16:25:44] [*] 已填写邮箱并提交: glcwiaxfjyep+4@outlook.com (Sign up)
[16:25:44] [*] 邮箱: glcwiaxfjyep+4@outlook.com
[16:25:44] [*] 3. 拉取验证码
[16:25:49] [*] Outlook RT 等待验证码… 剩余 174s 邮件 4 封
[16:25:55] [*] Outlook RT 已提取验证码并完成库存记账
[16:25:59] [*] 已填写验证码并提交: 666-732
[16:25:59] [*] 验证码后页面 step=wait-cf path=/sign-up?redirect=grok-com cf=True buttons=['Grok', 'Go back', 'Your privacy choices']
[16:25:59] [*] 验证码: 666-732
[16:25:59] [*] 4. 填写资料
[16:25:59] [*] 资料页等待 Cloudflare 人机验证... token长度=0 （验证通过后再填姓名/密码）
[16:26:13] [*] 已点击资料提交: Aron Duan
[16:26:13] [*] 提交后页面 step=profile path=/sign-up?redirect=grok-com hint=You are signing into Grok Complete your sign up glcwiaxfjyep+4@outlook.com First name Last name Password Complete sign upGo back By continui
[16:26:26] [*] 资料已填: Aron Duan
[16:26:26] [*] registered_emails 已更新: glcwiaxfjyep+4@outlook.com sso=empty
[16:26:26] [*] 5. 等待 sso cookie
[16:26:26] [*] 等待 sso 中... 已等 0s，剩余 29s | url=https://accounts.x.ai/sign-up?redirect=grok-com
[16:26:26] [*] 已获取到 sso cookie
[16:26:26] [*] registered_emails 已更新: glcwiaxfjyep+4@outlook.com sso=yes
[16:26:26] [*] grok2api Web SSO 上传尝试 1/3
[16:26:26] [*] grok2api 远端上传：登录管理后台（直连，不走代理）
[16:26:26] [+] grok2api 远端登录成功
[16:26:26] [*] grok2api 远端上传：调用 Web SSO 导入接口（直连）
[16:26:27] 【推送Grok2API 成功】
[16:26:27] [+] 已上传 Web SSO: 新增=1, 更新=0, 同步=1, 失败=0
[16:26:27] [*] grok2api Console SSO 上传尝试 1/3
[16:26:27] [*] grok2api 远端上传：登录管理后台（直连，不走代理）
[16:26:27] [+] grok2api 远端登录成功
[16:26:27] [*] grok2api 远端上传：调用 Console SSO 导入接口（直连）
[16:26:27] 【推送Grok2API 成功】
[16:26:27] [+] 已上传 Console SSO: 新增=1, 更新=0, 同步=1, 失败=0
[16:26:27] [风控] 检查新账号注册风控状态 ...
[16:26:30] [风控] ❌ 注册风控状态: botFlagSource=1 policy=deny,risk=0.60,event=$registration
[16:26:30] [CPA] 已保存注册风控拒绝记录 → /home/ubuntu/grok-register-panel/accounts/sso_risk_rejected.txt
[16:26:30] [结果] status=risk ip=142.249.204.75 port=1091 email=gl***@outlook.com kind=registration_risk bot=1 risk=0.6 bfs=-
[16:26:30] [-] 注册失败 [注册风控]: 注册风控拒绝，已跳过 OAuth: botFlagSource=1 policy=deny,risk=0.60,event=$registration
[16:26:30] [*] 当前统计: 成功 10 | 失败 2 || 注册成功 10 | 注册失败 2 | SSO成功 11 | SSO失败 0 | 早期跳过 0 | G2A成功 11 | G2A失败 0 | CPA成功 10 | CPA失败 0 | 风控通过 10 | 风控 1
[16:26:31] [*] 下一个账号前等待 480 秒...
[16:27:31] [*] 账号间隔等待中… 剩余 420s / 共 480s
[16:28:31] [*] 账号间隔等待中… 剩余 360s / 共 480s
[16:29:31] [*] 账号间隔等待中… 剩余 300s / 共 480s
[16:30:31] [*] 账号间隔等待中… 剩余 240s / 共 480s
[16:31:31] [*] 账号间隔等待中… 剩余 180s / 共 480s
[16:32:31] [*] 账号间隔等待中… 剩余 120s / 共 480s
[16:33:31] [*] 账号间隔等待中… 剩余 60s / 共 480s
[16:34:31] [*] 下号代理: socks5h://204.143.92.234:3660
[16:34:31] --- 开始第 13/2000 个账号 ---
[16:34:31] [*] 1. 打开注册页 (尝试 1/3)
[16:34:37] [static-cache] enabled dir=/home/ubuntu/grok-register-panel/log/static-asset-cache hits=1723 misses=66 max_mb=1024
[16:34:37] [*] 出口IP=204.143.92.234 代理=socks5h://204.143.92.234:3660 | AS2914 | NTT America, Inc. | Los Angeles
[16:34:37] [*] 指纹 os=windows platform=Win32 webgl=ANGLE (NVIDIA, NVIDIA GeForce GTX 980 Direct3D11 vs_5_0 ps_5_0), or similar fontsWin=True ua=Mozilla/5.0 (Windows NT 10.0; Win64; x64; rv:152.0) Gecko/20100101 Firef… leak=none
[16:34:37] [*] 浏览器已启动
[16:34:48] [*] 当前URL: https://accounts.x.ai/sign-up?redirect=grok-com
[16:34:53] [*] 已点击「使用邮箱注册」按钮（原生事件）: Sign up with email
[16:34:54] [*] 2. 创建邮箱并提交
[16:34:54] [*] 已创建邮箱: dtfhrthkvm+4@outlook.com
[16:35:06] [*] 已填写邮箱并提交: dtfhrthkvm+4@outlook.com (Sign up)
[16:35:06] [*] 邮箱: dtfhrthkvm+4@outlook.com
[16:35:06] [*] 3. 拉取验证码
[16:35:08] [*] Outlook RT 等待验证码… 剩余 178s 邮件 5 封
[16:35:12] [*] Outlook RT 已提取验证码并完成库存记账
[16:35:21] [*] 已填写验证码并提交: 775-290
[16:35:21] [*] 验证码后页面 step=profile path=/sign-up?redirect=grok-com cf=True buttons=['Grok', 'Complete sign up', 'Go back', 'Your privacy choices', 'Close', 'Cookies Settings', 'Accept All Cookies']
[16:35:21] [*] 验证码: 775-290
[16:35:21] [*] 4. 填写资料
[16:35:34] [*] 已点击资料提交: Ezra Zhao
[16:35:34] [*] 提交后页面 step=profile path=/sign-up?redirect=grok-com hint=You are signing into Grok Complete your sign up dtfhrthkvm+4@outlook.com First name Last name Password Complete sign upGo back By continuing
[16:35:38] [*] 提交后页面 step=unknown path=/account hint=((a,b,c,d,e,f,g,h)=>{let i=document.documentElement,j=["light","dark"];function k(b){var c;(Array.isArray(a)?a:[a]).forEach(a=>{let c="class
[16:35:39] [*] 提交后页面 step=unknown path=/account hint=SpaceXAI Toggle theme EZ Welcome, Ezra. Manage your account. Account Security Sessions Data Return to Redirecting You are being redirected, 
[16:35:42] [*] 提交后页面 step=probe-error path=https://accounts.x.ai/account hint=Page.evaluate: Execution context was destroyed, most likely because of a navigation
[16:35:46] [*] 提交后页面 step=unknown path=/ hint=Skip to main content
[16:35:46] [*] 资料已填: Ezra Zhao
[16:35:46] [*] registered_emails 已更新: dtfhrthkvm+4@outlook.com sso=empty
[16:35:46] [*] 5. 等待 sso cookie
[16:35:46] [*] 等待 sso 中... 已等 0s，剩余 29s | url=https://grok.com/
[16:35:46] [*] 已获取到 sso cookie
[16:35:46] [*] registered_emails 已更新: dtfhrthkvm+4@outlook.com sso=yes
[16:35:46] [*] grok2api Web SSO 上传尝试 1/3
[16:35:46] [*] grok2api 远端上传：登录管理后台（直连，不走代理）
[16:35:47] [+] grok2api 远端登录成功
[16:35:47] [*] grok2api 远端上传：调用 Web SSO 导入接口（直连）
[16:35:47] 【推送Grok2API 成功】
[16:35:47] [+] 已上传 Web SSO: 新增=1, 更新=0, 同步=1, 失败=0
[16:35:47] [*] grok2api Console SSO 上传尝试 1/3
[16:35:47] [*] grok2api 远端上传：登录管理后台（直连，不走代理）
[16:35:48] [+] grok2api 远端登录成功
[16:35:48] [*] grok2api 远端上传：调用 Console SSO 导入接口（直连）
[16:35:48] 【推送Grok2API 成功】
[16:35:48] [+] 已上传 Console SSO: 新增=1, 更新=0, 同步=1, 失败=0
[16:35:48] [风控] 检查新账号注册风控状态 ...
[16:35:49] [风控] ✅ 注册风控状态可用: botFlagSource=0
[16:35:49] [风控] 注册风控状态可用: botFlagSource=0
[16:35:49] [CPA] SSO → 协议 Device Flow 换 token (proxy=socks5h://204.143.92.234:3660) ...
[16:35:49] [CPA] [*] 尝试协议 Device Flow 换 token ...
[16:35:49] [CPA] ✅ sso 有效（协议路径）
[16:35:49] [CPA] 🔑 Device Flow: 申请 device_code / user_code ...
[16:35:49] [CPA] [*] user_code=N6J8-8P33 interval=5s expires_in=1800s
[16:35:50] [CPA] [*] Device Flow: verify user_code ...
[16:35:50] [CPA] ✅ device/verify OK → https://accounts.x.ai/oauth2/device/consent?user_code=N6J8-8P33
[16:35:50] [CPA] [*] Device Flow: approve allow principal_id=(empty) ...
[16:35:50] [CPA] ✅ device/approve 已允许
[16:35:50] [CPA] [*] Device Flow: 轮询 access/refresh token ...
[16:35:50] [CPA] ✅ access_token (expires_in=21600s) + refresh_token
[16:35:50] [CPA] JWT bfs 检测: clean
[16:35:50] [CPA] 已写入 CPA 本地 /home/ubuntu/grok-register-panel/cpa_auth/xai-dtfhrthkvm_4@outlook.com.json
[16:35:51] [CPA] 已上传 CPA 远程 http://127.0.0.1:18457/.../xai-dtfhrthkvm_4@outlook.com.json
[16:35:51] [CPA] 已写入 Grok2API /home/ubuntu/grok-register-panel/grok2api_auth/g2a-dtfhrthkvm_4@outlook.com.json
[16:35:51] [+] 注册成功: dtfhrthkvm+4@outlook.com
[16:35:51] [结果] status=ok ip=204.143.92.234 port=3660 email=dt***@outlook.com kind=success bot=0 risk=- bfs=-
[16:35:51] [*] 当前统计: 成功 11 | 失败 2 || 注册成功 11 | 注册失败 2 | SSO成功 12 | SSO失败 0 | 早期跳过 0 | G2A成功 12 | G2A失败 0 | CPA成功 11 | CPA失败 0 | 风控通过 11 | 风控 1
[16:35:54] [*] 下一个账号前等待 480 秒...
[16:36:54] [*] 账号间隔等待中… 剩余 420s / 共 480s
[16:37:54] [*] 账号间隔等待中… 剩余 360s / 共 480s
[16:38:54] [*] 账号间隔等待中… 剩余 300s / 共 480s
[16:39:54] [*] 账号间隔等待中… 剩余 240s / 共 480s
[16:40:54] [*] 账号间隔等待中… 剩余 180s / 共 480s
[16:41:54] [*] 账号间隔等待中… 剩余 120s / 共 480s
[16:42:54] [*] 账号间隔等待中… 剩余 60s / 共 480s
[16:43:54] [*] 下号代理: socks5h://15.204.89.179:1178
[16:43:54] --- 开始第 14/2000 个账号 ---
[16:43:54] [*] 1. 打开注册页 (尝试 1/3)
[16:43:58] [static-cache] enabled dir=/home/ubuntu/grok-register-panel/log/static-asset-cache hits=1953 misses=80 max_mb=1024
[16:43:58] [*] 出口IP=12.104.4.66 代理=socks5h://15.204.89.179:1178 | AS7018 | AT&T Enterprises, LLC | Boston
[16:43:58] [*] 指纹 os=windows platform=Win32 webgl=ANGLE (Intel, Intel(R) HD Graphics Direct3D11 vs_5_0 ps_5_0), or similar fontsWin=True ua=Mozilla/5.0 (Windows NT 10.0; Win64; x64; rv:152.0) Gecko/20100101 Firef… leak=none
[16:43:58] [*] 浏览器已启动
[16:44:04] [*] 当前URL: https://accounts.x.ai/sign-up?redirect=grok-com
[16:44:09] [*] 已点击「使用邮箱注册」按钮（原生事件）: Sign up with email
[16:44:10] [*] 2. 创建邮箱并提交
[16:44:11] [*] 已创建邮箱: trrhycafzy+4@outlook.com
[16:44:20] [*] 已填写邮箱并提交: trrhycafzy+4@outlook.com (Sign up)
[16:44:20] [*] 邮箱: trrhycafzy+4@outlook.com
[16:44:20] [*] 3. 拉取验证码
[16:44:25] [*] Outlook RT 等待验证码… 剩余 174s 邮件 6 封
[16:44:31] [*] Outlook RT 已提取验证码并完成库存记账
[16:44:34] [*] 已填写验证码并提交: 762-316
[16:44:34] [*] 验证码后页面 step=profile path=/sign-up?redirect=grok-com cf=True buttons=['Grok', 'Complete sign up', 'Go back', 'Your privacy choices']
[16:44:34] [*] 验证码: 762-316
[16:44:34] [*] 4. 填写资料
[16:44:47] [*] 已点击资料提交: Lucas He
[16:44:47] [*] 提交后页面 step=profile path=/sign-up?redirect=grok-com hint=You are signing into Grok Complete your sign up trrhycafzy+4@outlook.com First name Last name Password Complete sign upGo back By continuing
[16:44:54] [*] 提交后页面 step=unknown path=/account hint=((a,b,c,d,e,f,g,h)=>{let i=document.documentElement,j=["light","dark"];function k(b){var c;(Array.isArray(a)?a:[a]).forEach(a=>{let c="class
[16:44:55] [*] 提交后页面 step=unknown path=/account hint=SpaceXAI Toggle theme LH Welcome, Lucas. Manage your account. Account Security Sessions Data Return to Redirecting You are being redirected,
[16:44:58] [*] 提交后页面 step=probe-error path=https://accounts.x.ai/account hint=Page.evaluate: Execution context was destroyed, most likely because of a navigation
[16:45:01] [*] 资料已填: Lucas He
[16:45:01] [*] registered_emails 已更新: trrhycafzy+4@outlook.com sso=empty
[16:45:01] [*] 5. 等待 sso cookie
[16:45:01] [*] 等待 sso 中... 已等 0s，剩余 29s | url=https://grok.com/
[16:45:02] [*] 已获取到 sso cookie
[16:45:02] [*] registered_emails 已更新: trrhycafzy+4@outlook.com sso=yes
[16:45:02] [*] grok2api Web SSO 上传尝试 1/3
[16:45:02] [*] grok2api 远端上传：登录管理后台（直连，不走代理）
[16:45:02] [+] grok2api 远端登录成功
[16:45:02] [*] grok2api 远端上传：调用 Web SSO 导入接口（直连）
[16:45:03] 【推送Grok2API 成功】
[16:45:03] [+] 已上传 Web SSO: 新增=1, 更新=0, 同步=1, 失败=0
[16:45:03] [*] grok2api Console SSO 上传尝试 1/3
[16:45:03] [*] grok2api 远端上传：登录管理后台（直连，不走代理）
[16:45:04] [+] grok2api 远端登录成功
[16:45:04] [*] grok2api 远端上传：调用 Console SSO 导入接口（直连）
[16:45:05] 【推送Grok2API 成功】
[16:45:05] [+] 已上传 Console SSO: 新增=1, 更新=0, 同步=1, 失败=0
[16:45:05] [风控] 检查新账号注册风控状态 ...
[16:45:06] [风控] ✅ 注册风控状态可用: botFlagSource=0
[16:45:06] [风控] 注册风控状态可用: botFlagSource=0
[16:45:06] [CPA] SSO → 协议 Device Flow 换 token (proxy=socks5h://15.204.89.179:1178) ...
[16:45:06] [CPA] [*] 尝试协议 Device Flow 换 token ...
[16:45:07] [CPA] ✅ sso 有效（协议路径）
[16:45:07] [CPA] 🔑 Device Flow: 申请 device_code / user_code ...
[16:45:08] [CPA] [*] user_code=GPEC-9EZM interval=5s expires_in=1800s
[16:45:08] [CPA] [*] Device Flow: verify user_code ...
[16:45:08] [CPA] ✅ device/verify OK → https://accounts.x.ai/oauth2/device/consent?user_code=GPEC-9EZM
[16:45:08] [CPA] [*] Device Flow: approve allow principal_id=(empty) ...
[16:45:09] [CPA] ✅ device/approve 已允许
[16:45:09] [CPA] [*] Device Flow: 轮询 access/refresh token ...
[16:45:09] [CPA] ✅ access_token (expires_in=21600s) + refresh_token
[16:45:09] [CPA] JWT bfs 检测: clean
[16:45:09] [CPA] 已写入 CPA 本地 /home/ubuntu/grok-register-panel/cpa_auth/xai-trrhycafzy_4@outlook.com.json
[16:45:09] [CPA] 已上传 CPA 远程 http://127.0.0.1:18457/.../xai-trrhycafzy_4@outlook.com.json
[16:45:09] [CPA] 已写入 Grok2API /home/ubuntu/grok-register-panel/grok2api_auth/g2a-trrhycafzy_4@outlook.com.json
[16:45:09] [+] 注册成功: trrhycafzy+4@outlook.com
[16:45:09] [结果] status=ok ip=12.104.4.66 port=1178 email=tr***@outlook.com kind=success bot=0 risk=- bfs=-
[16:45:09] [*] 当前统计: 成功 12 | 失败 2 || 注册成功 12 | 注册失败 2 | SSO成功 13 | SSO失败 0 | 早期跳过 0 | G2A成功 13 | G2A失败 0 | CPA成功 12 | CPA失败 0 | 风控通过 12 | 风控 1
[16:45:11] [*] 下一个账号前等待 480 秒...
[16:46:11] [*] 账号间隔等待中… 剩余 420s / 共 480s
[16:47:11] [*] 账号间隔等待中… 剩余 360s / 共 480s
[16:48:11] [*] 账号间隔等待中… 剩余 300s / 共 480s
[16:49:11] [*] 账号间隔等待中… 剩余 240s / 共 480s
[16:50:11] [*] 账号间隔等待中… 剩余 180s / 共 480s
[16:51:11] [*] 账号间隔等待中… 剩余 120s / 共 480s
[16:52:11] [*] 账号间隔等待中… 剩余 60s / 共 480s
[16:53:11] [*] 下号代理: socks5h://109.166.36.243:1092
[16:53:11] --- 开始第 15/2000 个账号 ---
[16:53:11] [*] 1. 打开注册页 (尝试 1/3)
[16:53:16] [static-cache] enabled dir=/home/ubuntu/grok-register-panel/log/static-asset-cache hits=2196 misses=80 max_mb=1024
[16:53:16] [*] 出口IP=142.249.204.224 代理=socks5h://109.166.36.243:1092 | AS45691 | DODO-CORE - DODO K.K. | Tokyo
[16:53:16] [*] 指纹 os=windows platform=Win32 webgl=ANGLE (NVIDIA, NVIDIA GeForce GTX 980 Direct3D11 vs_5_0 ps_5_0), or similar fontsWin=True ua=Mozilla/5.0 (Windows NT 10.0; Win64; x64; rv:152.0) Gecko/20100101 Firef… leak=none
[16:53:16] [*] 浏览器已启动
[16:53:23] [*] 当前URL: https://accounts.x.ai/sign-up?redirect=grok-com
[16:53:26] [*] 已点击「使用邮箱注册」按钮（原生事件）: Sign up with email
[16:53:27] [*] 2. 创建邮箱并提交
[16:53:28] [*] 已创建邮箱: ooashwurztpw+4@outlook.com
[16:53:37] [*] 已填写邮箱并提交: ooashwurztpw+4@outlook.com (Sign up)
[16:53:37] [*] 邮箱: ooashwurztpw+4@outlook.com
[16:53:37] [*] 3. 拉取验证码
[16:53:41] [*] Outlook RT 等待验证码… 剩余 175s 邮件 6 封
[16:53:47] [*] Outlook RT 已提取验证码并完成库存记账
[16:53:50] [*] 已填写验证码并提交: 392-520
[16:53:50] [*] 验证码后页面 step=wait-cf path=/sign-up?redirect=grok-com cf=True buttons=['Grok', 'Go back', 'Your privacy choices']
[16:53:50] [*] 验证码: 392-520
[16:53:50] [*] 4. 填写资料
[16:53:52] [*] 资料页等待 Cloudflare 人机验证... token长度=0 （验证通过后再填姓名/密码）
[16:54:05] [*] 已点击资料提交: Victor Kang
[16:54:05] [*] 提交后页面 step=profile path=/sign-up?redirect=grok-com hint=You are signing into Grok Complete your sign up ooashwurztpw+4@outlook.com First name Last name Password Complete sign upGo back By continui
[16:54:13] [*] 提交后页面 step=unknown path=/account hint=((a,b,c,d,e,f,g,h)=>{let i=document.documentElement,j=["light","dark"];function k(b){var c;(Array.isArray(a)?a:[a]).forEach(a=>{let c="class
[16:54:14] [*] 提交后页面 step=unknown path=/account hint=SpaceXAI Toggle theme VK Welcome, Victor. Manage your account. Account Security Sessions Data Return to Redirecting You are being redirected
[16:54:17] [*] 资料已填: Victor Kang
[16:54:18] [*] registered_emails 已更新: ooashwurztpw+4@outlook.com sso=empty
[16:54:18] [*] 5. 等待 sso cookie
[16:54:18] [*] 等待 sso 中... 已等 0s，剩余 29s | url=https://accounts.x.ai/account
[16:54:18] [*] 已获取到 sso cookie
[16:54:18] [*] registered_emails 已更新: ooashwurztpw+4@outlook.com sso=yes
[16:54:18] [*] grok2api Web SSO 上传尝试 1/3
[16:54:18] [*] grok2api 远端上传：登录管理后台（直连，不走代理）
[16:54:18] [+] grok2api 远端登录成功
[16:54:18] [*] grok2api 远端上传：调用 Web SSO 导入接口（直连）
[16:54:18] 【推送Grok2API 成功】
[16:54:18] [+] 已上传 Web SSO: 新增=1, 更新=0, 同步=1, 失败=0
[16:54:18] [*] grok2api Console SSO 上传尝试 1/3
[16:54:18] [*] grok2api 远端上传：登录管理后台（直连，不走代理）
[16:54:19] [+] grok2api 远端登录成功
[16:54:19] [*] grok2api 远端上传：调用 Console SSO 导入接口（直连）
[16:54:19] 【推送Grok2API 成功】
[16:54:19] [+] 已上传 Console SSO: 新增=1, 更新=0, 同步=1, 失败=0
[16:54:19] [风控] 检查新账号注册风控状态 ...
[16:54:22] [风控] ❌ 注册风控状态: botFlagSource=1 policy=deny,risk=0.60,event=$registration
[16:54:22] [CPA] 已保存注册风控拒绝记录 → /home/ubuntu/grok-register-panel/accounts/sso_risk_rejected.txt
[16:54:22] [结果] status=risk ip=142.249.204.224 port=1092 email=oo***@outlook.com kind=registration_risk bot=1 risk=0.6 bfs=-
[16:54:22] [-] 注册失败 [注册风控]: 注册风控拒绝，已跳过 OAuth: botFlagSource=1 policy=deny,risk=0.60,event=$registration
[16:54:22] [*] 当前统计: 成功 12 | 失败 3 || 注册成功 12 | 注册失败 3 | SSO成功 14 | SSO失败 0 | 早期跳过 0 | G2A成功 14 | G2A失败 0 | CPA成功 12 | CPA失败 0 | 风控通过 12 | 风控 2
[16:54:23] [*] 下一个账号前等待 480 秒...
[16:55:23] [*] 账号间隔等待中… 剩余 420s / 共 480s
[16:56:23] [*] 账号间隔等待中… 剩余 360s / 共 480s
[16:57:23] [*] 账号间隔等待中… 剩余 300s / 共 480s
[16:58:23] [*] 账号间隔等待中… 剩余 240s / 共 480s
[16:59:23] [*] 账号间隔等待中… 剩余 180s / 共 480s
[17:00:23] [*] 账号间隔等待中… 剩余 120s / 共 480s
[17:01:23] [*] 账号间隔等待中… 剩余 60s / 共 480s
[17:02:23] [*] 下号代理: socks5h://109.166.36.243:1092
[17:02:23] --- 开始第 16/2000 个账号 ---
[17:02:23] [*] 1. 打开注册页 (尝试 1/3)
[17:02:27] [static-cache] enabled dir=/home/ubuntu/grok-register-panel/log/static-asset-cache hits=2300 misses=80 max_mb=1024
[17:02:27] [*] 出口IP=142.249.204.224 代理=socks5h://109.166.36.243:1092 | AS45691 | DODO-CORE - DODO K.K. | Tokyo
[17:02:27] [*] 指纹 os=windows platform=Win32 webgl=ANGLE (NVIDIA, NVIDIA GeForce GTX 980 Direct3D11 vs_5_0 ps_5_0), or similar fontsWin=True ua=Mozilla/5.0 (Windows NT 10.0; Win64; x64; rv:152.0) Gecko/20100101 Firef… leak=none
[17:02:27] [*] 浏览器已启动
[17:02:35] [*] 当前URL: https://accounts.x.ai/sign-up?redirect=grok-com
[17:02:39] [*] 已点击「使用邮箱注册」按钮（原生事件）: Sign up with email
[17:02:40] [*] 2. 创建邮箱并提交
[17:02:41] [*] 已创建邮箱: luhbtwbqzi+4@outlook.com
[17:02:50] [*] 已填写邮箱并提交: luhbtwbqzi+4@outlook.com (Sign up)
[17:02:50] [*] 邮箱: luhbtwbqzi+4@outlook.com
[17:02:50] [*] 3. 拉取验证码
[17:02:54] [*] Outlook RT 等待验证码… 剩余 175s 邮件 5 封
[17:02:59] [*] Outlook RT 已提取验证码并完成库存记账
[17:03:03] [*] 已填写验证码并提交: 496-622
[17:03:03] [*] 验证码后页面 step=profile path=/sign-up?redirect=grok-com cf=True buttons=['Grok', 'Complete sign up', 'Go back', 'Your privacy choices']
[17:03:03] [*] 验证码: 496-622
[17:03:03] [*] 4. 填写资料
[17:03:16] [*] 已点击资料提交: Colin Pan
[17:03:16] [*] 提交后页面 step=profile path=/sign-up?redirect=grok-com hint=You are signing into Grok Complete your sign up luhbtwbqzi+4@outlook.com First name Last name Password Complete sign upGo back By continuing
[17:03:24] [*] 提交后页面 step=unknown path=/account hint=((a,b,c,d,e,f,g,h)=>{let i=document.documentElement,j=["light","dark"];function k(b){var c;(Array.isArray(a)?a:[a]).forEach(a=>{let c="class
[17:03:25] [*] 提交后页面 step=unknown path=/account hint=SpaceXAI Toggle theme CP Welcome, Colin. Manage your account. Account Security Sessions Data Return to Redirecting You are being redirected,
[17:03:28] [*] 提交后页面 step=probe-error path=https://accounts.x.ai/account hint=Page.evaluate: Execution context was destroyed, most likely because of a navigation
[17:03:29] [*] 资料已填: Colin Pan
[17:03:29] [*] registered_emails 已更新: luhbtwbqzi+4@outlook.com sso=empty
[17:03:29] [*] 5. 等待 sso cookie
[17:03:30] [*] 等待 sso 中... 已等 0s，剩余 29s | url=https://accounts.x.ai/account
[17:03:31] [*] 已获取到 sso cookie
[17:03:31] [*] registered_emails 已更新: luhbtwbqzi+4@outlook.com sso=yes
[17:03:31] [*] grok2api Web SSO 上传尝试 1/3
[17:03:31] [*] grok2api 远端上传：登录管理后台（直连，不走代理）
[17:03:31] [+] grok2api 远端登录成功
[17:03:31] [*] grok2api 远端上传：调用 Web SSO 导入接口（直连）
[17:03:32] 【推送Grok2API 成功】
[17:03:32] [+] 已上传 Web SSO: 新增=1, 更新=0, 同步=1, 失败=0
[17:03:32] [*] grok2api Console SSO 上传尝试 1/3
[17:03:32] [*] grok2api 远端上传：登录管理后台（直连，不走代理）
[17:03:32] [+] grok2api 远端登录成功
[17:03:32] [*] grok2api 远端上传：调用 Console SSO 导入接口（直连）
[17:03:33] 【推送Grok2API 成功】
[17:03:33] [+] 已上传 Console SSO: 新增=1, 更新=0, 同步=1, 失败=0
[17:03:33] [风控] 检查新账号注册风控状态 ...
[17:03:34] [风控] ✅ 注册风控状态可用: botFlagSource=0
[17:03:34] [风控] 注册风控状态可用: botFlagSource=0
[17:03:34] [CPA] SSO → 协议 Device Flow 换 token (proxy=socks5h://109.166.36.243:1092) ...
[17:03:34] [CPA] [*] 尝试协议 Device Flow 换 token ...
[17:03:36] [CPA] ✅ sso 有效（协议路径）
[17:03:36] [CPA] 🔑 Device Flow: 申请 device_code / user_code ...
[17:03:37] [CPA] [*] user_code=9SXR-DQN5 interval=5s expires_in=1800s
[17:03:37] [CPA] [*] Device Flow: verify user_code ...
[17:03:38] [CPA] ✅ device/verify OK → https://accounts.x.ai/oauth2/device/consent?user_code=9SXR-DQN5
[17:03:38] [CPA] [*] Device Flow: approve allow principal_id=(empty) ...
[17:03:39] [CPA] ✅ device/approve 已允许
[17:03:39] [CPA] [*] Device Flow: 轮询 access/refresh token ...
[17:03:39] [CPA] ✅ access_token (expires_in=21600s) + refresh_token
[17:03:39] [CPA] JWT bfs 检测: clean
[17:03:39] [CPA] 已写入 CPA 本地 /home/ubuntu/grok-register-panel/cpa_auth/xai-luhbtwbqzi_4@outlook.com.json
[17:03:39] [CPA] 已上传 CPA 远程 http://127.0.0.1:18457/.../xai-luhbtwbqzi_4@outlook.com.json
[17:03:39] [CPA] 已写入 Grok2API /home/ubuntu/grok-register-panel/grok2api_auth/g2a-luhbtwbqzi_4@outlook.com.json
[17:03:39] [+] 注册成功: luhbtwbqzi+4@outlook.com
[17:03:39] [结果] status=ok ip=142.249.204.224 port=1092 email=lu***@outlook.com kind=success bot=0 risk=- bfs=-
[17:03:39] [*] 当前统计: 成功 13 | 失败 3 || 注册成功 13 | 注册失败 3 | SSO成功 15 | SSO失败 0 | 早期跳过 0 | G2A成功 15 | G2A失败 0 | CPA成功 13 | CPA失败 0 | 风控通过 13 | 风控 2
[17:03:41] [*] 下一个账号前等待 480 秒...
[17:04:41] [*] 账号间隔等待中… 剩余 420s / 共 480s
[17:05:41] [*] 账号间隔等待中… 剩余 360s / 共 480s
[17:06:41] [*] 账号间隔等待中… 剩余 300s / 共 480s
[17:07:41] [*] 账号间隔等待中… 剩余 240s / 共 480s
[17:08:41] [*] 账号间隔等待中… 剩余 180s / 共 480s
[17:09:41] [*] 账号间隔等待中… 剩余 120s / 共 480s
[17:10:41] [*] 账号间隔等待中… 剩余 60s / 共 480s
[17:11:41] [*] 下号代理: socks5h://15.204.89.179:1191
[17:11:41] --- 开始第 17/2000 个账号 ---
[17:11:41] [*] 1. 打开注册页 (尝试 1/3)
[17:11:46] [static-cache] enabled dir=/home/ubuntu/grok-register-panel/log/static-asset-cache hits=2544 misses=80 max_mb=1024
[17:11:46] [*] 出口IP=12.104.4.97 代理=socks5h://15.204.89.179:1191 | AS7018 | AT&T Enterprises, LLC | Boston
[17:11:46] [*] 指纹 os=windows platform=Win32 webgl=ANGLE (Intel, Intel(R) HD Graphics 400 Direct3D11 vs_5_0 ps_5_0), or similar fontsWin=True ua=Mozilla/5.0 (Windows NT 10.0; Win64; x64; rv:152.0) Gecko/20100101 Firef… leak=none
[17:11:46] [*] 浏览器已启动
[17:11:53] [*] 当前URL: https://accounts.x.ai/sign-up?redirect=grok-com
[17:11:56] [*] 已点击「使用邮箱注册」按钮（原生事件）: Sign up with email
[17:11:57] [*] 2. 创建邮箱并提交
[17:11:58] [*] 已创建邮箱: xdvsiavxpp+4@outlook.com
[17:12:06] [*] 已填写邮箱并提交: xdvsiavxpp+4@outlook.com (Sign up)
[17:12:06] [*] 邮箱: xdvsiavxpp+4@outlook.com
[17:12:06] [*] 3. 拉取验证码
[17:12:09] [*] Outlook RT 等待验证码… 剩余 176s 邮件 5 封
[17:12:15] [*] Outlook RT 已提取验证码并完成库存记账
[17:12:18] [*] 已填写验证码并提交: 359-764
[17:12:18] [*] 验证码后页面 step=profile path=/sign-up?redirect=grok-com cf=True buttons=['Grok', 'Complete sign up', 'Go back', 'Your privacy choices']
[17:12:18] [*] 验证码: 359-764
[17:12:18] [*] 4. 填写资料
[17:12:31] [*] 已点击资料提交: Nolan Pan
[17:12:31] [*] 提交后页面 step=profile path=/sign-up?redirect=grok-com hint=You are signing into Grok Complete your sign up xdvsiavxpp+4@outlook.com First name Last name Password Complete sign upGo back By continuing
[17:12:36] [*] 提交后页面 step=probe-error path=https://accounts.x.ai/sign-up?redirect=grok-com hint=Page.evaluate: Execution context was destroyed, most likely because of a navigation
[17:12:37] [*] 提交后页面 step=unknown path=/account hint=((a,b,c,d,e,f,g,h)=>{let i=document.documentElement,j=["light","dark"];function k(b){var c;(Array.isArray(a)?a:[a]).forEach(a=>{let c="class
[17:12:38] [*] 提交后页面 step=unknown path=/account hint=SpaceXAI Toggle theme NP Welcome, Nolan. Manage your account. Account Security Sessions Data Return to Redirecting You are being redirected,
[17:12:41] [*] 提交后页面 step=probe-error path=https://accounts.x.ai/account hint=Page.evaluate: Execution context was destroyed, most likely because of a navigation
[17:12:44] [*] 资料已填: Nolan Pan
[17:12:44] [*] registered_emails 已更新: xdvsiavxpp+4@outlook.com sso=empty
[17:12:44] [*] 5. 等待 sso cookie
[17:12:44] [*] 等待 sso 中... 已等 0s，剩余 29s | url=https://grok.com/
[17:12:45] [*] 已获取到 sso cookie
[17:12:45] [*] registered_emails 已更新: xdvsiavxpp+4@outlook.com sso=yes
[17:12:45] [*] grok2api Web SSO 上传尝试 1/3
[17:12:45] [*] grok2api 远端上传：登录管理后台（直连，不走代理）
[17:12:45] [+] grok2api 远端登录成功
[17:12:45] [*] grok2api 远端上传：调用 Web SSO 导入接口（直连）
[17:12:46] 【推送Grok2API 成功】
[17:12:46] [+] 已上传 Web SSO: 新增=1, 更新=0, 同步=1, 失败=0
[17:12:46] [*] grok2api Console SSO 上传尝试 1/3
[17:12:46] [*] grok2api 远端上传：登录管理后台（直连，不走代理）
[17:12:46] [+] grok2api 远端登录成功
[17:12:46] [*] grok2api 远端上传：调用 Console SSO 导入接口（直连）
[17:12:47] 【推送Grok2API 成功】
[17:12:47] [+] 已上传 Console SSO: 新增=1, 更新=0, 同步=1, 失败=0
[17:12:47] [风控] 检查新账号注册风控状态 ...
[17:12:48] [风控] ✅ 注册风控状态可用: botFlagSource=0
[17:12:48] [风控] 注册风控状态可用: botFlagSource=0
[17:12:48] [CPA] SSO → 协议 Device Flow 换 token (proxy=socks5h://15.204.89.179:1191) ...
[17:12:48] [CPA] [*] 尝试协议 Device Flow 换 token ...
[17:12:49] [CPA] ✅ sso 有效（协议路径）
[17:12:49] [CPA] 🔑 Device Flow: 申请 device_code / user_code ...
[17:12:50] [CPA] [*] user_code=HKPK-E6VB interval=5s expires_in=1800s
[17:12:50] [CPA] [*] Device Flow: verify user_code ...
[17:12:50] [CPA] ✅ device/verify OK → https://accounts.x.ai/oauth2/device/consent?user_code=HKPK-E6VB
[17:12:50] [CPA] [*] Device Flow: approve allow principal_id=(empty) ...
[17:12:51] [CPA] ✅ device/approve 已允许
[17:12:51] [CPA] [*] Device Flow: 轮询 access/refresh token ...
[17:12:51] [CPA] ✅ access_token (expires_in=21600s) + refresh_token
[17:12:51] [CPA] JWT bfs 检测: clean
[17:12:51] [CPA] 已写入 CPA 本地 /home/ubuntu/grok-register-panel/cpa_auth/xai-xdvsiavxpp_4@outlook.com.json
[17:12:51] [CPA] 已上传 CPA 远程 http://127.0.0.1:18457/.../xai-xdvsiavxpp_4@outlook.com.json
[17:12:51] [CPA] 已写入 Grok2API /home/ubuntu/grok-register-panel/grok2api_auth/g2a-xdvsiavxpp_4@outlook.com.json
[17:12:51] [+] 注册成功: xdvsiavxpp+4@outlook.com
[17:12:51] [结果] status=ok ip=12.104.4.97 port=1191 email=xd***@outlook.com kind=success bot=0 risk=- bfs=-
[17:12:51] [*] 当前统计: 成功 14 | 失败 3 || 注册成功 14 | 注册失败 3 | SSO成功 16 | SSO失败 0 | 早期跳过 0 | G2A成功 16 | G2A失败 0 | CPA成功 14 | CPA失败 0 | 风控通过 14 | 风控 2
[17:12:53] [*] 下一个账号前等待 480 秒...
[17:13:53] [*] 账号间隔等待中… 剩余 420s / 共 480s
[17:14:53] [*] 账号间隔等待中… 剩余 360s / 共 480s
[17:15:53] [*] 账号间隔等待中… 剩余 300s / 共 480s
[17:16:53] [*] 账号间隔等待中… 剩余 240s / 共 480s
[17:17:53] [*] 账号间隔等待中… 剩余 180s / 共 480s
[17:18:53] [*] 账号间隔等待中… 剩余 120s / 共 480s
[17:19:53] [*] 账号间隔等待中… 剩余 60s / 共 480s
[17:20:53] [*] 下号代理: socks5h://109.166.36.243:1091
[17:20:53] --- 开始第 18/2000 个账号 ---
[17:20:53] [*] 1. 打开注册页 (尝试 1/3)
[17:20:58] [static-cache] enabled dir=/home/ubuntu/grok-register-panel/log/static-asset-cache hits=2787 misses=80 max_mb=1024
[17:20:58] [*] 出口IP=142.249.204.75 代理=socks5h://109.166.36.243:1091 | AS45691 | DODO-CORE - DODO K.K. | Tokyo
[17:20:58] [*] 指纹 os=windows platform=Win32 webgl=ANGLE (Intel, Intel(R) HD Graphics Direct3D11 vs_5_0 ps_5_0), or similar fontsWin=True ua=Mozilla/5.0 (Windows NT 10.0; Win64; x64; rv:152.0) Gecko/20100101 Firef… leak=none
[17:20:58] [*] 浏览器已启动
[17:21:05] [*] 当前URL: https://accounts.x.ai/sign-up?redirect=grok-com
[17:21:09] [*] 已点击「使用邮箱注册」按钮（原生事件）: Sign up with email
[17:21:10] [*] 2. 创建邮箱并提交
[17:21:11] [*] 已创建邮箱: ppupkdbbqft+4@outlook.com
[17:21:20] [*] 已填写邮箱并提交: ppupkdbbqft+4@outlook.com (Sign up)
[17:21:20] [*] 邮箱: ppupkdbbqft+4@outlook.com
[17:21:20] [*] 3. 拉取验证码
[17:21:24] [*] Outlook RT 等待验证码… 剩余 175s 邮件 4 封
[17:21:30] [*] Outlook RT 已提取验证码并完成库存记账
[17:21:33] [*] 已填写验证码并提交: 190-181
[17:21:33] [*] 验证码后页面 step=profile path=/sign-up?redirect=grok-com cf=True buttons=['Grok', 'Complete sign up', 'Go back', 'Your privacy choices']
[17:21:33] [*] 验证码: 190-181
[17:21:33] [*] 4. 填写资料
[17:21:45] [*] 等待 Cloudflare 人机验证通过后再提交... 当前token长度=0
[17:21:48] [*] 提交前仍卡住，自动再次复用 Turnstile...
[17:21:48] [*] 尝试点击 Turnstile...
[17:21:49] [*] 已点击 Turnstile frame body (24, 32)
[17:21:54] [*] Turnstile 已通过，token长度=709
[17:21:54] [*] Turnstile 二次复用完成，回填长度=709
[17:21:58] [*] 已点击资料提交: Ethan Lu
[17:21:58] [*] 提交后页面 step=profile path=/sign-up?redirect=grok-com hint=You are signing into Grok Complete your sign up ppupkdbbqft+4@outlook.com First name Last name Password Complete sign upGo back By continuin
[17:22:06] [*] 提交后页面 step=unknown path=/account hint=((a,b,c,d,e,f,g,h)=>{let i=document.documentElement,j=["light","dark"];function k(b){var c;(Array.isArray(a)?a:[a]).forEach(a=>{let c="class
[17:22:07] [*] 提交后页面 step=unknown path=/account hint=SpaceXAI Toggle theme EL Welcome, Ethan. Manage your account. Account Security Sessions Data Return to Redirecting You are being redirected,
[17:22:10] [*] 资料已填: Ethan Lu
[17:22:10] [*] registered_emails 已更新: ppupkdbbqft+4@outlook.com sso=empty
[17:22:10] [*] 5. 等待 sso cookie
[17:22:10] [*] 等待 sso 中... 已等 0s，剩余 29s | url=https://accounts.x.ai/account
[17:22:10] [*] 已获取到 sso cookie
[17:22:11] [*] registered_emails 已更新: ppupkdbbqft+4@outlook.com sso=yes
[17:22:11] [*] grok2api Web SSO 上传尝试 1/3
[17:22:11] [*] grok2api 远端上传：登录管理后台（直连，不走代理）
[17:22:11] [+] grok2api 远端登录成功
[17:22:11] [*] grok2api 远端上传：调用 Web SSO 导入接口（直连）
[17:22:12] 【推送Grok2API 成功】
[17:22:12] [+] 已上传 Web SSO: 新增=1, 更新=0, 同步=1, 失败=0
[17:22:12] [*] grok2api Console SSO 上传尝试 1/3
[17:22:12] [*] grok2api 远端上传：登录管理后台（直连，不走代理）
[17:22:12] [+] grok2api 远端登录成功
[17:22:12] [*] grok2api 远端上传：调用 Console SSO 导入接口（直连）
[17:22:13] 【推送Grok2API 成功】
[17:22:13] [+] 已上传 Console SSO: 新增=1, 更新=0, 同步=1, 失败=0
[17:22:13] [风控] 检查新账号注册风控状态 ...
[17:22:17] [风控] ✅ 注册风控状态可用: botFlagSource=0
[17:22:17] [风控] 注册风控状态可用: botFlagSource=0
[17:22:17] [CPA] SSO → 协议 Device Flow 换 token (proxy=socks5h://109.166.36.243:1091) ...
[17:22:17] [CPA] [*] 尝试协议 Device Flow 换 token ...
[17:22:19] [CPA] ✅ sso 有效（协议路径）
[17:22:19] [CPA] 🔑 Device Flow: 申请 device_code / user_code ...
[17:22:20] [CPA] [*] user_code=9CZB-BHPD interval=5s expires_in=1800s
[17:22:21] [CPA] [*] Device Flow: verify user_code ...
[17:22:22] [CPA] ✅ device/verify OK → https://accounts.x.ai/oauth2/device/consent?user_code=9CZB-BHPD
[17:22:22] [CPA] [*] Device Flow: approve allow principal_id=(empty) ...
[17:22:23] [CPA] ✅ device/approve 已允许
[17:22:23] [CPA] [*] Device Flow: 轮询 access/refresh token ...
[17:22:23] [CPA] ✅ access_token (expires_in=21600s) + refresh_token
[17:22:23] [CPA] JWT bfs 检测: clean
[17:22:23] [CPA] 已写入 CPA 本地 /home/ubuntu/grok-register-panel/cpa_auth/xai-ppupkdbbqft_4@outlook.com.json
[17:22:23] [CPA] 已上传 CPA 远程 http://127.0.0.1:18457/.../xai-ppupkdbbqft_4@outlook.com.json
[17:22:23] [CPA] 已写入 Grok2API /home/ubuntu/grok-register-panel/grok2api_auth/g2a-ppupkdbbqft_4@outlook.com.json
[17:22:23] [+] 注册成功: ppupkdbbqft+4@outlook.com
[17:22:23] [结果] status=ok ip=142.249.204.75 port=1091 email=pp***@outlook.com kind=success bot=0 risk=- bfs=-
[17:22:23] [*] 当前统计: 成功 15 | 失败 3 || 注册成功 15 | 注册失败 3 | SSO成功 17 | SSO失败 0 | 早期跳过 0 | G2A成功 17 | G2A失败 0 | CPA成功 15 | CPA失败 0 | 风控通过 15 | 风控 2
[17:22:23] [*] 已成功 15 个账号，执行定期清理: 关闭浏览器并清理内存
[17:22:24] [*] Python GC 已回收对象数: 13360
[17:22:25] [*] 下一个账号前等待 480 秒...
[17:23:25] [*] 账号间隔等待中… 剩余 420s / 共 480s
[17:24:25] [*] 账号间隔等待中… 剩余 360s / 共 480s
[17:25:25] [*] 账号间隔等待中… 剩余 300s / 共 480s
[17:26:25] [*] 账号间隔等待中… 剩余 240s / 共 480s
[17:27:25] [*] 账号间隔等待中… 剩余 180s / 共 480s
[17:28:25] [*] 账号间隔等待中… 剩余 120s / 共 480s
[17:29:25] [*] 账号间隔等待中… 剩余 60s / 共 480s
[17:30:25] [*] 下号代理: socks5h://109.166.36.243:1090
[17:30:25] --- 开始第 19/2000 个账号 ---
[17:30:25] [*] 1. 打开注册页 (尝试 1/3)
[17:30:29] [static-cache] enabled dir=/home/ubuntu/grok-register-panel/log/static-asset-cache hits=2890 misses=80 max_mb=1024
[17:30:29] [*] 出口IP=142.249.204.223 代理=socks5h://109.166.36.243:1090 | AS45691 | DODO-CORE - DODO K.K. | Tokyo
[17:30:29] [*] 指纹 os=windows platform=Win32 webgl=ANGLE (AMD, Radeon R9 200 Series Direct3D11 vs_5_0 ps_5_0), or similar fontsWin=True ua=Mozilla/5.0 (Windows NT 10.0; Win64; x64; rv:152.0) Gecko/20100101 Firef… leak=none
[17:30:29] [*] 浏览器已启动
[17:30:37] [*] 当前URL: https://accounts.x.ai/sign-up?redirect=grok-com
[17:30:40] [*] 已点击「使用邮箱注册」按钮（原生事件）: Sign up with email
[17:30:41] [*] 2. 创建邮箱并提交
[17:30:43] [*] 已创建邮箱: grehjabnhp+4@outlook.com
[17:30:50] [*] 已填写邮箱并提交: grehjabnhp+4@outlook.com (Sign up)
[17:30:50] [*] 邮箱: grehjabnhp+4@outlook.com
[17:30:50] [*] 3. 拉取验证码
[17:30:55] [*] Outlook RT 已提取验证码并完成库存记账
[17:30:58] [*] 已填写验证码并提交: 650-448
[17:30:58] [*] 验证码后页面 step=profile path=/sign-up?redirect=grok-com cf=True buttons=['Grok', 'Complete sign up', 'Go back', 'Your privacy choices']
[17:30:58] [*] 验证码: 650-448
[17:30:58] [*] 4. 填写资料
[17:31:11] [*] 已点击资料提交: Noah Fu
[17:31:11] [*] 提交后页面 step=profile path=/sign-up?redirect=grok-com hint=You are signing into Grok Complete your sign up grehjabnhp+4@outlook.com First name Last name Password Complete sign upGo back By continuing
[17:31:19] [*] 提交后页面 step=unknown path=/account hint=((a,b,c,d,e,f,g,h)=>{let i=document.documentElement,j=["light","dark"];function k(b){var c;(Array.isArray(a)?a:[a]).forEach(a=>{let c="class
[17:31:20] [*] 提交后页面 step=unknown path=/account hint=SpaceXAI Toggle theme NF Welcome, Noah. Manage your account. Account Security Sessions Data Return to Redirecting You are being redirected, 
[17:31:23] [*] 资料已填: Noah Fu
[17:31:23] [*] registered_emails 已更新: grehjabnhp+4@outlook.com sso=empty
[17:31:23] [*] 5. 等待 sso cookie
[17:31:24] [*] 等待 sso 中... 已等 0s，剩余 29s | url=https://accounts.x.ai/account
[17:31:25] [*] 已获取到 sso cookie
[17:31:25] [*] registered_emails 已更新: grehjabnhp+4@outlook.com sso=yes
[17:31:25] [*] grok2api Web SSO 上传尝试 1/3
[17:31:25] [*] grok2api 远端上传：登录管理后台（直连，不走代理）
[17:31:25] [+] grok2api 远端登录成功
[17:31:25] [*] grok2api 远端上传：调用 Web SSO 导入接口（直连）
[17:31:26] 【推送Grok2API 成功】
[17:31:26] [+] 已上传 Web SSO: 新增=1, 更新=0, 同步=1, 失败=0
[17:31:26] [*] grok2api Console SSO 上传尝试 1/3
[17:31:26] [*] grok2api 远端上传：登录管理后台（直连，不走代理）
[17:31:26] [+] grok2api 远端登录成功
[17:31:26] [*] grok2api 远端上传：调用 Console SSO 导入接口（直连）
[17:31:27] 【推送Grok2API 成功】
[17:31:27] [+] 已上传 Console SSO: 新增=1, 更新=0, 同步=1, 失败=0
[17:31:27] [风控] 检查新账号注册风控状态 ...
[17:31:29] [风控] ✅ 注册风控状态可用: botFlagSource=0
[17:31:29] [风控] 注册风控状态可用: botFlagSource=0
[17:31:29] [CPA] SSO → 协议 Device Flow 换 token (proxy=socks5h://109.166.36.243:1090) ...
[17:31:29] [CPA] [*] 尝试协议 Device Flow 换 token ...
[17:31:30] [CPA] ✅ sso 有效（协议路径）
[17:31:30] [CPA] 🔑 Device Flow: 申请 device_code / user_code ...
[17:31:31] [CPA] [*] user_code=4VKB-CG3N interval=5s expires_in=1800s
[17:31:32] [CPA] [*] Device Flow: verify user_code ...
[17:31:33] [CPA] ✅ device/verify OK → https://accounts.x.ai/oauth2/device/consent?user_code=4VKB-CG3N
[17:31:33] [CPA] [*] Device Flow: approve allow principal_id=(empty) ...
[17:31:34] [CPA] ✅ device/approve 已允许
[17:31:34] [CPA] [*] Device Flow: 轮询 access/refresh token ...
[17:31:34] [CPA] ✅ access_token (expires_in=21600s) + refresh_token
[17:31:34] [CPA] JWT bfs 检测: clean
[17:31:34] [CPA] 已写入 CPA 本地 /home/ubuntu/grok-register-panel/cpa_auth/xai-grehjabnhp_4@outlook.com.json
[17:31:34] [CPA] 已上传 CPA 远程 http://127.0.0.1:18457/.../xai-grehjabnhp_4@outlook.com.json
[17:31:34] [CPA] 已写入 Grok2API /home/ubuntu/grok-register-panel/grok2api_auth/g2a-grehjabnhp_4@outlook.com.json
[17:31:34] [+] 注册成功: grehjabnhp+4@outlook.com
[17:31:34] [结果] status=ok ip=142.249.204.223 port=1090 email=gr***@outlook.com kind=success bot=0 risk=- bfs=-
[17:31:34] [*] 当前统计: 成功 16 | 失败 3 || 注册成功 16 | 注册失败 3 | SSO成功 18 | SSO失败 0 | 早期跳过 0 | G2A成功 18 | G2A失败 0 | CPA成功 16 | CPA失败 0 | 风控通过 16 | 风控 2
[17:31:38] [*] 下一个账号前等待 480 秒...
[17:32:38] [*] 账号间隔等待中… 剩余 420s / 共 480s
[17:33:38] [*] 账号间隔等待中… 剩余 360s / 共 480s
[17:34:38] [*] 账号间隔等待中… 剩余 300s / 共 480s
[17:35:38] [*] 账号间隔等待中… 剩余 240s / 共 480s
[17:36:38] [*] 账号间隔等待中… 剩余 180s / 共 480s
[17:37:38] [*] 账号间隔等待中… 剩余 120s / 共 480s
[17:38:38] [*] 账号间隔等待中… 剩余 60s / 共 480s
[17:39:38] [*] 下号代理: socks5h://204.143.92.234:3660
[17:39:38] --- 开始第 20/2000 个账号 ---
[17:39:38] [*] 1. 打开注册页 (尝试 1/3)
[17:39:42] [static-cache] enabled dir=/home/ubuntu/grok-register-panel/log/static-asset-cache hits=3132 misses=80 max_mb=1024
[17:39:42] [*] 出口IP=204.143.92.234 代理=socks5h://204.143.92.234:3660 | AS2914 | NTT America, Inc. | Los Angeles
[17:39:43] [*] 指纹 os=windows platform=Win32 webgl=ANGLE (Intel, Intel(R) HD Graphics Direct3D11 vs_5_0 ps_5_0), or similar fontsWin=True ua=Mozilla/5.0 (Windows NT 10.0; Win64; x64; rv:152.0) Gecko/20100101 Firef… leak=none
[17:39:43] [*] 浏览器已启动
[17:39:53] [*] 当前URL: https://accounts.x.ai/sign-up?redirect=grok-com
[17:39:58] [*] 已点击「使用邮箱注册」按钮（原生事件）: Sign up with email
[17:39:59] [*] 2. 创建邮箱并提交
[17:40:00] [*] 已创建邮箱: grace29pp523walker+4@outlook.com
[17:40:10] [*] 已填写邮箱并提交: grace29pp523walker+4@outlook.com (Sign up)
[17:40:10] [*] 邮箱: grace29pp523walker+4@outlook.com
[17:40:10] [*] 3. 拉取验证码
[17:40:11] [*] Outlook RT 等待验证码… 剩余 178s 邮件 5 封
[17:40:15] [*] Outlook RT 已提取验证码并完成库存记账
[17:40:23] [*] 已填写验证码并提交: 999-152
[17:40:23] [*] 验证码后页面 step=profile path=/sign-up?redirect=grok-com cf=True buttons=['Grok', 'Complete sign up', 'Go back', 'Your privacy choices', 'Close', 'Cookies Settings', 'Accept All Cookies']
[17:40:23] [*] 验证码: 999-152
[17:40:23] [*] 4. 填写资料
[17:40:38] [*] 已点击资料提交: Evan Xiong
[17:40:38] [*] 提交后页面 step=profile path=/sign-up?redirect=grok-com hint=You are signing into Grok Complete your sign up grace29pp523walker+4@outlook.com First name Last name Password Complete sign upGo back By co
[17:40:41] [*] 提交后页面 step=unknown path=/account hint=((a,b,c,d,e,f,g,h)=>{let i=document.documentElement,j=["light","dark"];function k(b){var c;(Array.isArray(a)?a:[a]).forEach(a=>{let c="class
[17:40:42] [*] 提交后页面 step=unknown path=/account hint=SpaceXAI Toggle theme EX Welcome, Evan. Manage your account. Account Security Sessions Data Return to Redirecting You are being redirected, 
[17:40:45] [*] 提交后页面 step=probe-error path=https://accounts.x.ai/account hint=Page.evaluate: Execution context was destroyed, most likely because of a navigation
[17:40:48] [*] 提交后页面 step=unknown path=/ hint=Skip to main content
[17:40:48] [*] 资料已填: Evan Xiong
[17:40:49] [*] registered_emails 已更新: grace29pp523walker+4@outlook.com sso=empty
[17:40:49] [*] 5. 等待 sso cookie
[17:40:49] [*] 等待 sso 中... 已等 0s，剩余 29s | url=https://grok.com/
[17:40:49] [*] 已获取到 sso cookie
[17:40:49] [*] registered_emails 已更新: grace29pp523walker+4@outlook.com sso=yes
[17:40:49] [*] grok2api Web SSO 上传尝试 1/3
[17:40:49] [*] grok2api 远端上传：登录管理后台（直连，不走代理）
[17:40:49] [+] grok2api 远端登录成功
[17:40:49] [*] grok2api 远端上传：调用 Web SSO 导入接口（直连）
[17:40:50] 【推送Grok2API 成功】
[17:40:50] [+] 已上传 Web SSO: 新增=1, 更新=0, 同步=1, 失败=0
[17:40:50] [*] grok2api Console SSO 上传尝试 1/3
[17:40:50] [*] grok2api 远端上传：登录管理后台（直连，不走代理）
[17:40:50] [+] grok2api 远端登录成功
[17:40:50] [*] grok2api 远端上传：调用 Console SSO 导入接口（直连）
[17:40:51] 【推送Grok2API 成功】
[17:40:51] [+] 已上传 Console SSO: 新增=1, 更新=0, 同步=1, 失败=0
[17:40:51] [风控] 检查新账号注册风控状态 ...
[17:40:51] [风控] ✅ 注册风控状态可用: botFlagSource=0
[17:40:51] [风控] 注册风控状态可用: botFlagSource=0
[17:40:51] [CPA] SSO → 协议 Device Flow 换 token (proxy=socks5h://204.143.92.234:3660) ...
[17:40:51] [CPA] [*] 尝试协议 Device Flow 换 token ...
[17:40:52] [CPA] ✅ sso 有效（协议路径）
[17:40:52] [CPA] 🔑 Device Flow: 申请 device_code / user_code ...
[17:40:52] [CPA] [*] user_code=QTS7-CY7A interval=5s expires_in=1800s
[17:40:52] [CPA] [*] Device Flow: verify user_code ...
[17:40:53] [CPA] ✅ device/verify OK → https://accounts.x.ai/oauth2/device/consent?user_code=QTS7-CY7A
[17:40:53] [CPA] [*] Device Flow: approve allow principal_id=(empty) ...
[17:40:53] [CPA] ✅ device/approve 已允许
[17:40:53] [CPA] [*] Device Flow: 轮询 access/refresh token ...
[17:40:53] [CPA] ✅ access_token (expires_in=21600s) + refresh_token
[17:40:53] [CPA] JWT bfs 检测: clean
[17:40:53] [CPA] 已写入 CPA 本地 /home/ubuntu/grok-register-panel/cpa_auth/xai-grace29pp523walker_4@outlook.com.json
[17:40:53] [CPA] 已上传 CPA 远程 http://127.0.0.1:18457/.../xai-grace29pp523walker_4@outlook.com.json
[17:40:53] [CPA] 已写入 Grok2API /home/ubuntu/grok-register-panel/grok2api_auth/g2a-grace29pp523walker_4@outlook.com.json
[17:40:53] [+] 注册成功: grace29pp523walker+4@outlook.com
[17:40:53] [结果] status=ok ip=204.143.92.234 port=3660 email=gr***@outlook.com kind=success bot=0 risk=- bfs=-
[17:40:53] [*] 当前统计: 成功 17 | 失败 3 || 注册成功 17 | 注册失败 3 | SSO成功 19 | SSO失败 0 | 早期跳过 0 | G2A成功 19 | G2A失败 0 | CPA成功 17 | CPA失败 0 | 风控通过 17 | 风控 2
[17:40:55] [*] 下一个账号前等待 480 秒...
[17:41:55] [*] 账号间隔等待中… 剩余 420s / 共 480s
[17:42:55] [*] 账号间隔等待中… 剩余 360s / 共 480s
[17:43:55] [*] 账号间隔等待中… 剩余 300s / 共 480s
[17:44:55] [*] 账号间隔等待中… 剩余 240s / 共 480s
[17:45:55] [*] 账号间隔等待中… 剩余 180s / 共 480s
[17:46:55] [*] 账号间隔等待中… 剩余 120s / 共 480s
[17:47:55] [*] 账号间隔等待中… 剩余 60s / 共 480s
[17:48:55] [*] 下号代理: socks5h://15.204.89.179:1178
[17:48:55] --- 开始第 21/2000 个账号 ---
[17:48:55] [*] 1. 打开注册页 (尝试 1/3)
[17:49:01] [static-cache] enabled dir=/home/ubuntu/grok-register-panel/log/static-asset-cache hits=3375 misses=81 max_mb=1024
[17:49:01] [*] 出口IP=12.104.4.66 代理=socks5h://15.204.89.179:1178 | AS7018 | AT&T Enterprises, LLC | Boston
[17:49:01] [*] 指纹 os=windows platform=Win32 webgl=ANGLE (NVIDIA, NVIDIA GeForce GTX 980 Direct3D11 vs_5_0 ps_5_0), or similar fontsWin=True ua=Mozilla/5.0 (Windows NT 10.0; Win64; x64; rv:152.0) Gecko/20100101 Firef… leak=none
[17:49:01] [*] 浏览器已启动
[17:49:10] [*] 当前URL: https://accounts.x.ai/sign-up?redirect=grok-com
[17:49:16] [*] 已点击「使用邮箱注册」按钮（原生事件）: Sign up with email
[17:49:25] [!] 点击邮箱注册后仍无输入框，reload 重试
[17:49:32] [*] 已点击「使用邮箱注册」按钮（原生事件）: Sign up with email
[17:49:33] [*] 空页恢复：重新点击邮箱注册 form_ready=True
[17:49:33] [*] 2. 创建邮箱并提交
[17:49:34] [*] 已创建邮箱: chloecao841campbell+4@outlook.com
[17:49:44] [*] 已填写邮箱并提交: chloecao841campbell+4@outlook.com (Sign up)
[17:49:44] [*] 邮箱: chloecao841campbell+4@outlook.com
[17:49:44] [*] 3. 拉取验证码
[17:49:47] [*] Outlook RT 等待验证码… 剩余 176s 邮件 5 封
[17:49:53] [*] Outlook RT 已提取验证码并完成库存记账
[17:49:56] [*] 已填写验证码并提交: 700-299
[17:49:56] [*] 验证码后页面 step=profile path=/sign-up?redirect=grok-com cf=True buttons=['Grok', 'Complete sign up', 'Go back', 'Your privacy choices']
[17:49:56] [*] 验证码: 700-299
[17:49:56] [*] 4. 填写资料
[17:50:08] [*] 已点击资料提交: Lucas Fu
[17:50:08] [*] 提交后页面 step=profile path=/sign-up?redirect=grok-com hint=You are signing into Grok Complete your sign up chloecao841campbell+4@outlook.com First name Last name Password Complete sign upGo back By c
[17:50:14] [*] 提交后页面 step=unknown path=/account hint=((a,b,c,d,e,f,g,h)=>{let i=document.documentElement,j=["light","dark"];function k(b){var c;(Array.isArray(a)?a:[a]).forEach(a=>{let c="class
[17:50:15] [*] 提交后页面 step=unknown path=/account hint=SpaceXAI Toggle theme LF Welcome, Lucas. Manage your account. Account Security Sessions Data Return to Redirecting You are being redirected,
[17:50:20] [*] 提交后页面 step=unknown path=/ hint=Skip to main content
[17:50:20] [*] 资料已填: Lucas Fu
[17:50:21] [*] registered_emails 已更新: chloecao841campbell+4@outlook.com sso=empty
[17:50:21] [*] 5. 等待 sso cookie
[17:50:21] [*] 等待 sso 中... 已等 0s，剩余 29s | url=https://grok.com/
[17:50:21] [*] 已获取到 sso cookie
[17:50:21] [*] registered_emails 已更新: chloecao841campbell+4@outlook.com sso=yes
[17:50:21] [*] grok2api Web SSO 上传尝试 1/3
[17:50:21] [*] grok2api 远端上传：登录管理后台（直连，不走代理）
[17:50:21] [+] grok2api 远端登录成功
[17:50:21] [*] grok2api 远端上传：调用 Web SSO 导入接口（直连）
[17:50:22] 【推送Grok2API 成功】
[17:50:22] [+] 已上传 Web SSO: 新增=1, 更新=0, 同步=1, 失败=0
[17:50:22] [*] grok2api Console SSO 上传尝试 1/3
[17:50:22] [*] grok2api 远端上传：登录管理后台（直连，不走代理）
[17:50:22] [+] grok2api 远端登录成功
[17:50:22] [*] grok2api 远端上传：调用 Console SSO 导入接口（直连）
[17:50:22] 【推送Grok2API 成功】
[17:50:22] [+] 已上传 Console SSO: 新增=1, 更新=0, 同步=1, 失败=0
[17:50:22] [风控] 检查新账号注册风控状态 ...
[17:50:24] [风控] ✅ 注册风控状态可用: botFlagSource=0
[17:50:24] [风控] 注册风控状态可用: botFlagSource=0
[17:50:24] [CPA] SSO → 协议 Device Flow 换 token (proxy=socks5h://15.204.89.179:1178) ...
[17:50:24] [CPA] [*] 尝试协议 Device Flow 换 token ...
[17:50:25] [CPA] ✅ sso 有效（协议路径）
[17:50:25] [CPA] 🔑 Device Flow: 申请 device_code / user_code ...
[17:50:26] [CPA] [*] user_code=M7KA-KMXP interval=5s expires_in=1800s
[17:50:26] [CPA] [*] Device Flow: verify user_code ...
[17:50:26] [CPA] ✅ device/verify OK → https://accounts.x.ai/oauth2/device/consent?user_code=M7KA-KMXP
[17:50:26] [CPA] [*] Device Flow: approve allow principal_id=(empty) ...
[17:50:27] [CPA] ✅ device/approve 已允许
[17:50:27] [CPA] [*] Device Flow: 轮询 access/refresh token ...
[17:50:27] [CPA] ✅ access_token (expires_in=21600s) + refresh_token
[17:50:27] [CPA] JWT bfs 检测: clean
[17:50:27] [CPA] 已写入 CPA 本地 /home/ubuntu/grok-register-panel/cpa_auth/xai-chloecao841campbell_4@outlook.com.json
[17:50:27] [CPA] 已上传 CPA 远程 http://127.0.0.1:18457/.../xai-chloecao841campbell_4@outlook.com.json
[17:50:27] [CPA] 已写入 Grok2API /home/ubuntu/grok-register-panel/grok2api_auth/g2a-chloecao841campbell_4@outlook.com.json
[17:50:27] [+] 注册成功: chloecao841campbell+4@outlook.com
[17:50:27] [结果] status=ok ip=12.104.4.66 port=1178 email=ch***@outlook.com kind=success bot=0 risk=- bfs=-
[17:50:27] [*] 当前统计: 成功 18 | 失败 3 || 注册成功 18 | 注册失败 3 | SSO成功 20 | SSO失败 0 | 早期跳过 0 | G2A成功 20 | G2A失败 0 | CPA成功 18 | CPA失败 0 | 风控通过 18 | 风控 2
[17:50:29] [*] 下一个账号前等待 480 秒...
[17:51:29] [*] 账号间隔等待中… 剩余 420s / 共 480s
[17:52:29] [*] 账号间隔等待中… 剩余 360s / 共 480s
[17:53:29] [*] 账号间隔等待中… 剩余 300s / 共 480s
[17:54:29] [*] 账号间隔等待中… 剩余 240s / 共 480s
[17:55:29] [*] 账号间隔等待中… 剩余 180s / 共 480s
[17:56:29] [*] 账号间隔等待中… 剩余 120s / 共 480s
[17:57:29] [*] 账号间隔等待中… 剩余 60s / 共 480s
[17:58:29] [*] 下号代理: socks5h://109.166.36.243:1092
[17:58:29] --- 开始第 22/2000 个账号 ---
[17:58:29] [*] 1. 打开注册页 (尝试 1/3)
[17:58:33] [static-cache] enabled dir=/home/ubuntu/grok-register-panel/log/static-asset-cache hits=3672 misses=81 max_mb=1024
[17:58:33] [*] 出口IP=142.249.204.224 代理=socks5h://109.166.36.243:1092 | AS45691 | DODO-CORE - DODO K.K. | Tokyo
[17:58:33] [*] 指纹 os=windows platform=Win32 webgl=ANGLE (NVIDIA, NVIDIA GeForce GTX 980 Direct3D11 vs_5_0 ps_5_0), or similar fontsWin=True ua=Mozilla/5.0 (Windows NT 10.0; Win64; x64; rv:152.0) Gecko/20100101 Firef… leak=none
[17:58:33] [*] 浏览器已启动
[17:58:39] [*] 当前URL: https://accounts.x.ai/sign-up?redirect=grok-com
[17:58:44] [*] 已点击「使用邮箱注册」按钮（原生事件）: Sign up with email
[17:58:45] [*] 2. 创建邮箱并提交
[17:58:46] [*] 已创建邮箱: tracy1366njohnston+4@outlook.com
[17:58:55] [*] 已填写邮箱并提交: tracy1366njohnston+4@outlook.com (Sign up)
[17:58:55] [*] 邮箱: tracy1366njohnston+4@outlook.com
[17:58:55] [*] 3. 拉取验证码
[17:58:59] [*] Outlook RT 等待验证码… 剩余 176s 邮件 5 封
[17:59:04] [*] Outlook RT 已提取验证码并完成库存记账
[17:59:07] [*] 已填写验证码并提交: 832-883
[17:59:07] [*] 验证码后页面 step=profile path=/sign-up?redirect=grok-com cf=True buttons=['Grok', 'Complete sign up', 'Go back', 'Your privacy choices']
[17:59:07] [*] 验证码: 832-883
[17:59:07] [*] 4. 填写资料
[17:59:20] [*] 已点击资料提交: Alex Mao
[17:59:20] [*] 提交后页面 step=profile path=/sign-up?redirect=grok-com hint=You are signing into Grok Complete your sign up tracy1366njohnston+4@outlook.com First name Last name Password Complete sign upGo back By co
[17:59:27] [*] 提交后页面 step=unknown path=/account hint=((a,b,c,d,e,f,g,h)=>{let i=document.documentElement,j=["light","dark"];function k(b){var c;(Array.isArray(a)?a:[a]).forEach(a=>{let c="class
[17:59:27] [*] 提交后页面 step=unknown path=/account hint=SpaceXAI Toggle theme AM Welcome, Alex. Manage your account. Account Security Sessions Data Return to Redirecting You are being redirected, 
[17:59:31] [*] 提交后页面 step=probe-error path=https://accounts.x.ai/account hint=Page.evaluate: Execution context was destroyed, most likely because of a navigation
[17:59:33] [*] 资料已填: Alex Mao
[17:59:33] [*] registered_emails 已更新: tracy1366njohnston+4@outlook.com sso=empty
[17:59:33] [*] 5. 等待 sso cookie
[17:59:33] [*] 等待 sso 中... 已等 0s，剩余 29s | url=https://grok.com/
[17:59:34] [*] 已获取到 sso cookie
[17:59:34] [*] registered_emails 已更新: tracy1366njohnston+4@outlook.com sso=yes
[17:59:34] [*] grok2api Web SSO 上传尝试 1/3
[17:59:34] [*] grok2api 远端上传：登录管理后台（直连，不走代理）
[17:59:34] [+] grok2api 远端登录成功
[17:59:34] [*] grok2api 远端上传：调用 Web SSO 导入接口（直连）
[17:59:35] 【推送Grok2API 成功】
[17:59:35] [+] 已上传 Web SSO: 新增=1, 更新=0, 同步=1, 失败=0
[17:59:35] [*] grok2api Console SSO 上传尝试 1/3
[17:59:35] [*] grok2api 远端上传：登录管理后台（直连，不走代理）
[17:59:35] [+] grok2api 远端登录成功
[17:59:35] [*] grok2api 远端上传：调用 Console SSO 导入接口（直连）
[17:59:36] 【推送Grok2API 成功】
[17:59:36] [+] 已上传 Console SSO: 新增=1, 更新=0, 同步=1, 失败=0
[17:59:36] [风控] 检查新账号注册风控状态 ...
[17:59:37] [风控] ✅ 注册风控状态可用: botFlagSource=0
[17:59:37] [风控] 注册风控状态可用: botFlagSource=0
[17:59:37] [CPA] SSO → 协议 Device Flow 换 token (proxy=socks5h://109.166.36.243:1092) ...
[17:59:37] [CPA] [*] 尝试协议 Device Flow 换 token ...
[17:59:39] [CPA] ✅ sso 有效（协议路径）
[17:59:39] [CPA] 🔑 Device Flow: 申请 device_code / user_code ...
[17:59:40] [CPA] [*] user_code=MYK4-WN73 interval=5s expires_in=1800s
[17:59:41] [CPA] [*] Device Flow: verify user_code ...
[17:59:42] [CPA] ✅ device/verify OK → https://accounts.x.ai/oauth2/device/consent?user_code=MYK4-WN73
[17:59:42] [CPA] [*] Device Flow: approve allow principal_id=(empty) ...
[17:59:42] [CPA] ✅ device/approve 已允许
[17:59:42] [CPA] [*] Device Flow: 轮询 access/refresh token ...
[17:59:43] [CPA] ✅ access_token (expires_in=21600s) + refresh_token
[17:59:43] [CPA] JWT bfs 检测: clean
[17:59:43] [CPA] 已写入 CPA 本地 /home/ubuntu/grok-register-panel/cpa_auth/xai-tracy1366njohnston_4@outlook.com.json
[17:59:43] [CPA] 已上传 CPA 远程 http://127.0.0.1:18457/.../xai-tracy1366njohnston_4@outlook.com.json
[17:59:43] [CPA] 已写入 Grok2API /home/ubuntu/grok-register-panel/grok2api_auth/g2a-tracy1366njohnston_4@outlook.com.json
[17:59:43] [+] 注册成功: tracy1366njohnston+4@outlook.com
[17:59:43] [结果] status=ok ip=142.249.204.224 port=1092 email=tr***@outlook.com kind=success bot=0 risk=- bfs=-
[17:59:43] [*] 当前统计: 成功 19 | 失败 3 || 注册成功 19 | 注册失败 3 | SSO成功 21 | SSO失败 0 | 早期跳过 0 | G2A成功 21 | G2A失败 0 | CPA成功 19 | CPA失败 0 | 风控通过 19 | 风控 2
[17:59:45] [*] 下一个账号前等待 480 秒...
[18:00:45] [*] 账号间隔等待中… 剩余 420s / 共 480s
[18:01:45] [*] 账号间隔等待中… 剩余 360s / 共 480s
[18:02:45] [*] 账号间隔等待中… 剩余 300s / 共 480s
[18:03:45] [*] 账号间隔等待中… 剩余 240s / 共 480s
[18:04:45] [*] 账号间隔等待中… 剩余 180s / 共 480s
[18:05:45] [*] 账号间隔等待中… 剩余 120s / 共 480s
[18:06:45] [*] 账号间隔等待中… 剩余 60s / 共 480s
[18:07:45] [*] 下号代理: socks5h://15.204.89.179:1191
[18:07:45] --- 开始第 23/2000 个账号 ---
[18:07:45] [*] 1. 打开注册页 (尝试 1/3)
[18:07:50] [static-cache] enabled dir=/home/ubuntu/grok-register-panel/log/static-asset-cache hits=3916 misses=81 max_mb=1024
[18:07:50] [*] 出口IP=12.104.4.97 代理=socks5h://15.204.89.179:1191 | AS7018 | AT&T Enterprises, LLC | Boston
[18:07:50] [*] 指纹 os=windows platform=Win32 webgl=ANGLE (NVIDIA, NVIDIA GeForce GTX 980 Direct3D11 vs_5_0 ps_5_0), or similar fontsWin=True ua=Mozilla/5.0 (Windows NT 10.0; Win64; x64; rv:152.0) Gecko/20100101 Firef… leak=none
[18:07:50] [*] 浏览器已启动
[18:07:57] [*] 当前URL: https://accounts.x.ai/sign-up?redirect=grok-com
[18:08:00] [*] 已点击「使用邮箱注册」按钮（原生事件）: Sign up with email
[18:08:01] [*] 2. 创建邮箱并提交
[18:08:03] [*] 已创建邮箱: deborah3375788ryan+4@outlook.com
[18:08:14] [*] 已填写邮箱并提交: deborah3375788ryan+4@outlook.com (Sign up)
[18:08:14] [*] 邮箱: deborah3375788ryan+4@outlook.com
[18:08:14] [*] 3. 拉取验证码
[18:08:18] [*] Outlook RT 等待验证码… 剩余 176s 邮件 5 封
[18:08:23] [*] Outlook RT 已提取验证码并完成库存记账
[18:08:27] [*] 已填写验证码并提交: 842-381
[18:08:27] [*] 验证码后页面 step=profile path=/sign-up?redirect=grok-com cf=True buttons=['Grok', 'Complete sign up', 'Go back', 'Your privacy choices']
[18:08:27] [*] 验证码: 842-381
[18:08:27] [*] 4. 填写资料
[18:08:41] [*] 已点击资料提交: Peter Bai
[18:08:41] [*] 提交后页面 step=profile path=/sign-up?redirect=grok-com hint=You are signing into Grok Complete your sign up deborah3375788ryan+4@outlook.com First name Last name Password Complete sign upGo back By co
[18:08:47] [*] 提交后页面 step=unknown path=/account hint=((a,b,c,d,e,f,g,h)=>{let i=document.documentElement,j=["light","dark"];function k(b){var c;(Array.isArray(a)?a:[a]).forEach(a=>{let c="class
[18:08:48] [*] 提交后页面 step=unknown path=/account hint=SpaceXAI Toggle theme PB Welcome, Peter. Manage your account. Account Security Sessions Data Return to Redirecting You are being redirected,
[18:08:52] [*] 提交后页面 step=probe-error path=https://accounts.x.ai/account hint=Page.evaluate: Execution context was destroyed, most likely because of a navigation
[18:08:53] [*] 资料已填: Peter Bai
[18:08:53] [*] registered_emails 已更新: deborah3375788ryan+4@outlook.com sso=empty
[18:08:53] [*] 5. 等待 sso cookie
[18:08:54] [*] 等待 sso 中... 已等 0s，剩余 29s | url=https://accounts.x.ai/account
[18:08:55] [*] 已获取到 sso cookie
[18:08:55] [*] registered_emails 已更新: deborah3375788ryan+4@outlook.com sso=yes
[18:08:55] [*] grok2api Web SSO 上传尝试 1/3
[18:08:55] [*] grok2api 远端上传：登录管理后台（直连，不走代理）
[18:08:56] [+] grok2api 远端登录成功
[18:08:56] [*] grok2api 远端上传：调用 Web SSO 导入接口（直连）
[18:08:58] 【推送Grok2API 成功】
[18:08:58] [+] 已上传 Web SSO: 新增=1, 更新=0, 同步=1, 失败=0
[18:08:58] [*] grok2api Console SSO 上传尝试 1/3
[18:08:58] [*] grok2api 远端上传：登录管理后台（直连，不走代理）
[18:08:58] [+] grok2api 远端登录成功
[18:08:58] [*] grok2api 远端上传：调用 Console SSO 导入接口（直连）
[18:08:58] 【推送Grok2API 成功】
[18:08:58] [+] 已上传 Console SSO: 新增=1, 更新=0, 同步=1, 失败=0
[18:08:58] [风控] 检查新账号注册风控状态 ...
[18:09:00] [风控] ✅ 注册风控状态可用: botFlagSource=0
[18:09:00] [风控] 注册风控状态可用: botFlagSource=0
[18:09:00] [CPA] SSO → 协议 Device Flow 换 token (proxy=socks5h://15.204.89.179:1191) ...
[18:09:00] [CPA] [*] 尝试协议 Device Flow 换 token ...
[18:09:01] [CPA] ✅ sso 有效（协议路径）
[18:09:01] [CPA] 🔑 Device Flow: 申请 device_code / user_code ...
[18:09:02] [CPA] [*] user_code=VSM2-DRKR interval=5s expires_in=1800s
[18:09:02] [CPA] [*] Device Flow: verify user_code ...
[18:09:02] [CPA] ✅ device/verify OK → https://accounts.x.ai/oauth2/device/consent?user_code=VSM2-DRKR
[18:09:02] [CPA] [*] Device Flow: approve allow principal_id=(empty) ...
[18:09:03] [CPA] ✅ device/approve 已允许
[18:09:05] [CPA] [*] Device Flow: 轮询 access/refresh token ...
[18:09:05] [CPA] ✅ access_token (expires_in=21600s) + refresh_token
[18:09:05] [CPA] JWT bfs 检测: clean
[18:09:05] [CPA] 已写入 CPA 本地 /home/ubuntu/grok-register-panel/cpa_auth/xai-deborah3375788ryan_4@outlook.com.json
[18:09:17] [CPA] 已上传 CPA 远程 http://127.0.0.1:18457/.../xai-deborah3375788ryan_4@outlook.com.json
[18:09:17] [CPA] 已写入 Grok2API /home/ubuntu/grok-register-panel/grok2api_auth/g2a-deborah3375788ryan_4@outlook.com.json
[18:09:17] [+] 注册成功: deborah3375788ryan+4@outlook.com
[18:09:17] [结果] status=ok ip=12.104.4.97 port=1191 email=de***@outlook.com kind=success bot=0 risk=- bfs=-
[18:09:17] [*] 当前统计: 成功 20 | 失败 3 || 注册成功 20 | 注册失败 3 | SSO成功 22 | SSO失败 0 | 早期跳过 0 | G2A成功 22 | G2A失败 0 | CPA成功 20 | CPA失败 0 | 风控通过 20 | 风控 2
[18:09:17] [*] 已成功 20 个账号，执行定期清理: 关闭浏览器并清理内存
[18:09:19] [*] Python GC 已回收对象数: 26017
[18:09:19] [*] 下一个账号前等待 480 秒...
[18:10:19] [*] 账号间隔等待中… 剩余 420s / 共 480s
[18:11:19] [*] 账号间隔等待中… 剩余 360s / 共 480s
[18:12:19] [*] 账号间隔等待中… 剩余 300s / 共 480s
[18:13:19] [*] 账号间隔等待中… 剩余 240s / 共 480s
[18:14:19] [*] 账号间隔等待中… 剩余 180s / 共 480s
[18:15:19] [*] 账号间隔等待中… 剩余 120s / 共 480s
[18:16:19] [*] 账号间隔等待中… 剩余 60s / 共 480s
[18:17:19] [*] 下号代理: socks5h://109.166.36.243:1091
[18:17:19] --- 开始第 24/2000 个账号 ---
[18:17:19] [*] 1. 打开注册页 (尝试 1/3)
[18:17:24] [static-cache] enabled dir=/home/ubuntu/grok-register-panel/log/static-asset-cache hits=4160 misses=81 max_mb=1024
[18:17:24] [*] 出口IP=142.249.204.75 代理=socks5h://109.166.36.243:1091 | AS45691 | DODO-CORE - DODO K.K. | Tokyo
[18:17:24] [*] 指纹 os=windows platform=Win32 webgl=ANGLE (NVIDIA, NVIDIA GeForce GTX 980 Direct3D11 vs_5_0 ps_5_0), or similar fontsWin=True ua=Mozilla/5.0 (Windows NT 10.0; Win64; x64; rv:152.0) Gecko/20100101 Firef… leak=none
[18:17:24] [*] 浏览器已启动
[18:17:31] [*] 当前URL: https://accounts.x.ai/sign-up?redirect=grok-com
[18:17:34] [*] 已点击「使用邮箱注册」按钮（原生事件）: Sign up with email
[18:17:35] [*] 2. 创建邮箱并提交
[18:17:36] [*] 已创建邮箱: kim2756twhite+3@outlook.com
[18:17:46] [*] 已填写邮箱并提交: kim2756twhite+3@outlook.com (Sign up)
[18:17:46] [*] 邮箱: kim2756twhite+3@outlook.com
[18:17:46] [*] 3. 拉取验证码
[18:17:51] [*] Outlook RT 等待验证码… 剩余 175s 邮件 4 封
[18:17:56] [*] Outlook RT 已提取验证码并完成库存记账
[18:18:00] [*] 已填写验证码并提交: 437-574
[18:18:00] [*] 验证码后页面 step=profile path=/sign-up?redirect=grok-com cf=True buttons=['Grok', 'Complete sign up', 'Go back', 'Your privacy choices']
[18:18:00] [*] 验证码: 437-574
[18:18:00] [*] 4. 填写资料
[18:18:10] [*] 等待 Cloudflare 人机验证通过后再提交... 当前token长度=0
[18:18:13] [*] 提交前仍卡住，自动再次复用 Turnstile...
[18:18:13] [*] 尝试点击 Turnstile...
[18:18:15] [*] 已点击 Turnstile frame body (24, 32)
[18:18:20] [*] Turnstile 已通过，token长度=709
[18:18:20] [*] Turnstile 二次复用完成，回填长度=709
[18:18:22] [*] 已点击资料提交: Logan Qin
[18:18:22] [*] 提交后页面 step=profile path=/sign-up?redirect=grok-com hint=You are signing into Grok Complete your sign up kim2756twhite+3@outlook.com First name Last name Password Complete sign upGo back By continu
[18:18:33] [*] 提交后页面 step=unknown path=/account hint=((a,b,c,d,e,f,g,h)=>{let i=document.documentElement,j=["light","dark"];function k(b){var c;(Array.isArray(a)?a:[a]).forEach(a=>{let c="class
[18:18:34] [*] 提交后页面 step=unknown path=/account hint=SpaceXAI Toggle theme LQ Welcome, Logan. Manage your account. Account Security Sessions Data Return to Redirecting You are being redirected,
[18:18:34] [*] 资料已填: Logan Qin
[18:18:35] [*] registered_emails 已更新: kim2756twhite+3@outlook.com sso=empty
[18:18:35] [*] 5. 等待 sso cookie
[18:18:35] [*] 等待 sso 中... 已等 0s，剩余 29s | url=https://accounts.x.ai/account
[18:18:35] [*] 已获取到 sso cookie
[18:18:35] [*] registered_emails 已更新: kim2756twhite+3@outlook.com sso=yes
[18:18:35] [*] grok2api Web SSO 上传尝试 1/3
[18:18:35] [*] grok2api 远端上传：登录管理后台（直连，不走代理）
[18:18:36] [+] grok2api 远端登录成功
[18:18:36] [*] grok2api 远端上传：调用 Web SSO 导入接口（直连）
[18:18:37] 【推送Grok2API 成功】
[18:18:37] [+] 已上传 Web SSO: 新增=1, 更新=0, 同步=1, 失败=0
[18:18:37] [*] grok2api Console SSO 上传尝试 1/3
[18:18:37] [*] grok2api 远端上传：登录管理后台（直连，不走代理）
[18:18:37] [+] grok2api 远端登录成功
[18:18:37] [*] grok2api 远端上传：调用 Console SSO 导入接口（直连）
[18:18:37] 【推送Grok2API 成功】
[18:18:37] [+] 已上传 Console SSO: 新增=1, 更新=0, 同步=1, 失败=0
[18:18:37] [风控] 检查新账号注册风控状态 ...
[18:18:39] [风控] ✅ 注册风控状态可用: botFlagSource=0
[18:18:39] [风控] 注册风控状态可用: botFlagSource=0
[18:18:39] [CPA] SSO → 协议 Device Flow 换 token (proxy=socks5h://109.166.36.243:1091) ...
[18:18:39] [CPA] [*] 尝试协议 Device Flow 换 token ...
[18:18:40] [CPA] ✅ sso 有效（协议路径）
[18:18:40] [CPA] 🔑 Device Flow: 申请 device_code / user_code ...
[18:18:41] [CPA] [*] user_code=RFPK-B6Z3 interval=5s expires_in=1800s
[18:18:42] [CPA] [*] Device Flow: verify user_code ...
[18:18:43] [CPA] ✅ device/verify OK → https://accounts.x.ai/oauth2/device/consent?user_code=RFPK-B6Z3
[18:18:43] [CPA] [*] Device Flow: approve allow principal_id=(empty) ...
[18:18:44] [CPA] ✅ device/approve 已允许
[18:18:44] [CPA] [*] Device Flow: 轮询 access/refresh token ...
[18:18:44] [CPA] ✅ access_token (expires_in=21600s) + refresh_token
[18:18:44] [CPA] JWT bfs 检测: clean
[18:18:44] [CPA] 已写入 CPA 本地 /home/ubuntu/grok-register-panel/cpa_auth/xai-kim2756twhite_3@outlook.com.json
[18:18:44] [CPA] 已上传 CPA 远程 http://127.0.0.1:18457/.../xai-kim2756twhite_3@outlook.com.json
[18:18:44] [CPA] 已写入 Grok2API /home/ubuntu/grok-register-panel/grok2api_auth/g2a-kim2756twhite_3@outlook.com.json
[18:18:44] [+] 注册成功: kim2756twhite+3@outlook.com
[18:18:45] [结果] status=ok ip=142.249.204.75 port=1091 email=ki***@outlook.com kind=success bot=0 risk=- bfs=-
[18:18:45] [*] 当前统计: 成功 21 | 失败 3 || 注册成功 21 | 注册失败 3 | SSO成功 23 | SSO失败 0 | 早期跳过 0 | G2A成功 23 | G2A失败 0 | CPA成功 21 | CPA失败 0 | 风控通过 21 | 风控 2
[18:18:46] [*] 下一个账号前等待 480 秒...
[18:19:46] [*] 账号间隔等待中… 剩余 420s / 共 480s
[18:20:46] [*] 账号间隔等待中… 剩余 360s / 共 480s
[18:21:46] [*] 账号间隔等待中… 剩余 300s / 共 480s
[18:22:46] [*] 账号间隔等待中… 剩余 240s / 共 480s
[18:23:46] [*] 账号间隔等待中… 剩余 180s / 共 480s
[18:24:46] [*] 账号间隔等待中… 剩余 120s / 共 480s
[18:25:46] [*] 账号间隔等待中… 剩余 60s / 共 480s
[18:26:46] [*] 下号代理: socks5h://109.166.36.243:1090
[18:26:46] --- 开始第 25/2000 个账号 ---
[18:26:46] [*] 1. 打开注册页 (尝试 1/3)
[18:26:50] [static-cache] enabled dir=/home/ubuntu/grok-register-panel/log/static-asset-cache hits=4255 misses=88 max_mb=1024
[18:26:50] [*] 出口IP=142.249.204.223 代理=socks5h://109.166.36.243:1090 | AS45691 | DODO-CORE - DODO K.K. | Tokyo
[18:26:50] [*] 指纹 os=windows platform=Win32 webgl=ANGLE (Intel, Intel(R) HD Graphics 400 Direct3D11 vs_5_0 ps_5_0), or similar fontsWin=True ua=Mozilla/5.0 (Windows NT 10.0; Win64; x64; rv:152.0) Gecko/20100101 Firef… leak=none
[18:26:50] [*] 浏览器已启动
[18:26:58] [*] 当前URL: https://accounts.x.ai/sign-up?redirect=grok-com
[18:27:01] [*] 已点击「使用邮箱注册」按钮（原生事件）: Sign up with email
[18:27:02] [*] 2. 创建邮箱并提交
[18:27:03] [*] 已创建邮箱: angel1958776allen+3@outlook.com
[18:27:12] [*] 已填写邮箱并提交: angel1958776allen+3@outlook.com (Sign up)
[18:27:12] [*] 邮箱: angel1958776allen+3@outlook.com
[18:27:12] [*] 3. 拉取验证码
[18:27:16] [*] Outlook RT 等待验证码… 剩余 176s 邮件 4 封
[18:27:21] [*] Outlook RT 已提取验证码并完成库存记账
[18:27:25] [*] 已填写验证码并提交: 099-011
[18:27:25] [*] 验证码后页面 step=profile path=/sign-up?redirect=grok-com cf=True buttons=['Grok', 'Complete sign up', 'Go back', 'Your privacy choices']
[18:27:25] [*] 验证码: 099-011
[18:27:25] [*] 4. 填写资料
[18:27:37] [*] 已点击资料提交: Nathan Song
[18:27:38] [*] 提交后页面 step=profile path=/sign-up?redirect=grok-com hint=You are signing into Grok Complete your sign up angel1958776allen+3@outlook.com First name Last name Password Complete sign upGo back By con
[18:27:45] [*] 提交后页面 step=unknown path=/account hint=((a,b,c,d,e,f,g,h)=>{let i=document.documentElement,j=["light","dark"];function k(b){var c;(Array.isArray(a)?a:[a]).forEach(a=>{let c="class
[18:27:46] [*] 提交后页面 step=unknown path=/account hint=SpaceXAI Toggle theme NS Welcome, Nathan. Manage your account. Account Security Sessions Data Return to Redirecting You are being redirected
[18:27:50] [*] 资料已填: Nathan Song
[18:27:50] [*] registered_emails 已更新: angel1958776allen+3@outlook.com sso=empty
[18:27:50] [*] 5. 等待 sso cookie
[18:27:50] [*] 等待 sso 中... 已等 0s，剩余 29s | url=https://accounts.x.ai/account
[18:27:50] [*] 已获取到 sso cookie
[18:27:50] [*] registered_emails 已更新: angel1958776allen+3@outlook.com sso=yes
[18:27:50] [*] grok2api Web SSO 上传尝试 1/3
[18:27:50] [*] grok2api 远端上传：登录管理后台（直连，不走代理）
[18:27:50] [+] grok2api 远端登录成功
[18:27:50] [*] grok2api 远端上传：调用 Web SSO 导入接口（直连）
[18:27:51] 【推送Grok2API 成功】
[18:27:51] [+] 已上传 Web SSO: 新增=1, 更新=0, 同步=1, 失败=0
[18:27:51] [*] grok2api Console SSO 上传尝试 1/3
[18:27:51] [*] grok2api 远端上传：登录管理后台（直连，不走代理）
[18:27:51] [+] grok2api 远端登录成功
[18:27:51] [*] grok2api 远端上传：调用 Console SSO 导入接口（直连）
[18:27:52] 【推送Grok2API 成功】
[18:27:52] [+] 已上传 Console SSO: 新增=1, 更新=0, 同步=1, 失败=0
[18:27:52] [风控] 检查新账号注册风控状态 ...
[18:27:53] [风控] ✅ 注册风控状态可用: botFlagSource=0
[18:27:53] [风控] 注册风控状态可用: botFlagSource=0
[18:27:53] [CPA] SSO → 协议 Device Flow 换 token (proxy=socks5h://109.166.36.243:1090) ...
[18:27:53] [CPA] [*] 尝试协议 Device Flow 换 token ...
[18:27:55] [CPA] ✅ sso 有效（协议路径）
[18:27:55] [CPA] 🔑 Device Flow: 申请 device_code / user_code ...
[18:27:56] [CPA] [*] user_code=KV23-73QQ interval=5s expires_in=1800s
[18:27:57] [CPA] [*] Device Flow: verify user_code ...
[18:27:57] [CPA] ✅ device/verify OK → https://accounts.x.ai/oauth2/device/consent?user_code=KV23-73QQ
[18:27:57] [CPA] [*] Device Flow: approve allow principal_id=(empty) ...
[18:27:58] [CPA] ✅ device/approve 已允许
[18:27:58] [CPA] [*] Device Flow: 轮询 access/refresh token ...
[18:27:58] [CPA] ✅ access_token (expires_in=21600s) + refresh_token
[18:27:58] [CPA] JWT bfs 检测: clean
[18:27:58] [CPA] 已写入 CPA 本地 /home/ubuntu/grok-register-panel/cpa_auth/xai-angel1958776allen_3@outlook.com.json
[18:27:58] [CPA] 已上传 CPA 远程 http://127.0.0.1:18457/.../xai-angel1958776allen_3@outlook.com.json
[18:27:58] [CPA] 已写入 Grok2API /home/ubuntu/grok-register-panel/grok2api_auth/g2a-angel1958776allen_3@outlook.com.json
[18:27:58] [+] 注册成功: angel1958776allen+3@outlook.com
[18:27:58] [结果] status=ok ip=142.249.204.223 port=1090 email=an***@outlook.com kind=success bot=0 risk=- bfs=-
[18:27:58] [*] 当前统计: 成功 22 | 失败 3 || 注册成功 22 | 注册失败 3 | SSO成功 24 | SSO失败 0 | 早期跳过 0 | G2A成功 24 | G2A失败 0 | CPA成功 22 | CPA失败 0 | 风控通过 22 | 风控 2
[18:28:00] [*] 下一个账号前等待 480 秒...
[18:29:00] [*] 账号间隔等待中… 剩余 420s / 共 480s
[18:30:00] [*] 账号间隔等待中… 剩余 360s / 共 480s
[18:31:00] [*] 账号间隔等待中… 剩余 300s / 共 480s
[18:32:00] [*] 账号间隔等待中… 剩余 240s / 共 480s
[18:33:00] [*] 账号间隔等待中… 剩余 180s / 共 480s
[18:34:00] [*] 账号间隔等待中… 剩余 120s / 共 480s
[18:35:00] [*] 账号间隔等待中… 剩余 60s / 共 480s
[18:36:00] [*] 下号代理: socks5h://204.143.92.234:3660
[18:36:00] --- 开始第 26/2000 个账号 ---
[18:36:00] [*] 1. 打开注册页 (尝试 1/3)
[18:36:08] [-] 注册失败 [浏览器断开]: 浏览器启动失败，已尝试1次: 代理不可用或过慢，无法解析出口 IP（将换 sticky）: 代理出口 IP 探测失败(total_timeout=8.0s): HTTPSConnectionPool(host='checkip.amazonaws.com', port=443): Read timed out. (read timeout=3.998678732983535)
[18:36:08] [结果] status=fail ip=? port=3660 email=- kind=browser bot=- risk=- bfs=-
[18:36:08] [*] 当前统计: 成功 22 | 失败 4 || 注册成功 22 | 注册失败 4 | SSO成功 24 | SSO失败 0 | 早期跳过 0 | G2A成功 24 | G2A失败 0 | CPA成功 22 | CPA失败 0 | 风控通过 22 | 风控 2
[18:36:08] [*] 下一个账号前等待 480 秒...
[18:37:08] [*] 账号间隔等待中… 剩余 420s / 共 480s
[18:38:08] [*] 账号间隔等待中… 剩余 360s / 共 480s
[18:39:08] [*] 账号间隔等待中… 剩余 300s / 共 480s
[18:40:08] [*] 账号间隔等待中… 剩余 240s / 共 480s
[18:41:08] [*] 账号间隔等待中… 剩余 180s / 共 480s
[18:42:08] [*] 账号间隔等待中… 剩余 120s / 共 480s
[18:43:08] [*] 账号间隔等待中… 剩余 60s / 共 480s
[18:44:08] [*] 下号代理: socks5h://15.204.89.179:1178
[18:44:08] --- 开始第 27/2000 个账号 ---
[18:44:08] [*] 1. 打开注册页 (尝试 1/3)
[18:44:14] [static-cache] enabled dir=/home/ubuntu/grok-register-panel/log/static-asset-cache hits=4359 misses=88 max_mb=1024
[18:44:14] [*] 出口IP=12.104.4.66 代理=socks5h://15.204.89.179:1178 | AS7018 | AT&T Enterprises, LLC | Boston
[18:44:14] [*] 指纹 os=windows platform=Win32 webgl=ANGLE (NVIDIA, NVIDIA GeForce GTX 980 Direct3D11 vs_5_0 ps_5_0), or similar fontsWin=True ua=Mozilla/5.0 (Windows NT 10.0; Win64; x64; rv:152.0) Gecko/20100101 Firef… leak=none
[18:44:14] [*] 浏览器已启动
[18:44:25] [*] 当前URL: https://accounts.x.ai/sign-up?redirect=grok-com
[18:44:29] [*] 已点击「使用邮箱注册」按钮（原生事件）: Sign up with email
[18:44:30] [*] 2. 创建邮箱并提交
[18:44:31] [*] 已创建邮箱: curtis1896psteward+3@outlook.com
[18:44:41] [*] 已填写邮箱并提交: curtis1896psteward+3@outlook.com (Sign up)
[18:44:41] [*] 邮箱: curtis1896psteward+3@outlook.com
[18:44:41] [*] 3. 拉取验证码
[18:44:44] [*] Outlook RT 等待验证码… 剩余 176s 邮件 4 封
[18:44:50] [*] Outlook RT 已提取验证码并完成库存记账
[18:44:55] [*] 已填写验证码并提交: 526-034
[18:44:55] [*] 验证码后页面 step=profile path=/sign-up?redirect=grok-com cf=True buttons=['Grok', 'Complete sign up', 'Go back', 'Your privacy choices']
[18:44:55] [*] 验证码: 526-034
[18:44:55] [*] 4. 填写资料
[18:45:12] [*] 已点击资料提交: Felix Lin
[18:45:13] [*] 提交后页面 step=profile path=/sign-up?redirect=grok-com hint=You are signing into Grok Complete your sign up curtis1896psteward+3@outlook.com First name Last name Password Complete sign upGo back By co
[18:45:18] [*] 提交后页面 step=probe-error path=https://accounts.x.ai/sign-up?redirect=grok-com hint=Page.evaluate: Execution context was destroyed, most likely because of a navigation
[18:45:18] [*] 提交后页面 step=unknown path=/account hint=((a,b,c,d,e,f,g,h)=>{let i=document.documentElement,j=["light","dark"];function k(b){var c;(Array.isArray(a)?a:[a]).forEach(a=>{let c="class
[18:45:19] [*] 提交后页面 step=unknown path=/account hint=SpaceXAI Toggle theme FL Welcome, Felix. Manage your account. Account Security Sessions Data Return to Redirecting You are being redirected,
[18:45:22] [*] 提交后页面 step=probe-error path=https://accounts.x.ai/account hint=Page.evaluate: Execution context was destroyed, most likely because of a navigation
[18:45:24] [*] 提交后页面 step=unknown path=/ hint=Skip to main content
[18:45:24] [*] 资料已填: Felix Lin
[18:45:24] [*] registered_emails 已更新: curtis1896psteward+3@outlook.com sso=empty
[18:45:24] [*] 5. 等待 sso cookie
[18:45:24] [*] 等待 sso 中... 已等 0s，剩余 29s | url=https://grok.com/
[18:45:25] [*] 已获取到 sso cookie
[18:45:25] [*] registered_emails 已更新: curtis1896psteward+3@outlook.com sso=yes
[18:45:25] [*] grok2api Web SSO 上传尝试 1/3
[18:45:25] [*] grok2api 远端上传：登录管理后台（直连，不走代理）
[18:45:25] [+] grok2api 远端登录成功
[18:45:25] [*] grok2api 远端上传：调用 Web SSO 导入接口（直连）
[18:45:26] 【推送Grok2API 成功】
[18:45:26] [+] 已上传 Web SSO: 新增=1, 更新=0, 同步=1, 失败=0
[18:45:26] [*] grok2api Console SSO 上传尝试 1/3
[18:45:26] [*] grok2api 远端上传：登录管理后台（直连，不走代理）
[18:45:26] [+] grok2api 远端登录成功
[18:45:26] [*] grok2api 远端上传：调用 Console SSO 导入接口（直连）
[18:45:26] 【推送Grok2API 成功】
[18:45:26] [+] 已上传 Console SSO: 新增=1, 更新=0, 同步=1, 失败=0
[18:45:26] [风控] 检查新账号注册风控状态 ...
[18:45:27] [风控] ✅ 注册风控状态可用: botFlagSource=0
[18:45:27] [风控] 注册风控状态可用: botFlagSource=0
[18:45:27] [CPA] SSO → 协议 Device Flow 换 token (proxy=socks5h://15.204.89.179:1178) ...
[18:45:27] [CPA] [*] 尝试协议 Device Flow 换 token ...
[18:45:28] [CPA] ✅ sso 有效（协议路径）
[18:45:28] [CPA] 🔑 Device Flow: 申请 device_code / user_code ...
[18:45:29] [CPA] [*] user_code=A59P-3SXJ interval=5s expires_in=1800s
[18:45:29] [CPA] [*] Device Flow: verify user_code ...
[18:45:30] [CPA] ✅ device/verify OK → https://accounts.x.ai/oauth2/device/consent?user_code=A59P-3SXJ
[18:45:30] [CPA] [*] Device Flow: approve allow principal_id=(empty) ...
[18:45:30] [CPA] ✅ device/approve 已允许
[18:45:30] [CPA] [*] Device Flow: 轮询 access/refresh token ...
[18:45:30] [CPA] ✅ access_token (expires_in=21600s) + refresh_token
[18:45:30] [CPA] JWT bfs 检测: clean
[18:45:30] [CPA] 已写入 CPA 本地 /home/ubuntu/grok-register-panel/cpa_auth/xai-curtis1896psteward_3@outlook.com.json
[18:45:30] [CPA] 已上传 CPA 远程 http://127.0.0.1:18457/.../xai-curtis1896psteward_3@outlook.com.json
[18:45:30] [CPA] 已写入 Grok2API /home/ubuntu/grok-register-panel/grok2api_auth/g2a-curtis1896psteward_3@outlook.com.json
[18:45:30] [+] 注册成功: curtis1896psteward+3@outlook.com
[18:45:30] [结果] status=ok ip=12.104.4.66 port=1178 email=cu***@outlook.com kind=success bot=0 risk=- bfs=-
[18:45:30] [*] 当前统计: 成功 23 | 失败 4 || 注册成功 23 | 注册失败 4 | SSO成功 25 | SSO失败 0 | 早期跳过 0 | G2A成功 25 | G2A失败 0 | CPA成功 23 | CPA失败 0 | 风控通过 23 | 风控 2
[18:45:32] [*] 下一个账号前等待 480 秒...
[18:46:32] [*] 账号间隔等待中… 剩余 420s / 共 480s
[18:47:32] [*] 账号间隔等待中… 剩余 360s / 共 480s
[18:48:32] [*] 账号间隔等待中… 剩余 300s / 共 480s
[18:49:32] [*] 账号间隔等待中… 剩余 240s / 共 480s
[18:50:32] [*] 账号间隔等待中… 剩余 180s / 共 480s
[18:51:32] [*] 账号间隔等待中… 剩余 120s / 共 480s
[18:52:32] [*] 账号间隔等待中… 剩余 60s / 共 480s
[18:53:32] [*] 下号代理: socks5h://109.166.36.243:1092
[18:53:32] --- 开始第 28/2000 个账号 ---
[18:53:32] [*] 1. 打开注册页 (尝试 1/3)
[18:53:37] [static-cache] enabled dir=/home/ubuntu/grok-register-panel/log/static-asset-cache hits=4602 misses=89 max_mb=1024
[18:53:37] [*] 出口IP=142.249.204.224 代理=socks5h://109.166.36.243:1092 | AS45691 | DODO-CORE - DODO K.K. | Tokyo
[18:53:37] [*] 指纹 os=windows platform=Win32 webgl=ANGLE (NVIDIA, NVIDIA GeForce GTX 980 Direct3D11 vs_5_0 ps_5_0), or similar fontsWin=True ua=Mozilla/5.0 (Windows NT 10.0; Win64; x64; rv:152.0) Gecko/20100101 Firef… leak=none
[18:53:37] [*] 浏览器已启动
[18:53:44] [*] 当前URL: https://accounts.x.ai/sign-up?redirect=grok-com
[18:53:48] [*] 已点击「使用邮箱注册」按钮（原生事件）: Sign up with email
[18:53:48] [*] 2. 创建邮箱并提交
[18:53:50] [*] 已创建邮箱: tracys41471brown+3@outlook.com
[18:53:59] [*] 已填写邮箱并提交: tracys41471brown+3@outlook.com (Sign up)
[18:53:59] [*] 邮箱: tracys41471brown+3@outlook.com
[18:53:59] [*] 3. 拉取验证码
[18:54:02] [*] Outlook RT 等待验证码… 剩余 176s 邮件 5 封
[18:54:07] [*] Outlook RT 已提取验证码并完成库存记账
[18:54:10] [*] 已填写验证码并提交: 014-888
[18:54:10] [*] 验证码后页面 step=profile path=/sign-up?redirect=grok-com cf=True buttons=['Grok', 'Complete sign up', 'Go back', 'Your privacy choices']
[18:54:10] [*] 验证码: 014-888
[18:54:10] [*] 4. 填写资料
[18:54:23] [*] 已点击资料提交: Dylan Xu
[18:54:23] [*] 提交后页面 step=profile path=/sign-up?redirect=grok-com hint=You are signing into Grok Complete your sign up tracys41471brown+3@outlook.com First name Last name Password Complete sign upGo back By cont
[18:54:30] [*] 提交后页面 step=unknown path=/account hint=((a,b,c,d,e,f,g,h)=>{let i=document.documentElement,j=["light","dark"];function k(b){var c;(Array.isArray(a)?a:[a]).forEach(a=>{let c="class
[18:54:31] [*] 提交后页面 step=unknown path=/account hint=SpaceXAI Toggle theme DX Welcome, Dylan. Manage your account. Account Security Sessions Data Return to Redirecting You are being redirected,
[18:54:35] [*] 提交后页面 step=probe-error path=https://accounts.x.ai/account hint=Page.evaluate: Execution context was destroyed, most likely because of a navigation
[18:54:36] [*] 资料已填: Dylan Xu
[18:54:36] [*] registered_emails 已更新: tracys41471brown+3@outlook.com sso=empty
[18:54:36] [*] 5. 等待 sso cookie
[18:54:37] [*] 等待 sso 中... 已等 0s，剩余 29s | url=https://accounts.x.ai/account
[18:54:37] [*] 已获取到 sso cookie
[18:54:37] [*] registered_emails 已更新: tracys41471brown+3@outlook.com sso=yes
[18:54:37] [*] grok2api Web SSO 上传尝试 1/3
[18:54:37] [*] grok2api 远端上传：登录管理后台（直连，不走代理）
[18:54:38] [+] grok2api 远端登录成功
[18:54:38] [*] grok2api 远端上传：调用 Web SSO 导入接口（直连）
[18:54:38] 【推送Grok2API 成功】
[18:54:38] [+] 已上传 Web SSO: 新增=1, 更新=0, 同步=1, 失败=0
[18:54:38] [*] grok2api Console SSO 上传尝试 1/3
[18:54:38] [*] grok2api 远端上传：登录管理后台（直连，不走代理）
[18:54:39] [+] grok2api 远端登录成功
[18:54:39] [*] grok2api 远端上传：调用 Console SSO 导入接口（直连）
[18:54:39] 【推送Grok2API 成功】
[18:54:39] [+] 已上传 Console SSO: 新增=1, 更新=0, 同步=1, 失败=0
[18:54:39] [风控] 检查新账号注册风控状态 ...
[18:54:41] [风控] ✅ 注册风控状态可用: botFlagSource=0
[18:54:41] [风控] 注册风控状态可用: botFlagSource=0
[18:54:41] [CPA] SSO → 协议 Device Flow 换 token (proxy=socks5h://109.166.36.243:1092) ...
[18:54:41] [CPA] [*] 尝试协议 Device Flow 换 token ...
[18:54:42] [CPA] ✅ sso 有效（协议路径）
[18:54:42] [CPA] 🔑 Device Flow: 申请 device_code / user_code ...
[18:54:44] [CPA] [*] user_code=ADEK-P5HK interval=5s expires_in=1800s
[18:54:44] [CPA] [*] Device Flow: verify user_code ...
[18:54:45] [CPA] ✅ device/verify OK → https://accounts.x.ai/oauth2/device/consent?user_code=ADEK-P5HK
[18:54:45] [CPA] [*] Device Flow: approve allow principal_id=(empty) ...
[18:54:46] [CPA] ✅ device/approve 已允许
[18:54:46] [CPA] [*] Device Flow: 轮询 access/refresh token ...
[18:54:47] [CPA] ✅ access_token (expires_in=21600s) + refresh_token
[18:54:47] [CPA] JWT bfs 检测: clean
[18:54:47] [CPA] 已写入 CPA 本地 /home/ubuntu/grok-register-panel/cpa_auth/xai-tracys41471brown_3@outlook.com.json
[18:54:47] [CPA] 已上传 CPA 远程 http://127.0.0.1:18457/.../xai-tracys41471brown_3@outlook.com.json
[18:54:47] [CPA] 已写入 Grok2API /home/ubuntu/grok-register-panel/grok2api_auth/g2a-tracys41471brown_3@outlook.com.json
[18:54:47] [+] 注册成功: tracys41471brown+3@outlook.com
[18:54:47] [结果] status=ok ip=142.249.204.224 port=1092 email=tr***@outlook.com kind=success bot=0 risk=- bfs=-
[18:54:47] [*] 当前统计: 成功 24 | 失败 4 || 注册成功 24 | 注册失败 4 | SSO成功 26 | SSO失败 0 | 早期跳过 0 | G2A成功 26 | G2A失败 0 | CPA成功 24 | CPA失败 0 | 风控通过 24 | 风控 2
[18:54:48] [*] 下一个账号前等待 480 秒...
[18:55:48] [*] 账号间隔等待中… 剩余 420s / 共 480s
[18:56:48] [*] 账号间隔等待中… 剩余 360s / 共 480s
[18:57:49] [*] 账号间隔等待中… 剩余 300s / 共 480s
[18:58:49] [*] 账号间隔等待中… 剩余 240s / 共 480s
[18:59:49] [*] 账号间隔等待中… 剩余 180s / 共 480s
[19:00:49] [*] 账号间隔等待中… 剩余 120s / 共 480s
[19:01:49] [*] 账号间隔等待中… 剩余 60s / 共 480s
[19:02:48] [*] 下号代理: socks5h://15.204.89.179:1191
[19:02:48] --- 开始第 29/2000 个账号 ---
[19:02:48] [*] 1. 打开注册页 (尝试 1/3)
[19:02:53] [static-cache] enabled dir=/home/ubuntu/grok-register-panel/log/static-asset-cache hits=4846 misses=89 max_mb=1024
[19:02:53] [*] 出口IP=12.104.4.97 代理=socks5h://15.204.89.179:1191 | AS7018 | AT&T Enterprises, LLC | Boston
[19:02:53] [*] 指纹 os=windows platform=Win32 webgl=ANGLE (NVIDIA, NVIDIA GeForce GTX 980 Direct3D11 vs_5_0 ps_5_0), or similar fontsWin=True ua=Mozilla/5.0 (Windows NT 10.0; Win64; x64; rv:152.0) Gecko/20100101 Firef… leak=none
[19:02:53] [*] 浏览器已启动
[19:03:01] [*] 当前URL: https://accounts.x.ai/sign-up?redirect=grok-com
[19:03:05] [*] 已点击「使用邮箱注册」按钮（原生事件）: Sign up with email
[19:03:06] [*] 2. 创建邮箱并提交
[19:03:07] [*] 已创建邮箱: seleso5855cpeixoto+3@outlook.com
[19:03:15] [*] 已填写邮箱并提交: seleso5855cpeixoto+3@outlook.com (Sign up)
[19:03:15] [*] 邮箱: seleso5855cpeixoto+3@outlook.com
[19:03:15] [*] 3. 拉取验证码
[19:03:19] [*] Outlook RT 等待验证码… 剩余 176s 邮件 4 封
[19:03:24] [*] Outlook RT 已提取验证码并完成库存记账
[19:03:28] [*] 已填写验证码并提交: 503-158
[19:03:28] [*] 验证码后页面 step=profile path=/sign-up?redirect=grok-com cf=True buttons=['Grok', 'Complete sign up', 'Go back', 'Your privacy choices']
[19:03:28] [*] 验证码: 503-158
[19:03:28] [*] 4. 填写资料
[19:03:41] [*] 已点击资料提交: Peter Zhang
[19:03:41] [*] 提交后页面 step=profile path=/sign-up?redirect=grok-com hint=You are signing into Grok Complete your sign up seleso5855cpeixoto+3@outlook.com First name Last name Password Complete sign upGo back By co
[19:03:47] [*] 提交后页面 step=probe-error path=https://accounts.x.ai/sign-up?redirect=grok-com hint=Page.evaluate: Execution context was destroyed, most likely because of a navigation
[19:03:48] [*] 提交后页面 step=unknown path=/account hint=((a,b,c,d,e,f,g,h)=>{let i=document.documentElement,j=["light","dark"];function k(b){var c;(Array.isArray(a)?a:[a]).forEach(a=>{let c="class
[19:03:49] [*] 提交后页面 step=unknown path=/account hint=SpaceXAI Toggle theme PZ Welcome, Peter. Manage your account. Account Security Sessions Data Return to Redirecting You are being redirected,
[19:03:52] [*] 提交后页面 step=probe-error path=https://accounts.x.ai/account hint=Page.evaluate: Execution context was destroyed, most likely because of a navigation
[19:03:54] [*] 资料已填: Peter Zhang
[19:03:54] [*] registered_emails 已更新: seleso5855cpeixoto+3@outlook.com sso=empty
[19:03:54] [*] 5. 等待 sso cookie
[19:03:54] [*] 等待 sso 中... 已等 0s，剩余 29s | url=https://grok.com/
[19:03:55] [*] 已获取到 sso cookie
[19:03:55] [*] registered_emails 已更新: seleso5855cpeixoto+3@outlook.com sso=yes
[19:03:55] [*] grok2api Web SSO 上传尝试 1/3
[19:03:55] [*] grok2api 远端上传：登录管理后台（直连，不走代理）
[19:03:55] [+] grok2api 远端登录成功
[19:03:55] [*] grok2api 远端上传：调用 Web SSO 导入接口（直连）
[19:03:56] 【推送Grok2API 成功】
[19:03:56] [+] 已上传 Web SSO: 新增=1, 更新=0, 同步=1, 失败=0
[19:03:56] [*] grok2api Console SSO 上传尝试 1/3
[19:03:56] [*] grok2api 远端上传：登录管理后台（直连，不走代理）
[19:03:56] [+] grok2api 远端登录成功
[19:03:56] [*] grok2api 远端上传：调用 Console SSO 导入接口（直连）
[19:03:57] 【推送Grok2API 成功】
[19:03:57] [+] 已上传 Console SSO: 新增=1, 更新=0, 同步=1, 失败=0
[19:03:57] [风控] 检查新账号注册风控状态 ...
[19:03:58] [风控] ✅ 注册风控状态可用: botFlagSource=0
[19:03:58] [风控] 注册风控状态可用: botFlagSource=0
[19:03:58] [CPA] SSO → 协议 Device Flow 换 token (proxy=socks5h://15.204.89.179:1191) ...
[19:03:58] [CPA] [*] 尝试协议 Device Flow 换 token ...
[19:03:59] [CPA] ✅ sso 有效（协议路径）
[19:03:59] [CPA] 🔑 Device Flow: 申请 device_code / user_code ...
[19:04:00] [CPA] [*] user_code=3Z9H-ZAQK interval=5s expires_in=1800s
[19:04:00] [CPA] [*] Device Flow: verify user_code ...
[19:04:01] [CPA] ✅ device/verify OK → https://accounts.x.ai/oauth2/device/consent?user_code=3Z9H-ZAQK
[19:04:01] [CPA] [*] Device Flow: approve allow principal_id=(empty) ...
[19:04:01] [CPA] ✅ device/approve 已允许
[19:04:01] [CPA] [*] Device Flow: 轮询 access/refresh token ...
[19:04:01] [CPA] ✅ access_token (expires_in=21600s) + refresh_token
[19:04:01] [CPA] JWT bfs 检测: clean
[19:04:01] [CPA] 已写入 CPA 本地 /home/ubuntu/grok-register-panel/cpa_auth/xai-seleso5855cpeixoto_3@outlook.com.json
[19:04:01] [CPA] 已上传 CPA 远程 http://127.0.0.1:18457/.../xai-seleso5855cpeixoto_3@outlook.com.json
[19:04:02] [CPA] 已写入 Grok2API /home/ubuntu/grok-register-panel/grok2api_auth/g2a-seleso5855cpeixoto_3@outlook.com.json
[19:04:02] [+] 注册成功: seleso5855cpeixoto+3@outlook.com
[19:04:02] [结果] status=ok ip=12.104.4.97 port=1191 email=se***@outlook.com kind=success bot=0 risk=- bfs=-
[19:04:02] [*] 当前统计: 成功 25 | 失败 4 || 注册成功 25 | 注册失败 4 | SSO成功 27 | SSO失败 0 | 早期跳过 0 | G2A成功 27 | G2A失败 0 | CPA成功 25 | CPA失败 0 | 风控通过 25 | 风控 2
[19:04:02] [*] 已成功 25 个账号，执行定期清理: 关闭浏览器并清理内存
[19:04:02] [*] Python GC 已回收对象数: 26093
[19:04:03] [*] 下一个账号前等待 480 秒...
[19:05:03] [*] 账号间隔等待中… 剩余 420s / 共 480s
[19:06:03] [*] 账号间隔等待中… 剩余 360s / 共 480s
[19:07:03] [*] 账号间隔等待中… 剩余 300s / 共 480s
[19:08:03] [*] 账号间隔等待中… 剩余 240s / 共 480s
[19:09:03] [*] 账号间隔等待中… 剩余 180s / 共 480s
[19:10:03] [*] 账号间隔等待中… 剩余 120s / 共 480s
[19:11:03] [*] 账号间隔等待中… 剩余 60s / 共 480s
[19:12:03] [*] 下号代理: socks5h://109.166.36.243:1091
[19:12:03] --- 开始第 30/2000 个账号 ---
[19:12:03] [*] 1. 打开注册页 (尝试 1/3)
[19:12:08] [static-cache] enabled dir=/home/ubuntu/grok-register-panel/log/static-asset-cache hits=5089 misses=89 max_mb=1024
[19:12:08] [*] 出口IP=142.249.204.75 代理=socks5h://109.166.36.243:1091 | AS45691 | DODO-CORE - DODO K.K. | Tokyo
[19:12:08] [*] 指纹 os=windows platform=Win32 webgl=ANGLE (NVIDIA, NVIDIA GeForce GTX 980 Direct3D11 vs_5_0 ps_5_0), or similar fontsWin=True ua=Mozilla/5.0 (Windows NT 10.0; Win64; x64; rv:152.0) Gecko/20100101 Firef… leak=none
[19:12:08] [*] 浏览器已启动
[19:12:13] [*] 当前URL: https://accounts.x.ai/sign-up?redirect=grok-com
[19:12:18] [*] 已点击「使用邮箱注册」按钮（原生事件）: Sign up with email
[19:12:18] [*] 2. 创建邮箱并提交
[19:12:20] [*] 已创建邮箱: ramon5400905mcdonalid+3@outlook.com
[19:12:29] [*] 已填写邮箱并提交: ramon5400905mcdonalid+3@outlook.com (Sign up)
[19:12:29] [*] 邮箱: ramon5400905mcdonalid+3@outlook.com
[19:12:29] [*] 3. 拉取验证码
[19:12:32] [*] Outlook RT 等待验证码… 剩余 177s 邮件 4 封
[19:12:37] [*] Outlook RT 已提取验证码并完成库存记账
[19:12:40] [*] 已填写验证码并提交: 839-916
[19:12:40] [*] 验证码后页面 step=profile path=/sign-up?redirect=grok-com cf=True buttons=['Grok', 'Complete sign up', 'Go back', 'Your privacy choices']
[19:12:40] [*] 验证码: 839-916
[19:12:40] [*] 4. 填写资料
[19:12:54] [*] 已点击资料提交: Aaron Zhang
[19:12:54] [*] 提交后页面 step=profile path=/sign-up?redirect=grok-com hint=You are signing into Grok Complete your sign up ramon5400905mcdonalid+3@outlook.com First name Last name Password Complete sign upGo back By
[19:13:02] [*] 提交后页面 step=probe-error path=https://accounts.x.ai/sign-up?redirect=grok-com hint=Page.evaluate: Execution context was destroyed, most likely because of a navigation
[19:13:03] [*] 提交后页面 step=unknown path=/account hint=((a,b,c,d,e,f,g,h)=>{let i=document.documentElement,j=["light","dark"];function k(b){var c;(Array.isArray(a)?a:[a]).forEach(a=>{let c="class
[19:13:04] [*] 提交后页面 step=unknown path=/account hint=SpaceXAI Toggle theme AZ Welcome, Aaron. Manage your account. Account Security Sessions Data Return to Redirecting You are being redirected,
[19:13:06] [*] 资料已填: Aaron Zhang
[19:13:06] [*] registered_emails 已更新: ramon5400905mcdonalid+3@outlook.com sso=empty
[19:13:06] [*] 5. 等待 sso cookie
[19:13:07] [*] 等待 sso 中... 已等 0s，剩余 29s | url=https://accounts.x.ai/account
[19:13:07] [*] 已获取到 sso cookie
[19:13:07] [*] registered_emails 已更新: ramon5400905mcdonalid+3@outlook.com sso=yes
[19:13:07] [*] grok2api Web SSO 上传尝试 1/3
[19:13:07] [*] grok2api 远端上传：登录管理后台（直连，不走代理）
[19:13:07] [+] grok2api 远端登录成功
[19:13:07] [*] grok2api 远端上传：调用 Web SSO 导入接口（直连）
[19:13:08] 【推送Grok2API 成功】
[19:13:08] [+] 已上传 Web SSO: 新增=1, 更新=0, 同步=1, 失败=0
[19:13:08] [*] grok2api Console SSO 上传尝试 1/3
[19:13:08] [*] grok2api 远端上传：登录管理后台（直连，不走代理）
[19:13:08] [+] grok2api 远端登录成功
[19:13:08] [*] grok2api 远端上传：调用 Console SSO 导入接口（直连）
[19:13:09] 【推送Grok2API 成功】
[19:13:09] [+] 已上传 Console SSO: 新增=1, 更新=0, 同步=1, 失败=0
[19:13:09] [风控] 检查新账号注册风控状态 ...
[19:13:10] [风控] ✅ 注册风控状态可用: botFlagSource=0
[19:13:10] [风控] 注册风控状态可用: botFlagSource=0
[19:13:10] [CPA] SSO → 协议 Device Flow 换 token (proxy=socks5h://109.166.36.243:1091) ...
[19:13:10] [CPA] [*] 尝试协议 Device Flow 换 token ...
[19:13:12] [CPA] ✅ sso 有效（协议路径）
[19:13:12] [CPA] 🔑 Device Flow: 申请 device_code / user_code ...
[19:13:13] [CPA] [*] user_code=595W-S9P9 interval=5s expires_in=1800s
[19:13:13] [CPA] [*] Device Flow: verify user_code ...
[19:13:15] [CPA] ✅ device/verify OK → https://accounts.x.ai/oauth2/device/consent?user_code=595W-S9P9
[19:13:15] [CPA] [*] Device Flow: approve allow principal_id=(empty) ...
[19:13:15] [CPA] ✅ device/approve 已允许
[19:13:15] [CPA] [*] Device Flow: 轮询 access/refresh token ...
[19:13:16] [CPA] ✅ access_token (expires_in=21600s) + refresh_token
[19:13:16] [CPA] JWT bfs 检测: clean
[19:13:16] [CPA] 已写入 CPA 本地 /home/ubuntu/grok-register-panel/cpa_auth/xai-ramon5400905mcdonalid_3@outlook.com.json
[19:13:16] [CPA] 已上传 CPA 远程 http://127.0.0.1:18457/.../xai-ramon5400905mcdonalid_3@outlook.com.json
[19:13:16] [CPA] 已写入 Grok2API /home/ubuntu/grok-register-panel/grok2api_auth/g2a-ramon5400905mcdonalid_3@outlook.com.json
[19:13:16] [+] 注册成功: ramon5400905mcdonalid+3@outlook.com
[19:13:16] [结果] status=ok ip=142.249.204.75 port=1091 email=ra***@outlook.com kind=success bot=0 risk=- bfs=-
[19:13:16] [*] 当前统计: 成功 26 | 失败 4 || 注册成功 26 | 注册失败 4 | SSO成功 28 | SSO失败 0 | 早期跳过 0 | G2A成功 28 | G2A失败 0 | CPA成功 26 | CPA失败 0 | 风控通过 26 | 风控 2
[19:13:17] [*] 下一个账号前等待 480 秒...
[19:14:17] [*] 账号间隔等待中… 剩余 420s / 共 480s
[19:15:17] [*] 账号间隔等待中… 剩余 360s / 共 480s
[19:16:17] [*] 账号间隔等待中… 剩余 300s / 共 480s
[19:17:17] [*] 账号间隔等待中… 剩余 240s / 共 480s
[19:18:17] [*] 账号间隔等待中… 剩余 180s / 共 480s
[19:19:17] [*] 账号间隔等待中… 剩余 120s / 共 480s
[19:20:17] [*] 账号间隔等待中… 剩余 60s / 共 480s
[19:21:17] [*] 下号代理: socks5h://109.166.36.243:1090
[19:21:17] --- 开始第 31/2000 个账号 ---
[19:21:17] [*] 1. 打开注册页 (尝试 1/3)
[19:21:22] [static-cache] enabled dir=/home/ubuntu/grok-register-panel/log/static-asset-cache hits=5192 misses=89 max_mb=1024
[19:21:22] [*] 出口IP=142.249.204.223 代理=socks5h://109.166.36.243:1090 | AS45691 | DODO-CORE - DODO K.K. | Tokyo
[19:21:22] [*] 指纹 os=windows platform=Win32 webgl=ANGLE (NVIDIA, NVIDIA GeForce GTX 980 Direct3D11 vs_5_0 ps_5_0), or similar fontsWin=True ua=Mozilla/5.0 (Windows NT 10.0; Win64; x64; rv:152.0) Gecko/20100101 Firef… leak=none
[19:21:22] [*] 浏览器已启动
[19:21:28] [*] 当前URL: https://accounts.x.ai/sign-up?redirect=grok-com
[19:21:32] [*] 已点击「使用邮箱注册」按钮（原生事件）: Sign up with email
[19:21:33] [*] 2. 创建邮箱并提交
[19:21:34] [*] 已创建邮箱: becky4981vwest+3@outlook.com
[19:21:43] [*] 已填写邮箱并提交: becky4981vwest+3@outlook.com (Sign up)
[19:21:43] [*] 邮箱: becky4981vwest+3@outlook.com
[19:21:43] [*] 3. 拉取验证码
[19:21:46] [*] Outlook RT 等待验证码… 剩余 176s 邮件 5 封
[19:21:51] [*] Outlook RT 已提取验证码并完成库存记账
[19:21:54] [*] 已填写验证码并提交: 792-831
[19:21:54] [*] 验证码后页面 step=profile path=/sign-up?redirect=grok-com cf=True buttons=['Grok', 'Complete sign up', 'Go back', 'Your privacy choices']
[19:21:54] [*] 验证码: 792-831
[19:21:54] [*] 4. 填写资料
[19:22:07] [*] 已点击资料提交: Aaron Song
[19:22:07] [*] 提交后页面 step=profile path=/sign-up?redirect=grok-com hint=You are signing into Grok Complete your sign up becky4981vwest+3@outlook.com First name Last name Password Complete sign upGo back By contin
[19:22:14] [*] 提交后页面 step=probe-error path=https://accounts.x.ai/sign-up?redirect=grok-com hint=Page.evaluate: Execution context was destroyed, most likely because of a navigation
[19:22:15] [*] 提交后页面 step=unknown path=/account hint=((a,b,c,d,e,f,g,h)=>{let i=document.documentElement,j=["light","dark"];function k(b){var c;(Array.isArray(a)?a:[a]).forEach(a=>{let c="class
[19:22:16] [*] 提交后页面 step=unknown path=/account hint=SpaceXAI Toggle theme AS Welcome, Aaron. Manage your account. Account Security Sessions Data Return to Redirecting You are being redirected,
[19:22:20] [*] 资料已填: Aaron Song
[19:22:20] [*] registered_emails 已更新: becky4981vwest+3@outlook.com sso=empty
[19:22:20] [*] 5. 等待 sso cookie
[19:22:21] [*] 等待 sso 中... 已等 0s，剩余 29s | url=https://accounts.x.ai/account
[19:22:22] [*] 已获取到 sso cookie
[19:22:22] [*] registered_emails 已更新: becky4981vwest+3@outlook.com sso=yes
[19:22:22] [*] grok2api Web SSO 上传尝试 1/3
[19:22:22] [*] grok2api 远端上传：登录管理后台（直连，不走代理）
[19:22:22] [+] grok2api 远端登录成功
[19:22:22] [*] grok2api 远端上传：调用 Web SSO 导入接口（直连）
[19:22:23] 【推送Grok2API 成功】
[19:22:23] [+] 已上传 Web SSO: 新增=1, 更新=0, 同步=1, 失败=0
[19:22:23] [*] grok2api Console SSO 上传尝试 1/3
[19:22:23] [*] grok2api 远端上传：登录管理后台（直连，不走代理）
[19:22:23] [+] grok2api 远端登录成功
[19:22:23] [*] grok2api 远端上传：调用 Console SSO 导入接口（直连）
[19:22:24] 【推送Grok2API 成功】
[19:22:24] [+] 已上传 Console SSO: 新增=1, 更新=0, 同步=1, 失败=0
[19:22:24] [风控] 检查新账号注册风控状态 ...
[19:22:26] [风控] ✅ 注册风控状态可用: botFlagSource=0
[19:22:26] [风控] 注册风控状态可用: botFlagSource=0
[19:22:26] [CPA] SSO → 协议 Device Flow 换 token (proxy=socks5h://109.166.36.243:1090) ...
[19:22:26] [CPA] [*] 尝试协议 Device Flow 换 token ...
[19:22:27] [CPA] ✅ sso 有效（协议路径）
[19:22:27] [CPA] 🔑 Device Flow: 申请 device_code / user_code ...
[19:22:28] [CPA] [*] user_code=PZXQ-K399 interval=5s expires_in=1800s
[19:22:28] [CPA] [*] Device Flow: verify user_code ...
[19:22:29] [CPA] ✅ device/verify OK → https://accounts.x.ai/oauth2/device/consent?user_code=PZXQ-K399
[19:22:29] [CPA] [*] Device Flow: approve allow principal_id=(empty) ...
[19:22:30] [CPA] ✅ device/approve 已允许
[19:22:30] [CPA] [*] Device Flow: 轮询 access/refresh token ...
[19:22:30] [CPA] ✅ access_token (expires_in=21600s) + refresh_token
[19:22:30] [CPA] JWT bfs 检测: clean
[19:22:30] [CPA] 已写入 CPA 本地 /home/ubuntu/grok-register-panel/cpa_auth/xai-becky4981vwest_3@outlook.com.json
[19:22:30] [CPA] 已上传 CPA 远程 http://127.0.0.1:18457/.../xai-becky4981vwest_3@outlook.com.json
[19:22:30] [CPA] 已写入 Grok2API /home/ubuntu/grok-register-panel/grok2api_auth/g2a-becky4981vwest_3@outlook.com.json
[19:22:30] [+] 注册成功: becky4981vwest+3@outlook.com
[19:22:30] [结果] status=ok ip=142.249.204.223 port=1090 email=be***@outlook.com kind=success bot=0 risk=- bfs=-
[19:22:30] [*] 当前统计: 成功 27 | 失败 4 || 注册成功 27 | 注册失败 4 | SSO成功 29 | SSO失败 0 | 早期跳过 0 | G2A成功 29 | G2A失败 0 | CPA成功 27 | CPA失败 0 | 风控通过 27 | 风控 2
[19:22:32] [*] 下一个账号前等待 480 秒...
[19:23:32] [*] 账号间隔等待中… 剩余 420s / 共 480s
[19:24:32] [*] 账号间隔等待中… 剩余 360s / 共 480s
[19:25:32] [*] 账号间隔等待中… 剩余 300s / 共 480s
[19:26:32] [*] 账号间隔等待中… 剩余 240s / 共 480s
[19:27:32] [*] 账号间隔等待中… 剩余 180s / 共 480s
[19:28:32] [*] 账号间隔等待中… 剩余 120s / 共 480s
[19:29:32] [*] 账号间隔等待中… 剩余 60s / 共 480s
[19:30:32] [*] 下号代理: socks5h://15.204.89.179:1178
[19:30:32] --- 开始第 32/2000 个账号 ---
[19:30:32] [*] 1. 打开注册页 (尝试 1/3)
[19:30:36] [static-cache] enabled dir=/home/ubuntu/grok-register-panel/log/static-asset-cache hits=5436 misses=89 max_mb=1024
[19:30:36] [*] 出口IP=12.104.4.66 代理=socks5h://15.204.89.179:1178 | AS7018 | AT&T Enterprises, LLC | Boston
[19:30:36] [*] 指纹 os=windows platform=Win32 webgl=ANGLE (NVIDIA, NVIDIA GeForce GTX 480 Direct3D11 vs_5_0 ps_5_0), or similar fontsWin=True ua=Mozilla/5.0 (Windows NT 10.0; Win64; x64; rv:152.0) Gecko/20100101 Firef… leak=none
[19:30:36] [*] 浏览器已启动
[19:30:48] [*] 当前URL: https://accounts.x.ai/sign-up?redirect=grok-com
[19:30:52] [*] 已点击「使用邮箱注册」按钮（原生事件）: Sign up with email
[19:30:53] [*] 2. 创建邮箱并提交
[19:30:54] [*] 已创建邮箱: ted3396sherrera+3@outlook.com
[19:31:03] [*] 已填写邮箱并提交: ted3396sherrera+3@outlook.com (Sign up)
[19:31:03] [*] 邮箱: ted3396sherrera+3@outlook.com
[19:31:03] [*] 3. 拉取验证码
[19:31:06] [*] Outlook RT 等待验证码… 剩余 177s 邮件 4 封
[19:31:11] [*] Outlook RT 已提取验证码并完成库存记账
[19:31:15] [*] 已填写验证码并提交: 768-177
[19:31:15] [*] 验证码后页面 step=profile path=/sign-up?redirect=grok-com cf=True buttons=['Grok', 'Complete sign up', 'Go back', 'Your privacy choices']
[19:31:15] [*] 验证码: 768-177
[19:31:15] [*] 4. 填写资料
[19:31:27] [*] 已点击资料提交: Ezra Wei
[19:31:27] [*] 提交后页面 step=profile path=/sign-up?redirect=grok-com hint=You are signing into Grok Complete your sign up ted3396sherrera+3@outlook.com First name Last name Password Complete sign upGo back By conti
[19:31:32] [*] 提交后页面 step=unknown path=/account hint=((a,b,c,d,e,f,g,h)=>{let i=document.documentElement,j=["light","dark"];function k(b){var c;(Array.isArray(a)?a:[a]).forEach(a=>{let c="class
[19:31:33] [*] 提交后页面 step=unknown path=/account hint=SpaceXAI Toggle theme EW Welcome, Ezra. Manage your account. Account Security Sessions Data Return to Redirecting You are being redirected, 
[19:31:39] [*] 提交后页面 step=unknown path=/ hint=Skip to main content
[19:31:39] [*] 资料已填: Ezra Wei
[19:31:39] [*] registered_emails 已更新: ted3396sherrera+3@outlook.com sso=empty
[19:31:39] [*] 5. 等待 sso cookie
[19:31:39] [*] 等待 sso 中... 已等 0s，剩余 29s | url=https://grok.com/
[19:31:39] [*] 已获取到 sso cookie
[19:31:40] [*] registered_emails 已更新: ted3396sherrera+3@outlook.com sso=yes
[19:31:40] [*] grok2api Web SSO 上传尝试 1/3
[19:31:40] [*] grok2api 远端上传：登录管理后台（直连，不走代理）
[19:31:40] [+] grok2api 远端登录成功
[19:31:40] [*] grok2api 远端上传：调用 Web SSO 导入接口（直连）
[19:31:41] 【推送Grok2API 成功】
[19:31:41] [+] 已上传 Web SSO: 新增=1, 更新=0, 同步=1, 失败=0
[19:31:41] [*] grok2api Console SSO 上传尝试 1/3
[19:31:41] [*] grok2api 远端上传：登录管理后台（直连，不走代理）
[19:31:41] [+] grok2api 远端登录成功
[19:31:41] [*] grok2api 远端上传：调用 Console SSO 导入接口（直连）
[19:31:42] 【推送Grok2API 成功】
[19:31:42] [+] 已上传 Console SSO: 新增=1, 更新=0, 同步=1, 失败=0
[19:31:42] [风控] 检查新账号注册风控状态 ...
[19:31:43] [风控] ✅ 注册风控状态可用: botFlagSource=0
[19:31:43] [风控] 注册风控状态可用: botFlagSource=0
[19:31:43] [CPA] SSO → 协议 Device Flow 换 token (proxy=socks5h://15.204.89.179:1178) ...
[19:31:43] [CPA] [*] 尝试协议 Device Flow 换 token ...
[19:31:44] [CPA] ✅ sso 有效（协议路径）
[19:31:44] [CPA] 🔑 Device Flow: 申请 device_code / user_code ...
[19:31:46] [CPA] [*] user_code=VX28-GQE4 interval=5s expires_in=1800s
[19:31:46] [CPA] [*] Device Flow: verify user_code ...
[19:31:46] [CPA] ✅ device/verify OK → https://accounts.x.ai/oauth2/device/consent?user_code=VX28-GQE4
[19:31:46] [CPA] [*] Device Flow: approve allow principal_id=(empty) ...
[19:31:47] [CPA] ✅ device/approve 已允许
[19:31:47] [CPA] [*] Device Flow: 轮询 access/refresh token ...
[19:31:47] [CPA] ✅ access_token (expires_in=21600s) + refresh_token
[19:31:47] [CPA] JWT bfs 检测: clean
[19:31:47] [CPA] 已写入 CPA 本地 /home/ubuntu/grok-register-panel/cpa_auth/xai-ted3396sherrera_3@outlook.com.json
[19:31:47] [CPA] 已上传 CPA 远程 http://127.0.0.1:18457/.../xai-ted3396sherrera_3@outlook.com.json
[19:31:47] [CPA] 已写入 Grok2API /home/ubuntu/grok-register-panel/grok2api_auth/g2a-ted3396sherrera_3@outlook.com.json
[19:31:47] [+] 注册成功: ted3396sherrera+3@outlook.com
[19:31:47] [结果] status=ok ip=12.104.4.66 port=1178 email=te***@outlook.com kind=success bot=0 risk=- bfs=-
[19:31:47] [*] 当前统计: 成功 28 | 失败 4 || 注册成功 28 | 注册失败 4 | SSO成功 30 | SSO失败 0 | 早期跳过 0 | G2A成功 30 | G2A失败 0 | CPA成功 28 | CPA失败 0 | 风控通过 28 | 风控 2
[19:31:49] [*] 下一个账号前等待 480 秒...
[19:32:49] [*] 账号间隔等待中… 剩余 420s / 共 480s
[19:33:49] [*] 账号间隔等待中… 剩余 360s / 共 480s
[19:34:49] [*] 账号间隔等待中… 剩余 300s / 共 480s
[19:35:49] [*] 账号间隔等待中… 剩余 240s / 共 480s
[19:36:49] [*] 账号间隔等待中… 剩余 180s / 共 480s
[19:37:49] [*] 账号间隔等待中… 剩余 120s / 共 480s
[19:38:49] [*] 账号间隔等待中… 剩余 60s / 共 480s
[19:39:49] [*] 下号代理: socks5h://109.166.36.243:1092
[19:39:49] --- 开始第 33/2000 个账号 ---
[19:39:49] [*] 1. 打开注册页 (尝试 1/3)
[19:39:53] [static-cache] enabled dir=/home/ubuntu/grok-register-panel/log/static-asset-cache hits=5679 misses=89 max_mb=1024
[19:39:53] [*] 出口IP=142.249.204.224 代理=socks5h://109.166.36.243:1092 | AS45691 | DODO-CORE - DODO K.K. | Tokyo
[19:39:53] [*] 指纹 os=windows platform=Win32 webgl=ANGLE (AMD, Radeon HD 3200 Graphics Direct3D11 vs_5_0 ps_5_0), or similar fontsWin=True ua=Mozilla/5.0 (Windows NT 10.0; Win64; x64; rv:152.0) Gecko/20100101 Firef… leak=none
[19:39:53] [*] 浏览器已启动
[19:40:01] [*] 当前URL: https://accounts.x.ai/sign-up?redirect=grok-com
[19:40:05] [*] 已点击「使用邮箱注册」按钮（原生事件）: Sign up with email
[19:40:06] [*] 2. 创建邮箱并提交
[19:40:07] [*] 已创建邮箱: nomier90434slawa+3@outlook.com
[19:40:17] [*] 已填写邮箱并提交: nomier90434slawa+3@outlook.com (Sign up)
[19:40:17] [*] 邮箱: nomier90434slawa+3@outlook.com
[19:40:17] [*] 3. 拉取验证码
[19:40:26] [*] Outlook RT 等待验证码… 剩余 170s 邮件 4 封
[19:40:31] [*] Outlook RT 已提取验证码并完成库存记账
[19:40:35] [*] 已填写验证码并提交: 172-776
[19:40:35] [*] 验证码后页面 step=profile path=/sign-up?redirect=grok-com cf=True buttons=['Grok', 'Complete sign up', 'Go back', 'Your privacy choices']
[19:40:35] [*] 验证码: 172-776
[19:40:35] [*] 4. 填写资料
[19:40:47] [*] 已点击资料提交: Brian He
[19:40:47] [*] 提交后页面 step=profile path=/sign-up?redirect=grok-com hint=You are signing into Grok Complete your sign up nomier90434slawa+3@outlook.com First name Last name Password Complete sign upGo back By cont
[19:40:54] [*] 提交后页面 step=unknown path=/account hint=((a,b,c,d,e,f,g,h)=>{let i=document.documentElement,j=["light","dark"];function k(b){var c;(Array.isArray(a)?a:[a]).forEach(a=>{let c="class
[19:40:55] [*] 提交后页面 step=unknown path=/account hint=SpaceXAI Toggle theme BH Welcome, Brian. Manage your account. Account Security Sessions Data Return to Redirecting You are being redirected,
[19:40:58] [*] 提交后页面 step=probe-error path=https://accounts.x.ai/account hint=Page.evaluate: Execution context was destroyed, most likely because of a navigation
[19:41:00] [*] 资料已填: Brian He
[19:41:01] [*] registered_emails 已更新: nomier90434slawa+3@outlook.com sso=empty
[19:41:01] [*] 5. 等待 sso cookie
[19:41:01] [*] 等待 sso 中... 已等 0s，剩余 29s | url=https://grok.com/
[19:41:01] [*] 已获取到 sso cookie
[19:41:01] [*] registered_emails 已更新: nomier90434slawa+3@outlook.com sso=yes
[19:41:01] [*] grok2api Web SSO 上传尝试 1/3
[19:41:01] [*] grok2api 远端上传：登录管理后台（直连，不走代理）
[19:41:01] [+] grok2api 远端登录成功
[19:41:01] [*] grok2api 远端上传：调用 Web SSO 导入接口（直连）
[19:41:02] 【推送Grok2API 成功】
[19:41:02] [+] 已上传 Web SSO: 新增=1, 更新=0, 同步=1, 失败=0
[19:41:02] [*] grok2api Console SSO 上传尝试 1/3
[19:41:02] [*] grok2api 远端上传：登录管理后台（直连，不走代理）
[19:41:02] [+] grok2api 远端登录成功
[19:41:02] [*] grok2api 远端上传：调用 Console SSO 导入接口（直连）
[19:41:03] 【推送Grok2API 成功】
[19:41:03] [+] 已上传 Console SSO: 新增=1, 更新=0, 同步=1, 失败=0
[19:41:03] [风控] 检查新账号注册风控状态 ...
[19:41:05] [风控] ✅ 注册风控状态可用: botFlagSource=0
[19:41:05] [风控] 注册风控状态可用: botFlagSource=0
[19:41:05] [CPA] SSO → 协议 Device Flow 换 token (proxy=socks5h://109.166.36.243:1092) ...
[19:41:05] [CPA] [*] 尝试协议 Device Flow 换 token ...
[19:41:07] [CPA] ✅ sso 有效（协议路径）
[19:41:07] [CPA] 🔑 Device Flow: 申请 device_code / user_code ...
[19:41:08] [CPA] [*] user_code=M6H5-J292 interval=5s expires_in=1800s
[19:41:09] [CPA] [*] Device Flow: verify user_code ...
[19:41:10] [CPA] ✅ device/verify OK → https://accounts.x.ai/oauth2/device/consent?user_code=M6H5-J292
[19:41:10] [CPA] [*] Device Flow: approve allow principal_id=(empty) ...
[19:41:12] [CPA] ✅ device/approve 已允许
[19:41:12] [CPA] [*] Device Flow: 轮询 access/refresh token ...
[19:41:12] [CPA] ✅ access_token (expires_in=21600s) + refresh_token
[19:41:12] [CPA] JWT bfs 检测: clean
[19:41:12] [CPA] 已写入 CPA 本地 /home/ubuntu/grok-register-panel/cpa_auth/xai-nomier90434slawa_3@outlook.com.json
[19:41:12] [CPA] 已上传 CPA 远程 http://127.0.0.1:18457/.../xai-nomier90434slawa_3@outlook.com.json
[19:41:12] [CPA] 已写入 Grok2API /home/ubuntu/grok-register-panel/grok2api_auth/g2a-nomier90434slawa_3@outlook.com.json
[19:41:12] [+] 注册成功: nomier90434slawa+3@outlook.com
[19:41:12] [结果] status=ok ip=142.249.204.224 port=1092 email=no***@outlook.com kind=success bot=0 risk=- bfs=-
[19:41:12] [*] 当前统计: 成功 29 | 失败 4 || 注册成功 29 | 注册失败 4 | SSO成功 31 | SSO失败 0 | 早期跳过 0 | G2A成功 31 | G2A失败 0 | CPA成功 29 | CPA失败 0 | 风控通过 29 | 风控 2
[19:41:14] [*] 下一个账号前等待 480 秒...
[19:42:14] [*] 账号间隔等待中… 剩余 420s / 共 480s
[19:43:14] [*] 账号间隔等待中… 剩余 360s / 共 480s
[19:44:14] [*] 账号间隔等待中… 剩余 300s / 共 480s
[19:45:14] [*] 账号间隔等待中… 剩余 240s / 共 480s
[19:46:14] [*] 账号间隔等待中… 剩余 180s / 共 480s
[19:47:14] [*] 账号间隔等待中… 剩余 120s / 共 480s
[19:48:14] [*] 账号间隔等待中… 剩余 60s / 共 480s
[19:49:14] [*] 下号代理: socks5h://15.204.89.179:1191
[19:49:14] --- 开始第 34/2000 个账号 ---
[19:49:14] [*] 1. 打开注册页 (尝试 1/3)
[19:49:18] [static-cache] enabled dir=/home/ubuntu/grok-register-panel/log/static-asset-cache hits=5923 misses=89 max_mb=1024
[19:49:18] [*] 出口IP=12.104.4.97 代理=socks5h://15.204.89.179:1191 | AS7018 | AT&T Enterprises, LLC | Boston
[19:49:18] [*] 指纹 os=windows platform=Win32 webgl=ANGLE (Intel, Intel(R) HD Graphics Direct3D11 vs_5_0 ps_5_0), or similar fontsWin=True ua=Mozilla/5.0 (Windows NT 10.0; Win64; x64; rv:152.0) Gecko/20100101 Firef… leak=none
[19:49:18] [*] 浏览器已启动
[19:49:25] [*] 当前URL: https://accounts.x.ai/sign-up?redirect=grok-com
[19:49:29] [*] 已点击「使用邮箱注册」按钮（原生事件）: Sign up with email
[19:49:30] [*] 2. 创建邮箱并提交
[19:49:31] [*] 已创建邮箱: nicolas4007ztaylor+3@outlook.com
[19:49:40] [*] 已填写邮箱并提交: nicolas4007ztaylor+3@outlook.com (Sign up)
[19:49:40] [*] 邮箱: nicolas4007ztaylor+3@outlook.com
[19:49:40] [*] 3. 拉取验证码
[19:49:44] [*] Outlook RT 等待验证码… 剩余 175s 邮件 4 封
[19:49:50] [*] Outlook RT 已提取验证码并完成库存记账
[19:49:53] [*] 已填写验证码并提交: 838-247
[19:49:53] [*] 验证码后页面 step=profile path=/sign-up?redirect=grok-com cf=True buttons=['Grok', 'Complete sign up', 'Go back', 'Your privacy choices']
[19:49:53] [*] 验证码: 838-247
[19:49:53] [*] 4. 填写资料
[19:50:06] [*] 已点击资料提交: Peter Xiong
[19:50:06] [*] 提交后页面 step=profile path=/sign-up?redirect=grok-com hint=You are signing into Grok Complete your sign up nicolas4007ztaylor+3@outlook.com First name Last name Password Complete sign upGo back By co
[19:50:11] [*] 提交后页面 step=probe-error path=https://accounts.x.ai/sign-up?redirect=grok-com hint=Page.evaluate: Execution context was destroyed, most likely because of a navigation
[19:50:12] [*] 提交后页面 step=unknown path=/account hint=((a,b,c,d,e,f,g,h)=>{let i=document.documentElement,j=["light","dark"];function k(b){var c;(Array.isArray(a)?a:[a]).forEach(a=>{let c="class
[19:50:13] [*] 提交后页面 step=unknown path=/account hint=SpaceXAI Toggle theme PX Welcome, Peter. Manage your account. Account Security Sessions Data Return to Redirecting You are being redirected,
[19:50:18] [*] 提交后页面 step=unknown path=/ hint=Skip to main content
[19:50:18] [*] 资料已填: Peter Xiong
[19:50:19] [*] registered_emails 已更新: nicolas4007ztaylor+3@outlook.com sso=empty
[19:50:19] [*] 5. 等待 sso cookie
[19:50:19] [*] 等待 sso 中... 已等 0s，剩余 29s | url=https://grok.com/
[19:50:19] [*] 已获取到 sso cookie
[19:50:19] [*] registered_emails 已更新: nicolas4007ztaylor+3@outlook.com sso=yes
[19:50:19] [*] grok2api Web SSO 上传尝试 1/3
[19:50:19] [*] grok2api 远端上传：登录管理后台（直连，不走代理）
[19:50:19] [+] grok2api 远端登录成功
[19:50:19] [*] grok2api 远端上传：调用 Web SSO 导入接口（直连）
[19:50:20] 【推送Grok2API 成功】
[19:50:20] [+] 已上传 Web SSO: 新增=1, 更新=0, 同步=1, 失败=0
[19:50:20] [*] grok2api Console SSO 上传尝试 1/3
[19:50:20] [*] grok2api 远端上传：登录管理后台（直连，不走代理）
[19:50:20] [+] grok2api 远端登录成功
[19:50:20] [*] grok2api 远端上传：调用 Console SSO 导入接口（直连）
[19:50:21] 【推送Grok2API 成功】
[19:50:21] [+] 已上传 Console SSO: 新增=1, 更新=0, 同步=1, 失败=0
[19:50:21] [风控] 检查新账号注册风控状态 ...
[19:50:22] [风控] ✅ 注册风控状态可用: botFlagSource=0
[19:50:22] [风控] 注册风控状态可用: botFlagSource=0
[19:50:22] [CPA] SSO → 协议 Device Flow 换 token (proxy=socks5h://15.204.89.179:1191) ...
[19:50:22] [CPA] [*] 尝试协议 Device Flow 换 token ...
[19:50:23] [CPA] ✅ sso 有效（协议路径）
[19:50:23] [CPA] 🔑 Device Flow: 申请 device_code / user_code ...
[19:50:24] [CPA] [*] user_code=HZ64-CWWE interval=5s expires_in=1800s
[19:50:24] [CPA] [*] Device Flow: verify user_code ...
[19:50:24] [CPA] ✅ device/verify OK → https://accounts.x.ai/oauth2/device/consent?user_code=HZ64-CWWE
[19:50:24] [CPA] [*] Device Flow: approve allow principal_id=(empty) ...
[19:50:25] [CPA] ✅ device/approve 已允许
[19:50:25] [CPA] [*] Device Flow: 轮询 access/refresh token ...
[19:50:25] [CPA] ✅ access_token (expires_in=21600s) + refresh_token
[19:50:25] [CPA] JWT bfs 检测: clean
[19:50:25] [CPA] 已写入 CPA 本地 /home/ubuntu/grok-register-panel/cpa_auth/xai-nicolas4007ztaylor_3@outlook.com.json
[19:50:25] [CPA] 已上传 CPA 远程 http://127.0.0.1:18457/.../xai-nicolas4007ztaylor_3@outlook.com.json
[19:50:25] [CPA] 已写入 Grok2API /home/ubuntu/grok-register-panel/grok2api_auth/g2a-nicolas4007ztaylor_3@outlook.com.json
[19:50:25] [+] 注册成功: nicolas4007ztaylor+3@outlook.com
[19:50:25] [结果] status=ok ip=12.104.4.97 port=1191 email=ni***@outlook.com kind=success bot=0 risk=- bfs=-
[19:50:25] [*] 当前统计: 成功 30 | 失败 4 || 注册成功 30 | 注册失败 4 | SSO成功 32 | SSO失败 0 | 早期跳过 0 | G2A成功 32 | G2A失败 0 | CPA成功 30 | CPA失败 0 | 风控通过 30 | 风控 2
[19:50:25] [*] 已成功 30 个账号，执行定期清理: 关闭浏览器并清理内存
[19:50:26] [*] Python GC 已回收对象数: 25413
[19:50:27] [*] 下一个账号前等待 480 秒...
[19:51:27] [*] 账号间隔等待中… 剩余 420s / 共 480s
[19:52:27] [*] 账号间隔等待中… 剩余 360s / 共 480s
[19:53:27] [*] 账号间隔等待中… 剩余 300s / 共 480s
[19:54:27] [*] 账号间隔等待中… 剩余 240s / 共 480s
[19:55:27] [*] 账号间隔等待中… 剩余 180s / 共 480s
[19:56:27] [*] 账号间隔等待中… 剩余 120s / 共 480s
[19:57:27] [*] 账号间隔等待中… 剩余 60s / 共 480s
[19:58:27] [*] 下号代理: socks5h://109.166.36.243:1091
[19:58:27] --- 开始第 35/2000 个账号 ---
[19:58:27] [*] 1. 打开注册页 (尝试 1/3)
[19:58:32] [static-cache] enabled dir=/home/ubuntu/grok-register-panel/log/static-asset-cache hits=6166 misses=89 max_mb=1024
[19:58:32] [*] 出口IP=142.249.204.75 代理=socks5h://109.166.36.243:1091 | AS45691 | DODO-CORE - DODO K.K. | Tokyo
[19:58:32] [*] 指纹 os=windows platform=Win32 webgl=ANGLE (NVIDIA, NVIDIA GeForce GTX 980 Direct3D11 vs_5_0 ps_5_0), or similar fontsWin=True ua=Mozilla/5.0 (Windows NT 10.0; Win64; x64; rv:152.0) Gecko/20100101 Firef… leak=none
[19:58:32] [*] 浏览器已启动
[19:58:39] [*] 当前URL: https://accounts.x.ai/sign-up?redirect=grok-com
[19:58:43] [*] 已点击「使用邮箱注册」按钮（原生事件）: Sign up with email
[19:58:43] [*] 2. 创建邮箱并提交
[19:58:45] [*] 已创建邮箱: aiden49nu948lee+3@outlook.com
[19:58:53] [*] 已填写邮箱并提交: aiden49nu948lee+3@outlook.com (Sign up)
[19:58:53] [*] 邮箱: aiden49nu948lee+3@outlook.com
[19:58:53] [*] 3. 拉取验证码
[19:59:19] [*] Outlook RT 等待验证码… 剩余 154s 邮件 4 封
[19:59:24] [*] Outlook RT 已提取验证码并完成库存记账
[19:59:28] [*] 已填写验证码并提交: 465-176
[19:59:28] [*] 验证码后页面 step=profile path=/sign-up?redirect=grok-com cf=True buttons=['Grok', 'Complete sign up', 'Go back', 'Your privacy choices']
[19:59:28] [*] 验证码: 465-176
[19:59:28] [*] 4. 填写资料
[19:59:41] [*] 已点击资料提交: Felix Zeng
[19:59:41] [*] 提交后页面 step=profile path=/sign-up?redirect=grok-com hint=You are signing into Grok Complete your sign up aiden49nu948lee+3@outlook.com First name Last name Password Complete sign upGo back By conti
[19:59:48] [*] 提交后页面 step=probe-error path=https://accounts.x.ai/sign-up?redirect=grok-com hint=Page.evaluate: Execution context was destroyed, most likely because of a navigation
[19:59:48] [*] 提交后页面 step=unknown path=/account hint=((a,b,c,d,e,f,g,h)=>{let i=document.documentElement,j=["light","dark"];function k(b){var c;(Array.isArray(a)?a:[a]).forEach(a=>{let c="class
[19:59:49] [*] 提交后页面 step=unknown path=/account hint=SpaceXAI Toggle theme FZ Welcome, Felix. Manage your account. Account Security Sessions Data Return to Redirecting You are being redirected,
[19:59:53] [*] 资料已填: Felix Zeng
[19:59:53] [*] registered_emails 已更新: aiden49nu948lee+3@outlook.com sso=empty
[19:59:53] [*] 5. 等待 sso cookie
[19:59:54] [*] 等待 sso 中... 已等 0s，剩余 29s | url=https://accounts.x.ai/account
[19:59:55] [*] 已获取到 sso cookie
[19:59:55] [*] registered_emails 已更新: aiden49nu948lee+3@outlook.com sso=yes
[19:59:55] [*] grok2api Web SSO 上传尝试 1/3
[19:59:55] [*] grok2api 远端上传：登录管理后台（直连，不走代理）
[19:59:55] [+] grok2api 远端登录成功
[19:59:55] [*] grok2api 远端上传：调用 Web SSO 导入接口（直连）
[19:59:56] 【推送Grok2API 成功】
[19:59:56] [+] 已上传 Web SSO: 新增=1, 更新=0, 同步=1, 失败=0
[19:59:56] [*] grok2api Console SSO 上传尝试 1/3
[19:59:56] [*] grok2api 远端上传：登录管理后台（直连，不走代理）
[19:59:56] [+] grok2api 远端登录成功
[19:59:56] [*] grok2api 远端上传：调用 Console SSO 导入接口（直连）
[19:59:57] 【推送Grok2API 成功】
[19:59:57] [+] 已上传 Console SSO: 新增=1, 更新=0, 同步=1, 失败=0
[19:59:57] [风控] 检查新账号注册风控状态 ...
[19:59:59] [风控] ✅ 注册风控状态可用: botFlagSource=0
[19:59:59] [风控] 注册风控状态可用: botFlagSource=0
[19:59:59] [CPA] SSO → 协议 Device Flow 换 token (proxy=socks5h://109.166.36.243:1091) ...
[19:59:59] [CPA] [*] 尝试协议 Device Flow 换 token ...
[20:00:00] [CPA] ✅ sso 有效（协议路径）
[20:00:00] [CPA] 🔑 Device Flow: 申请 device_code / user_code ...
[20:00:01] [CPA] [*] user_code=8HJF-2Z6J interval=5s expires_in=1800s
[20:00:02] [CPA] [*] Device Flow: verify user_code ...
[20:00:03] [CPA] ✅ device/verify OK → https://accounts.x.ai/oauth2/device/consent?user_code=8HJF-2Z6J
[20:00:03] [CPA] [*] Device Flow: approve allow principal_id=(empty) ...
[20:00:04] [CPA] ✅ device/approve 已允许
[20:00:04] [CPA] [*] Device Flow: 轮询 access/refresh token ...
[20:00:04] [CPA] ✅ access_token (expires_in=21600s) + refresh_token
[20:00:04] [CPA] JWT bfs 检测: clean
[20:00:04] [CPA] 已写入 CPA 本地 /home/ubuntu/grok-register-panel/cpa_auth/xai-aiden49nu948lee_3@outlook.com.json
[20:00:04] [CPA] 已上传 CPA 远程 http://127.0.0.1:18457/.../xai-aiden49nu948lee_3@outlook.com.json
[20:00:04] [CPA] 已写入 Grok2API /home/ubuntu/grok-register-panel/grok2api_auth/g2a-aiden49nu948lee_3@outlook.com.json
[20:00:04] [+] 注册成功: aiden49nu948lee+3@outlook.com
[20:00:04] [结果] status=ok ip=142.249.204.75 port=1091 email=ai***@outlook.com kind=success bot=0 risk=- bfs=-
[20:00:04] [*] 当前统计: 成功 31 | 失败 4 || 注册成功 31 | 注册失败 4 | SSO成功 33 | SSO失败 0 | 早期跳过 0 | G2A成功 33 | G2A失败 0 | CPA成功 31 | CPA失败 0 | 风控通过 31 | 风控 2
[20:00:06] [*] 下一个账号前等待 480 秒...
[20:01:06] [*] 账号间隔等待中… 剩余 420s / 共 480s
[20:02:06] [*] 账号间隔等待中… 剩余 360s / 共 480s
[20:03:06] [*] 账号间隔等待中… 剩余 300s / 共 480s
[20:04:06] [*] 账号间隔等待中… 剩余 240s / 共 480s
[20:05:06] [*] 账号间隔等待中… 剩余 180s / 共 480s
[20:06:06] [*] 账号间隔等待中… 剩余 120s / 共 480s
[20:07:06] [*] 账号间隔等待中… 剩余 60s / 共 480s
[20:08:06] [*] 下号代理: socks5h://109.166.36.243:1090
[20:08:06] --- 开始第 36/2000 个账号 ---
[20:08:06] [*] 1. 打开注册页 (尝试 1/3)
[20:08:12] [static-cache] enabled dir=/home/ubuntu/grok-register-panel/log/static-asset-cache hits=6410 misses=89 max_mb=1024
[20:08:12] [*] 出口IP=142.249.204.223 代理=socks5h://109.166.36.243:1090 | AS45691 | DODO-CORE - DODO K.K. | Tokyo
[20:08:12] [*] 指纹 os=windows platform=Win32 webgl=ANGLE (NVIDIA, NVIDIA GeForce GTX 980 Direct3D11 vs_5_0 ps_5_0), or similar fontsWin=True ua=Mozilla/5.0 (Windows NT 10.0; Win64; x64; rv:152.0) Gecko/20100101 Firef… leak=none
[20:08:12] [*] 浏览器已启动
[20:08:23] [*] 当前URL: https://accounts.x.ai/sign-up?redirect=grok-com
[20:08:26] [*] 已点击「使用邮箱注册」按钮（原生事件）: Sign up with email
[20:08:26] [*] 2. 创建邮箱并提交
[20:08:28] [*] 已创建邮箱: roland32vx953neal+3@outlook.com
[20:08:36] [*] 已填写邮箱并提交: roland32vx953neal+3@outlook.com (Sign up)
[20:08:36] [*] 邮箱: roland32vx953neal+3@outlook.com
[20:08:36] [*] 3. 拉取验证码
[20:08:39] [*] Outlook RT 等待验证码… 剩余 177s 邮件 4 封
[20:08:44] [*] Outlook RT 已提取验证码并完成库存记账
[20:08:47] [*] 已填写验证码并提交: 715-227
[20:08:47] [*] 验证码后页面 step=profile path=/sign-up?redirect=grok-com cf=True buttons=['Grok', 'Complete sign up', 'Go back', 'Your privacy choices']
[20:08:47] [*] 验证码: 715-227
[20:08:47] [*] 4. 填写资料
[20:08:59] [*] 已点击资料提交: Jason Bai
[20:08:59] [*] 提交后页面 step=profile path=/sign-up?redirect=grok-com hint=You are signing into Grok Complete your sign up roland32vx953neal+3@outlook.com First name Last name Password Complete sign upGo back By con
[20:09:06] [*] 提交后页面 step=unknown path=/account hint=((a,b,c,d,e,f,g,h)=>{let i=document.documentElement,j=["light","dark"];function k(b){var c;(Array.isArray(a)?a:[a]).forEach(a=>{let c="class
[20:09:06] [*] 提交后页面 step=unknown path=/account hint=SpaceXAI Toggle theme JB Welcome, Jason. Manage your account. Account Security Sessions Data Return to Redirecting You are being redirected,
[20:09:12] [*] 资料已填: Jason Bai
[20:09:12] [*] registered_emails 已更新: roland32vx953neal+3@outlook.com sso=empty
[20:09:12] [*] 5. 等待 sso cookie
[20:09:12] [*] 等待 sso 中... 已等 0s，剩余 29s | url=https://grok.com/
[20:09:13] [*] 已获取到 sso cookie
[20:09:14] [*] registered_emails 已更新: roland32vx953neal+3@outlook.com sso=yes
[20:09:14] [*] grok2api Web SSO 上传尝试 1/3
[20:09:14] [*] grok2api 远端上传：登录管理后台（直连，不走代理）
[20:09:14] [+] grok2api 远端登录成功
[20:09:14] [*] grok2api 远端上传：调用 Web SSO 导入接口（直连）
[20:09:15] 【推送Grok2API 成功】
[20:09:15] [+] 已上传 Web SSO: 新增=1, 更新=0, 同步=1, 失败=0
[20:09:15] [*] grok2api Console SSO 上传尝试 1/3
[20:09:15] [*] grok2api 远端上传：登录管理后台（直连，不走代理）
[20:09:15] [+] grok2api 远端登录成功
[20:09:15] [*] grok2api 远端上传：调用 Console SSO 导入接口（直连）
[20:09:15] 【推送Grok2API 成功】
[20:09:15] [+] 已上传 Console SSO: 新增=1, 更新=0, 同步=1, 失败=0
[20:09:15] [风控] 检查新账号注册风控状态 ...
[20:09:17] [风控] ✅ 注册风控状态可用: botFlagSource=0
[20:09:17] [风控] 注册风控状态可用: botFlagSource=0
[20:09:17] [CPA] SSO → 协议 Device Flow 换 token (proxy=socks5h://109.166.36.243:1090) ...
[20:09:17] [CPA] [*] 尝试协议 Device Flow 换 token ...
[20:09:19] [CPA] ✅ sso 有效（协议路径）
[20:09:19] [CPA] 🔑 Device Flow: 申请 device_code / user_code ...
[20:09:20] [CPA] [*] user_code=GY2A-QQV4 interval=5s expires_in=1800s
[20:09:20] [CPA] [*] Device Flow: verify user_code ...
[20:09:21] [CPA] ✅ device/verify OK → https://accounts.x.ai/oauth2/device/consent?user_code=GY2A-QQV4
[20:09:21] [CPA] [*] Device Flow: approve allow principal_id=(empty) ...
[20:09:22] [CPA] ✅ device/approve 已允许
[20:09:22] [CPA] [*] Device Flow: 轮询 access/refresh token ...
[20:09:22] [CPA] ✅ access_token (expires_in=21600s) + refresh_token
[20:09:22] [CPA] JWT bfs 检测: clean
[20:09:22] [CPA] 已写入 CPA 本地 /home/ubuntu/grok-register-panel/cpa_auth/xai-roland32vx953neal_3@outlook.com.json
[20:09:22] [CPA] 已上传 CPA 远程 http://127.0.0.1:18457/.../xai-roland32vx953neal_3@outlook.com.json
[20:09:22] [CPA] 已写入 Grok2API /home/ubuntu/grok-register-panel/grok2api_auth/g2a-roland32vx953neal_3@outlook.com.json
[20:09:22] [+] 注册成功: roland32vx953neal+3@outlook.com
[20:09:22] [结果] status=ok ip=142.249.204.223 port=1090 email=ro***@outlook.com kind=success bot=0 risk=- bfs=-
[20:09:22] [*] 当前统计: 成功 32 | 失败 4 || 注册成功 32 | 注册失败 4 | SSO成功 34 | SSO失败 0 | 早期跳过 0 | G2A成功 34 | G2A失败 0 | CPA成功 32 | CPA失败 0 | 风控通过 32 | 风控 2
[20:09:23] [*] 下一个账号前等待 480 秒...
[20:10:23] [*] 账号间隔等待中… 剩余 420s / 共 480s
[20:11:23] [*] 账号间隔等待中… 剩余 360s / 共 480s
[20:12:23] [*] 账号间隔等待中… 剩余 300s / 共 480s
[20:13:23] [*] 账号间隔等待中… 剩余 240s / 共 480s
[20:14:24] [*] 账号间隔等待中… 剩余 180s / 共 480s
[20:15:24] [*] 账号间隔等待中… 剩余 120s / 共 480s
[20:16:24] [*] 账号间隔等待中… 剩余 60s / 共 480s
[20:17:23] [*] 下号代理: socks5h://15.204.89.179:1178
[20:17:23] --- 开始第 37/2000 个账号 ---
[20:17:23] [*] 1. 打开注册页 (尝试 1/3)
[20:17:28] [static-cache] enabled dir=/home/ubuntu/grok-register-panel/log/static-asset-cache hits=6654 misses=90 max_mb=1024
[20:17:28] [*] 出口IP=12.104.4.66 代理=socks5h://15.204.89.179:1178 | AS7018 | AT&T Enterprises, LLC | Boston
[20:17:28] [*] 指纹 os=windows platform=Win32 webgl=ANGLE (NVIDIA, NVIDIA GeForce GTX 980 Direct3D11 vs_5_0 ps_5_0), or similar fontsWin=True ua=Mozilla/5.0 (Windows NT 10.0; Win64; x64; rv:152.0) Gecko/20100101 Firef… leak=none
[20:17:28] [*] 浏览器已启动
[20:17:34] [*] 当前URL: https://accounts.x.ai/sign-up?redirect=grok-com
[20:17:38] [*] 已点击「使用邮箱注册」按钮（原生事件）: Sign up with email
[20:17:39] [*] 2. 创建邮箱并提交
[20:17:40] [*] 已创建邮箱: leez72964campbell+3@outlook.com
[20:17:50] [*] 已填写邮箱并提交: leez72964campbell+3@outlook.com (Sign up)
[20:17:50] [*] 邮箱: leez72964campbell+3@outlook.com
[20:17:50] [*] 3. 拉取验证码
[20:17:53] [*] Outlook RT 等待验证码… 剩余 176s 邮件 4 封
[20:18:00] [*] Outlook RT 已提取验证码并完成库存记账
[20:18:07] [*] 已填写验证码并提交: 568-550
[20:18:07] [*] 验证码后页面 step=profile path=/sign-up?redirect=grok-com cf=True buttons=['Grok', 'Complete sign up', 'Go back', 'Your privacy choices']
[20:18:07] [*] 验证码: 568-550
[20:18:07] [*] 4. 填写资料
[20:18:21] [*] 已点击资料提交: Noah Fu
[20:18:21] [*] 提交后页面 step=profile path=/sign-up?redirect=grok-com hint=You are signing into Grok Complete your sign up leez72964campbell+3@outlook.com First name Last name Password Complete sign upGo back By con
[20:18:28] [*] 提交后页面 step=unknown path=/account hint=((a,b,c,d,e,f,g,h)=>{let i=document.documentElement,j=["light","dark"];function k(b){var c;(Array.isArray(a)?a:[a]).forEach(a=>{let c="class
[20:18:29] [*] 提交后页面 step=unknown path=/account hint=SpaceXAI Toggle theme NF Welcome, Noah. Manage your account. Account Security Sessions Data Return to Redirecting You are being redirected, 
[20:18:35] [*] 资料已填: Noah Fu
[20:18:35] [*] registered_emails 已更新: leez72964campbell+3@outlook.com sso=empty
[20:18:35] [*] 5. 等待 sso cookie
[20:18:35] [*] 等待 sso 中... 已等 0s，剩余 29s | url=https://grok.com/
[20:18:35] [*] 已获取到 sso cookie
[20:18:36] [*] registered_emails 已更新: leez72964campbell+3@outlook.com sso=yes
[20:18:36] [*] grok2api Web SSO 上传尝试 1/3
[20:18:36] [*] grok2api 远端上传：登录管理后台（直连，不走代理）
[20:18:36] [+] grok2api 远端登录成功
[20:18:36] [*] grok2api 远端上传：调用 Web SSO 导入接口（直连）
[20:18:37] 【推送Grok2API 成功】
[20:18:37] [+] 已上传 Web SSO: 新增=1, 更新=0, 同步=1, 失败=0
[20:18:37] [*] grok2api Console SSO 上传尝试 1/3
[20:18:37] [*] grok2api 远端上传：登录管理后台（直连，不走代理）
[20:18:37] [+] grok2api 远端登录成功
[20:18:37] [*] grok2api 远端上传：调用 Console SSO 导入接口（直连）
[20:18:38] 【推送Grok2API 成功】
[20:18:38] [+] 已上传 Console SSO: 新增=1, 更新=0, 同步=1, 失败=0
[20:18:38] [风控] 检查新账号注册风控状态 ...
[20:18:39] [风控] ✅ 注册风控状态可用: botFlagSource=0
[20:18:39] [风控] 注册风控状态可用: botFlagSource=0
[20:18:39] [CPA] SSO → 协议 Device Flow 换 token (proxy=socks5h://15.204.89.179:1178) ...
[20:18:39] [CPA] [*] 尝试协议 Device Flow 换 token ...
[20:18:41] [CPA] ✅ sso 有效（协议路径）
[20:18:41] [CPA] 🔑 Device Flow: 申请 device_code / user_code ...
[20:18:41] [CPA] [*] user_code=Q97V-WTEP interval=5s expires_in=1800s
[20:18:42] [CPA] [*] Device Flow: verify user_code ...
[20:18:42] [CPA] ✅ device/verify OK → https://accounts.x.ai/oauth2/device/consent?user_code=Q97V-WTEP
[20:18:42] [CPA] [*] Device Flow: approve allow principal_id=(empty) ...
[20:18:43] [CPA] ✅ device/approve 已允许
[20:18:43] [CPA] [*] Device Flow: 轮询 access/refresh token ...
[20:18:44] [CPA] ✅ access_token (expires_in=21600s) + refresh_token
[20:18:44] [CPA] JWT bfs 检测: clean
[20:18:44] [CPA] 已写入 CPA 本地 /home/ubuntu/grok-register-panel/cpa_auth/xai-leez72964campbell_3@outlook.com.json
[20:18:44] [CPA] 已上传 CPA 远程 http://127.0.0.1:18457/.../xai-leez72964campbell_3@outlook.com.json
[20:18:44] [CPA] 已写入 Grok2API /home/ubuntu/grok-register-panel/grok2api_auth/g2a-leez72964campbell_3@outlook.com.json
[20:18:44] [+] 注册成功: leez72964campbell+3@outlook.com
[20:18:44] [结果] status=ok ip=12.104.4.66 port=1178 email=le***@outlook.com kind=success bot=0 risk=- bfs=-
[20:18:44] [*] 当前统计: 成功 33 | 失败 4 || 注册成功 33 | 注册失败 4 | SSO成功 35 | SSO失败 0 | 早期跳过 0 | G2A成功 35 | G2A失败 0 | CPA成功 33 | CPA失败 0 | 风控通过 33 | 风控 2
[20:18:47] [*] 下一个账号前等待 480 秒...
[20:19:47] [*] 账号间隔等待中… 剩余 420s / 共 480s
[20:20:47] [*] 账号间隔等待中… 剩余 360s / 共 480s
[20:21:47] [*] 账号间隔等待中… 剩余 300s / 共 480s
[20:22:47] [*] 账号间隔等待中… 剩余 240s / 共 480s
[20:23:47] [*] 账号间隔等待中… 剩余 180s / 共 480s
[20:24:47] [*] 账号间隔等待中… 剩余 120s / 共 480s
[20:25:47] [*] 账号间隔等待中… 剩余 60s / 共 480s
[20:26:47] [*] 下号代理: socks5h://109.166.36.243:1092
[20:26:47] --- 开始第 38/2000 个账号 ---
[20:26:47] [*] 1. 打开注册页 (尝试 1/3)
[20:26:51] [static-cache] enabled dir=/home/ubuntu/grok-register-panel/log/static-asset-cache hits=6897 misses=90 max_mb=1024
[20:26:51] [*] 出口IP=142.249.204.224 代理=socks5h://109.166.36.243:1092 | AS45691 | DODO-CORE - DODO K.K. | Tokyo
[20:26:51] [*] 指纹 os=windows platform=Win32 webgl=ANGLE (Intel, Intel(R) HD Graphics 400 Direct3D11 vs_5_0 ps_5_0), or similar fontsWin=True ua=Mozilla/5.0 (Windows NT 10.0; Win64; x64; rv:152.0) Gecko/20100101 Firef… leak=none
[20:26:51] [*] 浏览器已启动
[20:26:59] [*] 当前URL: https://accounts.x.ai/sign-up?redirect=grok-com
[20:27:02] [*] 已点击「使用邮箱注册」按钮（原生事件）: Sign up with email
[20:27:03] [*] 2. 创建邮箱并提交
[20:27:04] [*] 已创建邮箱: dinj7120sales+3@outlook.com
[20:27:12] [*] 已填写邮箱并提交: dinj7120sales+3@outlook.com (Sign up)
[20:27:12] [*] 邮箱: dinj7120sales+3@outlook.com
[20:27:12] [*] 3. 拉取验证码
[20:27:15] [*] Outlook RT 等待验证码… 剩余 176s 邮件 4 封
[20:27:20] [*] Outlook RT 已提取验证码并完成库存记账
[20:27:23] [*] 已填写验证码并提交: 896-464
[20:27:23] [*] 验证码后页面 step=profile path=/sign-up?redirect=grok-com cf=True buttons=['Grok', 'Complete sign up', 'Go back', 'Your privacy choices']
[20:27:23] [*] 验证码: 896-464
[20:27:23] [*] 4. 填写资料
[20:27:36] [*] 已点击资料提交: Alex Lu
[20:27:36] [*] 提交后页面 step=profile path=/sign-up?redirect=grok-com hint=You are signing into Grok Complete your sign up dinj7120sales+3@outlook.com First name Last name Password Complete sign upGo back By continu
[20:27:46] [*] 提交后页面 step=unknown path=/account hint=((a,b,c,d,e,f,g,h)=>{let i=document.documentElement,j=["light","dark"];function k(b){var c;(Array.isArray(a)?a:[a]).forEach(a=>{let c="class
[20:27:47] [*] 提交后页面 step=unknown path=/account hint=SpaceXAI Toggle theme AL Welcome, Alex. Manage your account. Account Security Sessions Data Return to Redirecting You are being redirected, 
[20:27:48] [*] 资料已填: Alex Lu
[20:27:49] [*] registered_emails 已更新: dinj7120sales+3@outlook.com sso=empty
[20:27:49] [*] 5. 等待 sso cookie
[20:27:49] [*] 等待 sso 中... 已等 0s，剩余 29s | url=https://accounts.x.ai/account
[20:27:49] [*] 已获取到 sso cookie
[20:27:49] [*] registered_emails 已更新: dinj7120sales+3@outlook.com sso=yes
[20:27:49] [*] grok2api Web SSO 上传尝试 1/3
[20:27:49] [*] grok2api 远端上传：登录管理后台（直连，不走代理）
[20:27:49] [+] grok2api 远端登录成功
[20:27:49] [*] grok2api 远端上传：调用 Web SSO 导入接口（直连）
[20:27:50] 【推送Grok2API 成功】
[20:27:50] [+] 已上传 Web SSO: 新增=1, 更新=0, 同步=1, 失败=0
[20:27:50] [*] grok2api Console SSO 上传尝试 1/3
[20:27:50] [*] grok2api 远端上传：登录管理后台（直连，不走代理）
[20:27:50] [+] grok2api 远端登录成功
[20:27:50] [*] grok2api 远端上传：调用 Console SSO 导入接口（直连）
[20:27:51] 【推送Grok2API 成功】
[20:27:51] [+] 已上传 Console SSO: 新增=1, 更新=0, 同步=1, 失败=0
[20:27:51] [风控] 检查新账号注册风控状态 ...
[20:27:52] [风控] ✅ 注册风控状态可用: botFlagSource=0
[20:27:52] [风控] 注册风控状态可用: botFlagSource=0
[20:27:52] [CPA] SSO → 协议 Device Flow 换 token (proxy=socks5h://109.166.36.243:1092) ...
[20:27:52] [CPA] [*] 尝试协议 Device Flow 换 token ...
[20:27:53] [CPA] ✅ sso 有效（协议路径）
[20:27:53] [CPA] 🔑 Device Flow: 申请 device_code / user_code ...
[20:27:54] [CPA] [*] user_code=RTFT-W7FK interval=5s expires_in=1800s
[20:27:55] [CPA] [*] Device Flow: verify user_code ...
[20:27:55] [CPA] ✅ device/verify OK → https://accounts.x.ai/oauth2/device/consent?user_code=RTFT-W7FK
[20:27:55] [CPA] [*] Device Flow: approve allow principal_id=(empty) ...
[20:27:56] [CPA] ✅ device/approve 已允许
[20:27:56] [CPA] [*] Device Flow: 轮询 access/refresh token ...
[20:27:56] [CPA] ✅ access_token (expires_in=21600s) + refresh_token
[20:27:56] [CPA] JWT bfs 检测: clean
[20:27:56] [CPA] 已写入 CPA 本地 /home/ubuntu/grok-register-panel/cpa_auth/xai-dinj7120sales_3@outlook.com.json
[20:27:56] [CPA] 已上传 CPA 远程 http://127.0.0.1:18457/.../xai-dinj7120sales_3@outlook.com.json
[20:27:56] [CPA] 已写入 Grok2API /home/ubuntu/grok-register-panel/grok2api_auth/g2a-dinj7120sales_3@outlook.com.json
[20:27:56] [+] 注册成功: dinj7120sales+3@outlook.com
[20:27:56] [结果] status=ok ip=142.249.204.224 port=1092 email=di***@outlook.com kind=success bot=0 risk=- bfs=-
[20:27:56] [*] 当前统计: 成功 34 | 失败 4 || 注册成功 34 | 注册失败 4 | SSO成功 36 | SSO失败 0 | 早期跳过 0 | G2A成功 36 | G2A失败 0 | CPA成功 34 | CPA失败 0 | 风控通过 34 | 风控 2
[20:27:58] [*] 下一个账号前等待 480 秒...
[20:28:58] [*] 账号间隔等待中… 剩余 420s / 共 480s
[20:29:58] [*] 账号间隔等待中… 剩余 360s / 共 480s
[20:30:58] [*] 账号间隔等待中… 剩余 300s / 共 480s
[20:31:58] [*] 账号间隔等待中… 剩余 240s / 共 480s
[20:32:58] [*] 账号间隔等待中… 剩余 180s / 共 480s
[20:33:58] [*] 账号间隔等待中… 剩余 120s / 共 480s
[20:34:58] [*] 账号间隔等待中… 剩余 60s / 共 480s
[20:35:58] [*] 下号代理: socks5h://15.204.89.179:1191
[20:35:58] --- 开始第 39/2000 个账号 ---
[20:35:58] [*] 1. 打开注册页 (尝试 1/3)
[20:36:02] [static-cache] enabled dir=/home/ubuntu/grok-register-panel/log/static-asset-cache hits=7000 misses=90 max_mb=1024
[20:36:02] [*] 出口IP=12.104.4.97 代理=socks5h://15.204.89.179:1191 | AS7018 | AT&T Enterprises, LLC | Boston
[20:36:02] [*] 指纹 os=windows platform=Win32 webgl=ANGLE (NVIDIA, NVIDIA GeForce GTX 980 Direct3D11 vs_5_0 ps_5_0), or similar fontsWin=True ua=Mozilla/5.0 (Windows NT 10.0; Win64; x64; rv:152.0) Gecko/20100101 Firef… leak=none
[20:36:02] [*] 浏览器已启动
[20:36:11] [*] 当前URL: https://accounts.x.ai/sign-up?redirect=grok-com
[20:36:14] [*] 已点击「使用邮箱注册」按钮（原生事件）: Sign up with email
[20:36:15] [*] 2. 创建邮箱并提交
[20:36:17] [*] 已创建邮箱: suzannexlr446lord+3@outlook.com
[20:36:25] [*] 已填写邮箱并提交: suzannexlr446lord+3@outlook.com (Sign up)
[20:36:25] [*] 邮箱: suzannexlr446lord+3@outlook.com
[20:36:25] [*] 3. 拉取验证码
[20:36:30] [*] Outlook RT 等待验证码… 剩余 175s 邮件 4 封
[20:36:35] [*] Outlook RT 已提取验证码并完成库存记账
[20:36:39] [*] 已填写验证码并提交: 260-483
[20:36:39] [*] 验证码后页面 step=profile path=/sign-up?redirect=grok-com cf=True buttons=['Grok', 'Complete sign up', 'Go back', 'Your privacy choices']
[20:36:39] [*] 验证码: 260-483
[20:36:39] [*] 4. 填写资料
[20:36:51] [*] 已点击资料提交: Henry Wang
[20:36:51] [*] 提交后页面 step=profile path=/sign-up?redirect=grok-com hint=You are signing into Grok Complete your sign up suzannexlr446lord+3@outlook.com First name Last name Password Complete sign upGo back By con
[20:36:57] [*] 提交后页面 step=unknown path=/account hint=((a,b,c,d,e,f,g,h)=>{let i=document.documentElement,j=["light","dark"];function k(b){var c;(Array.isArray(a)?a:[a]).forEach(a=>{let c="class
[20:36:57] [*] 提交后页面 step=unknown path=/account hint=SpaceXAI Toggle theme HW Welcome, Henry. Manage your account. Account Security Sessions Data Return to Redirecting You are being redirected,
[20:37:02] [*] 提交后页面 step=probe-error path=https://accounts.x.ai/account hint=Page.evaluate: Execution context was destroyed, most likely because of a navigation
[20:37:04] [*] 资料已填: Henry Wang
[20:37:04] [*] registered_emails 已更新: suzannexlr446lord+3@outlook.com sso=empty
[20:37:04] [*] 5. 等待 sso cookie
[20:37:04] [*] 等待 sso 中... 已等 0s，剩余 29s | url=https://grok.com/
[20:37:05] [*] 已获取到 sso cookie
[20:37:05] [*] registered_emails 已更新: suzannexlr446lord+3@outlook.com sso=yes
[20:37:05] [*] grok2api Web SSO 上传尝试 1/3
[20:37:05] [*] grok2api 远端上传：登录管理后台（直连，不走代理）
[20:37:05] [+] grok2api 远端登录成功
[20:37:05] [*] grok2api 远端上传：调用 Web SSO 导入接口（直连）
[20:37:06] 【推送Grok2API 成功】
[20:37:06] [+] 已上传 Web SSO: 新增=1, 更新=0, 同步=1, 失败=0
[20:37:06] [*] grok2api Console SSO 上传尝试 1/3
[20:37:06] [*] grok2api 远端上传：登录管理后台（直连，不走代理）
[20:37:06] [+] grok2api 远端登录成功
[20:37:06] [*] grok2api 远端上传：调用 Console SSO 导入接口（直连）
[20:37:07] 【推送Grok2API 成功】
[20:37:07] [+] 已上传 Console SSO: 新增=1, 更新=0, 同步=1, 失败=0
[20:37:07] [风控] 检查新账号注册风控状态 ...
[20:37:08] [风控] ✅ 注册风控状态可用: botFlagSource=0
[20:37:08] [风控] 注册风控状态可用: botFlagSource=0
[20:37:08] [CPA] SSO → 协议 Device Flow 换 token (proxy=socks5h://15.204.89.179:1191) ...
[20:37:08] [CPA] [*] 尝试协议 Device Flow 换 token ...
[20:37:09] [CPA] ✅ sso 有效（协议路径）
[20:37:09] [CPA] 🔑 Device Flow: 申请 device_code / user_code ...
[20:37:10] [CPA] [*] user_code=YCS7-PZY6 interval=5s expires_in=1800s
[20:37:10] [CPA] [*] Device Flow: verify user_code ...
[20:37:11] [CPA] ✅ device/verify OK → https://accounts.x.ai/oauth2/device/consent?user_code=YCS7-PZY6
[20:37:11] [CPA] [*] Device Flow: approve allow principal_id=(empty) ...
[20:37:11] [CPA] ✅ device/approve 已允许
[20:37:11] [CPA] [*] Device Flow: 轮询 access/refresh token ...
[20:37:11] [CPA] ✅ access_token (expires_in=21600s) + refresh_token
[20:37:11] [CPA] JWT bfs 检测: clean
[20:37:11] [CPA] 已写入 CPA 本地 /home/ubuntu/grok-register-panel/cpa_auth/xai-suzannexlr446lord_3@outlook.com.json
[20:37:11] [CPA] 已上传 CPA 远程 http://127.0.0.1:18457/.../xai-suzannexlr446lord_3@outlook.com.json
[20:37:11] [CPA] 已写入 Grok2API /home/ubuntu/grok-register-panel/grok2api_auth/g2a-suzannexlr446lord_3@outlook.com.json
[20:37:11] [+] 注册成功: suzannexlr446lord+3@outlook.com
[20:37:11] [结果] status=ok ip=12.104.4.97 port=1191 email=su***@outlook.com kind=success bot=0 risk=- bfs=-
[20:37:11] [*] 当前统计: 成功 35 | 失败 4 || 注册成功 35 | 注册失败 4 | SSO成功 37 | SSO失败 0 | 早期跳过 0 | G2A成功 37 | G2A失败 0 | CPA成功 35 | CPA失败 0 | 风控通过 35 | 风控 2
[20:37:11] [*] 已成功 35 个账号，执行定期清理: 关闭浏览器并清理内存
[20:37:13] [*] Python GC 已回收对象数: 26453
[20:37:13] [*] 下一个账号前等待 480 秒...
[20:38:13] [*] 账号间隔等待中… 剩余 420s / 共 480s
[20:39:13] [*] 账号间隔等待中… 剩余 360s / 共 480s
[20:40:13] [*] 账号间隔等待中… 剩余 300s / 共 480s
[20:41:13] [*] 账号间隔等待中… 剩余 240s / 共 480s
[20:42:13] [*] 账号间隔等待中… 剩余 180s / 共 480s
[20:43:13] [*] 账号间隔等待中… 剩余 120s / 共 480s
[20:44:13] [*] 账号间隔等待中… 剩余 60s / 共 480s
[20:45:13] [*] 下号代理: socks5h://109.166.36.243:1091
[20:45:13] --- 开始第 40/2000 个账号 ---
[20:45:13] [*] 1. 打开注册页 (尝试 1/3)
[20:45:18] [static-cache] enabled dir=/home/ubuntu/grok-register-panel/log/static-asset-cache hits=7242 misses=93 max_mb=1024
[20:45:18] [*] 出口IP=142.249.204.75 代理=socks5h://109.166.36.243:1091 | AS45691 | DODO-CORE - DODO K.K. | Tokyo
[20:45:18] [*] 指纹 os=windows platform=Win32 webgl=ANGLE (Intel, Intel(R) HD Graphics Direct3D11 vs_5_0 ps_5_0), or similar fontsWin=True ua=Mozilla/5.0 (Windows NT 10.0; Win64; x64; rv:152.0) Gecko/20100101 Firef… leak=none
[20:45:18] [*] 浏览器已启动
[20:45:25] [*] 当前URL: https://accounts.x.ai/sign-up?redirect=grok-com
[20:45:28] [*] 已点击「使用邮箱注册」按钮（原生事件）: Sign up with email
[20:45:29] [*] 2. 创建邮箱并提交
[20:45:31] [*] 已创建邮箱: jackson8467ipatterson+3@outlook.com
[20:45:40] [*] 已填写邮箱并提交: jackson8467ipatterson+3@outlook.com (Sign up)
[20:45:40] [*] 邮箱: jackson8467ipatterson+3@outlook.com
[20:45:40] [*] 3. 拉取验证码
[20:45:44] [*] Outlook RT 等待验证码… 剩余 176s 邮件 4 封
[20:45:49] [*] Outlook RT 已提取验证码并完成库存记账
[20:45:52] [*] 已填写验证码并提交: 210-016
[20:45:52] [*] 验证码后页面 step=profile path=/sign-up?redirect=grok-com cf=True buttons=['Grok', 'Complete sign up', 'Go back', 'Your privacy choices']
[20:45:52] [*] 验证码: 210-016
[20:45:52] [*] 4. 填写资料
[20:46:02] [*] 等待 Cloudflare 人机验证通过后再提交... 当前token长度=0
[20:46:05] [*] 提交前仍卡住，自动再次复用 Turnstile...
[20:46:05] [*] 尝试点击 Turnstile...
[20:46:06] [*] 已点击 Turnstile frame body (24, 32)
[20:46:11] [*] Turnstile 已通过，token长度=709
[20:46:11] [*] Turnstile 二次复用完成，回填长度=709
[20:46:15] [*] 已点击资料提交: Hunter Xu
[20:46:15] [*] 提交后页面 step=profile path=/sign-up?redirect=grok-com hint=You are signing into Grok Complete your sign up jackson8467ipatterson+3@outlook.com First name Last name Password Complete sign upGo back By
[20:46:22] [*] 提交后页面 step=unknown path=/account hint=((a,b,c,d,e,f,g,h)=>{let i=document.documentElement,j=["light","dark"];function k(b){var c;(Array.isArray(a)?a:[a]).forEach(a=>{let c="class
[20:46:22] [*] 提交后页面 step=unknown path=/account hint=SpaceXAI Toggle theme HX Welcome, Hunter. Manage your account. Account Security Sessions Data Return to Redirecting You are being redirected
[20:46:26] [*] 提交后页面 step=probe-error path=https://accounts.x.ai/account hint=Page.evaluate: Execution context was destroyed, most likely because of a navigation
[20:46:27] [*] 资料已填: Hunter Xu
[20:46:27] [*] registered_emails 已更新: jackson8467ipatterson+3@outlook.com sso=empty
[20:46:27] [*] 5. 等待 sso cookie
[20:46:28] [*] 等待 sso 中... 已等 0s，剩余 29s | url=https://accounts.x.ai/account
[20:46:29] [*] 已获取到 sso cookie
[20:46:29] [*] registered_emails 已更新: jackson8467ipatterson+3@outlook.com sso=yes
[20:46:29] [*] grok2api Web SSO 上传尝试 1/3
[20:46:29] [*] grok2api 远端上传：登录管理后台（直连，不走代理）
[20:46:29] [+] grok2api 远端登录成功
[20:46:29] [*] grok2api 远端上传：调用 Web SSO 导入接口（直连）
[20:46:30] 【推送Grok2API 成功】
[20:46:30] [+] 已上传 Web SSO: 新增=1, 更新=0, 同步=1, 失败=0
[20:46:30] [*] grok2api Console SSO 上传尝试 1/3
[20:46:30] [*] grok2api 远端上传：登录管理后台（直连，不走代理）
[20:46:31] [+] grok2api 远端登录成功
[20:46:31] [*] grok2api 远端上传：调用 Console SSO 导入接口（直连）
[20:46:31] 【推送Grok2API 成功】
[20:46:31] [+] 已上传 Console SSO: 新增=1, 更新=0, 同步=1, 失败=0
[20:46:31] [风控] 检查新账号注册风控状态 ...
[20:46:33] [风控] ✅ 注册风控状态可用: botFlagSource=0
[20:46:33] [风控] 注册风控状态可用: botFlagSource=0
[20:46:33] [CPA] SSO → 协议 Device Flow 换 token (proxy=socks5h://109.166.36.243:1091) ...
[20:46:33] [CPA] [*] 尝试协议 Device Flow 换 token ...
[20:46:34] [CPA] ✅ sso 有效（协议路径）
[20:46:34] [CPA] 🔑 Device Flow: 申请 device_code / user_code ...
[20:46:35] [CPA] [*] user_code=V9QD-GP24 interval=5s expires_in=1800s
[20:46:36] [CPA] [*] Device Flow: verify user_code ...
[20:46:37] [CPA] ✅ device/verify OK → https://accounts.x.ai/oauth2/device/consent?user_code=V9QD-GP24
[20:46:37] [CPA] [*] Device Flow: approve allow principal_id=(empty) ...
[20:46:38] [CPA] ✅ device/approve 已允许
[20:46:38] [CPA] [*] Device Flow: 轮询 access/refresh token ...
[20:46:38] [CPA] ✅ access_token (expires_in=21600s) + refresh_token
[20:46:38] [CPA] JWT bfs 检测: clean
[20:46:38] [CPA] 已写入 CPA 本地 /home/ubuntu/grok-register-panel/cpa_auth/xai-jackson8467ipatterson_3@outlook.com.json
[20:46:39] [CPA] 已上传 CPA 远程 http://127.0.0.1:18457/.../xai-jackson8467ipatterson_3@outlook.com.json
[20:46:39] [CPA] 已写入 Grok2API /home/ubuntu/grok-register-panel/grok2api_auth/g2a-jackson8467ipatterson_3@outlook.com.json
[20:46:39] [+] 注册成功: jackson8467ipatterson+3@outlook.com
[20:46:39] [结果] status=ok ip=142.249.204.75 port=1091 email=ja***@outlook.com kind=success bot=0 risk=- bfs=-
[20:46:39] [*] 当前统计: 成功 36 | 失败 4 || 注册成功 36 | 注册失败 4 | SSO成功 38 | SSO失败 0 | 早期跳过 0 | G2A成功 38 | G2A失败 0 | CPA成功 36 | CPA失败 0 | 风控通过 36 | 风控 2
[20:46:40] [*] 下一个账号前等待 480 秒...
[20:47:40] [*] 账号间隔等待中… 剩余 420s / 共 480s
[20:48:40] [*] 账号间隔等待中… 剩余 360s / 共 480s
[20:49:40] [*] 账号间隔等待中… 剩余 300s / 共 480s
[20:50:40] [*] 账号间隔等待中… 剩余 240s / 共 480s
[20:51:40] [*] 账号间隔等待中… 剩余 180s / 共 480s
[20:52:40] [*] 账号间隔等待中… 剩余 120s / 共 480s
[20:53:40] [*] 账号间隔等待中… 剩余 60s / 共 480s
[20:54:40] [*] 下号代理: socks5h://109.166.36.243:1090
[20:54:40] --- 开始第 41/2000 个账号 ---
[20:54:40] [*] 1. 打开注册页 (尝试 1/3)
[20:54:45] [static-cache] enabled dir=/home/ubuntu/grok-register-panel/log/static-asset-cache hits=7484 misses=95 max_mb=1024
[20:54:45] [*] 出口IP=142.249.204.223 代理=socks5h://109.166.36.243:1090 | AS45691 | DODO-CORE - DODO K.K. | Tokyo
[20:54:45] [*] 指纹 os=windows platform=Win32 webgl=ANGLE (Intel, Intel(R) HD Graphics 400 Direct3D11 vs_5_0 ps_5_0), or similar fontsWin=True ua=Mozilla/5.0 (Windows NT 10.0; Win64; x64; rv:152.0) Gecko/20100101 Firef… leak=none
[20:54:45] [*] 浏览器已启动
[20:54:53] [*] 当前URL: https://accounts.x.ai/sign-up?redirect=grok-com
[20:54:56] [*] 已点击「使用邮箱注册」按钮（原生事件）: Sign up with email
[20:54:57] [*] 2. 创建邮箱并提交
[20:54:58] [*] 已创建邮箱: shannonx4321green+3@outlook.com
[20:55:08] [*] 已填写邮箱并提交: shannonx4321green+3@outlook.com (Sign up)
[20:55:08] [*] 邮箱: shannonx4321green+3@outlook.com
[20:55:08] [*] 3. 拉取验证码
[20:55:14] [*] Outlook RT 等待验证码… 剩余 173s 邮件 4 封
[20:55:19] [*] Outlook RT 已提取验证码并完成库存记账
[20:55:23] [*] 已填写验证码并提交: 412-055
[20:55:23] [*] 验证码后页面 step=profile path=/sign-up?redirect=grok-com cf=True buttons=['Grok', 'Complete sign up', 'Go back', 'Your privacy choices']
[20:55:23] [*] 验证码: 412-055
[20:55:23] [*] 4. 填写资料
[20:55:36] [*] 已点击资料提交: Victor Xiong
[20:55:36] [*] 提交后页面 step=profile path=/sign-up?redirect=grok-com hint=You are signing into Grok Complete your sign up shannonx4321green+3@outlook.com First name Last name Password Complete sign upGo back By con
[20:55:43] [*] 提交后页面 step=probe-error path=https://accounts.x.ai/sign-up?redirect=grok-com hint=Page.evaluate: Execution context was destroyed, most likely because of a navigation
[20:55:44] [*] 提交后页面 step=unknown path=/account hint=((a,b,c,d,e,f,g,h)=>{let i=document.documentElement,j=["light","dark"];function k(b){var c;(Array.isArray(a)?a:[a]).forEach(a=>{let c="class
[20:55:44] [*] 提交后页面 step=unknown path=/account hint=SpaceXAI Toggle theme VX Welcome, Victor. Manage your account. Account Security Sessions Data Return to Redirecting You are being redirected
[20:55:48] [*] 资料已填: Victor Xiong
[20:55:48] [*] registered_emails 已更新: shannonx4321green+3@outlook.com sso=empty
[20:55:48] [*] 5. 等待 sso cookie
[20:55:48] [*] 等待 sso 中... 已等 0s，剩余 29s | url=https://accounts.x.ai/account
[20:55:48] [*] 已获取到 sso cookie
[20:55:48] [*] registered_emails 已更新: shannonx4321green+3@outlook.com sso=yes
[20:55:48] [*] grok2api Web SSO 上传尝试 1/3
[20:55:48] [*] grok2api 远端上传：登录管理后台（直连，不走代理）
[20:55:48] [+] grok2api 远端登录成功
[20:55:48] [*] grok2api 远端上传：调用 Web SSO 导入接口（直连）
[20:55:49] 【推送Grok2API 成功】
[20:55:49] [+] 已上传 Web SSO: 新增=1, 更新=0, 同步=1, 失败=0
[20:55:49] [*] grok2api Console SSO 上传尝试 1/3
[20:55:49] [*] grok2api 远端上传：登录管理后台（直连，不走代理）
[20:55:49] [+] grok2api 远端登录成功
[20:55:49] [*] grok2api 远端上传：调用 Console SSO 导入接口（直连）
[20:55:50] 【推送Grok2API 成功】
[20:55:50] [+] 已上传 Console SSO: 新增=1, 更新=0, 同步=1, 失败=0
[20:55:50] [风控] 检查新账号注册风控状态 ...
[20:55:51] [风控] ✅ 注册风控状态可用: botFlagSource=0
[20:55:51] [风控] 注册风控状态可用: botFlagSource=0
[20:55:51] [CPA] SSO → 协议 Device Flow 换 token (proxy=socks5h://109.166.36.243:1090) ...
[20:55:51] [CPA] [*] 尝试协议 Device Flow 换 token ...
[20:55:53] [CPA] ✅ sso 有效（协议路径）
[20:55:53] [CPA] 🔑 Device Flow: 申请 device_code / user_code ...
[20:55:54] [CPA] [*] user_code=CYMZ-6K7G interval=5s expires_in=1800s
[20:55:55] [CPA] [*] Device Flow: verify user_code ...
[20:55:56] [CPA] ✅ device/verify OK → https://accounts.x.ai/oauth2/device/consent?user_code=CYMZ-6K7G
[20:55:56] [CPA] [*] Device Flow: approve allow principal_id=(empty) ...
[20:55:57] [CPA] ✅ device/approve 已允许
[20:55:57] [CPA] [*] Device Flow: 轮询 access/refresh token ...
[20:55:57] [CPA] ✅ access_token (expires_in=21600s) + refresh_token
[20:55:57] [CPA] JWT bfs 检测: clean
[20:55:57] [CPA] 已写入 CPA 本地 /home/ubuntu/grok-register-panel/cpa_auth/xai-shannonx4321green_3@outlook.com.json
[20:55:57] [CPA] 已上传 CPA 远程 http://127.0.0.1:18457/.../xai-shannonx4321green_3@outlook.com.json
[20:55:57] [CPA] 已写入 Grok2API /home/ubuntu/grok-register-panel/grok2api_auth/g2a-shannonx4321green_3@outlook.com.json
[20:55:57] [+] 注册成功: shannonx4321green+3@outlook.com
[20:55:57] [结果] status=ok ip=142.249.204.223 port=1090 email=sh***@outlook.com kind=success bot=0 risk=- bfs=-
[20:55:57] [*] 当前统计: 成功 37 | 失败 4 || 注册成功 37 | 注册失败 4 | SSO成功 39 | SSO失败 0 | 早期跳过 0 | G2A成功 39 | G2A失败 0 | CPA成功 37 | CPA失败 0 | 风控通过 37 | 风控 2
[20:55:58] [*] 下一个账号前等待 480 秒...
[20:56:58] [*] 账号间隔等待中… 剩余 420s / 共 480s
[20:57:58] [*] 账号间隔等待中… 剩余 360s / 共 480s
[20:58:58] [*] 账号间隔等待中… 剩余 300s / 共 480s
[20:59:58] [*] 账号间隔等待中… 剩余 240s / 共 480s
[21:00:58] [*] 账号间隔等待中… 剩余 180s / 共 480s
[21:01:58] [*] 账号间隔等待中… 剩余 120s / 共 480s
[21:02:58] [*] 账号间隔等待中… 剩余 60s / 共 480s
[21:03:58] [*] 下号代理: socks5h://15.204.89.179:1178
[21:03:58] --- 开始第 42/2000 个账号 ---
[21:03:58] [*] 1. 打开注册页 (尝试 1/3)
[21:04:03] [static-cache] enabled dir=/home/ubuntu/grok-register-panel/log/static-asset-cache hits=7588 misses=95 max_mb=1024
[21:04:03] [*] 出口IP=12.104.4.66 代理=socks5h://15.204.89.179:1178 | AS7018 | AT&T Enterprises, LLC | Boston
[21:04:03] [*] 指纹 os=windows platform=Win32 webgl=ANGLE (AMD, Radeon HD 3200 Graphics Direct3D11 vs_5_0 ps_5_0), or similar fontsWin=True ua=Mozilla/5.0 (Windows NT 10.0; Win64; x64; rv:152.0) Gecko/20100101 Firef… leak=none
[21:04:03] [*] 浏览器已启动
[21:04:11] [*] 当前URL: https://accounts.x.ai/sign-up?redirect=grok-com
[21:04:14] [*] 已点击「使用邮箱注册」按钮（原生事件）: Sign up with email
[21:04:15] [*] 2. 创建邮箱并提交
[21:04:16] [*] 已创建邮箱: natalie87454jharris+3@outlook.com
[21:04:25] [*] 已填写邮箱并提交: natalie87454jharris+3@outlook.com (Sign up)
[21:04:25] [*] 邮箱: natalie87454jharris+3@outlook.com
[21:04:25] [*] 3. 拉取验证码
[21:04:29] [*] Outlook RT 等待验证码… 剩余 176s 邮件 4 封
[21:04:35] [*] Outlook RT 已提取验证码并完成库存记账
[21:04:38] [*] 已填写验证码并提交: 642-179
[21:04:38] [*] 验证码后页面 step=profile path=/sign-up?redirect=grok-com cf=True buttons=['Grok', 'Complete sign up', 'Go back', 'Your privacy choices']
[21:04:38] [*] 验证码: 642-179
[21:04:38] [*] 4. 填写资料
[21:04:50] [*] 已点击资料提交: Simon Liu
[21:04:50] [*] 提交后页面 step=profile path=/sign-up?redirect=grok-com hint=You are signing into Grok Complete your sign up natalie87454jharris+3@outlook.com First name Last name Password Complete sign upGo back By c
[21:04:56] [*] 提交后页面 step=unknown path=/account hint=((a,b,c,d,e,f,g,h)=>{let i=document.documentElement,j=["light","dark"];function k(b){var c;(Array.isArray(a)?a:[a]).forEach(a=>{let c="class
[21:04:56] [*] 提交后页面 step=unknown path=/account hint=SpaceXAI Toggle theme SL Welcome, Simon. Manage your account. Account Security Sessions Data Return to Redirecting You are being redirected,
[21:05:02] [*] 提交后页面 step=unknown path=/ hint=Skip to main content
[21:05:02] [*] 资料已填: Simon Liu
[21:05:02] [*] registered_emails 已更新: natalie87454jharris+3@outlook.com sso=empty
[21:05:02] [*] 5. 等待 sso cookie
[21:05:02] [*] 等待 sso 中... 已等 0s，剩余 29s | url=https://grok.com/
[21:05:02] [*] 已获取到 sso cookie
[21:05:02] [*] registered_emails 已更新: natalie87454jharris+3@outlook.com sso=yes
[21:05:02] [*] grok2api Web SSO 上传尝试 1/3
[21:05:02] [*] grok2api 远端上传：登录管理后台（直连，不走代理）
[21:05:03] [+] grok2api 远端登录成功
[21:05:03] [*] grok2api 远端上传：调用 Web SSO 导入接口（直连）
[21:05:04] 【推送Grok2API 成功】
[21:05:04] [+] 已上传 Web SSO: 新增=1, 更新=0, 同步=1, 失败=0
[21:05:04] [*] grok2api Console SSO 上传尝试 1/3
[21:05:04] [*] grok2api 远端上传：登录管理后台（直连，不走代理）
[21:05:04] [+] grok2api 远端登录成功
[21:05:04] [*] grok2api 远端上传：调用 Console SSO 导入接口（直连）
[21:05:04] 【推送Grok2API 成功】
[21:05:04] [+] 已上传 Console SSO: 新增=1, 更新=0, 同步=1, 失败=0
[21:05:04] [风控] 检查新账号注册风控状态 ...
[21:05:06] [风控] ✅ 注册风控状态可用: botFlagSource=0
[21:05:06] [风控] 注册风控状态可用: botFlagSource=0
[21:05:06] [CPA] SSO → 协议 Device Flow 换 token (proxy=socks5h://15.204.89.179:1178) ...
[21:05:06] [CPA] [*] 尝试协议 Device Flow 换 token ...
[21:05:07] [CPA] ✅ sso 有效（协议路径）
[21:05:07] [CPA] 🔑 Device Flow: 申请 device_code / user_code ...
[21:05:07] [CPA] [*] user_code=W9AR-YZNA interval=5s expires_in=1800s
[21:05:08] [CPA] [*] Device Flow: verify user_code ...
[21:05:08] [CPA] ✅ device/verify OK → https://accounts.x.ai/oauth2/device/consent?user_code=W9AR-YZNA
[21:05:08] [CPA] [*] Device Flow: approve allow principal_id=(empty) ...
[21:05:09] [CPA] ✅ device/approve 已允许
[21:05:09] [CPA] [*] Device Flow: 轮询 access/refresh token ...
[21:05:09] [CPA] ✅ access_token (expires_in=21600s) + refresh_token
[21:05:09] [CPA] JWT bfs 检测: clean
[21:05:09] [CPA] 已写入 CPA 本地 /home/ubuntu/grok-register-panel/cpa_auth/xai-natalie87454jharris_3@outlook.com.json
[21:05:09] [CPA] 已上传 CPA 远程 http://127.0.0.1:18457/.../xai-natalie87454jharris_3@outlook.com.json
[21:05:09] [CPA] 已写入 Grok2API /home/ubuntu/grok-register-panel/grok2api_auth/g2a-natalie87454jharris_3@outlook.com.json
[21:05:09] [+] 注册成功: natalie87454jharris+3@outlook.com
[21:05:09] [结果] status=ok ip=12.104.4.66 port=1178 email=na***@outlook.com kind=success bot=0 risk=- bfs=-
[21:05:09] [*] 当前统计: 成功 38 | 失败 4 || 注册成功 38 | 注册失败 4 | SSO成功 40 | SSO失败 0 | 早期跳过 0 | G2A成功 40 | G2A失败 0 | CPA成功 38 | CPA失败 0 | 风控通过 38 | 风控 2
[21:05:11] [*] 下一个账号前等待 480 秒...
[21:06:11] [*] 账号间隔等待中… 剩余 420s / 共 480s
[21:07:11] [*] 账号间隔等待中… 剩余 360s / 共 480s
[21:08:11] [*] 账号间隔等待中… 剩余 300s / 共 480s
[21:09:11] [*] 账号间隔等待中… 剩余 240s / 共 480s
[21:10:11] [*] 账号间隔等待中… 剩余 180s / 共 480s
[21:11:11] [*] 账号间隔等待中… 剩余 120s / 共 480s
[21:12:11] [*] 账号间隔等待中… 剩余 60s / 共 480s
[21:13:11] [*] 下号代理: socks5h://109.166.36.243:1092
[21:13:11] --- 开始第 43/2000 个账号 ---
[21:13:11] [*] 1. 打开注册页 (尝试 1/3)
[21:13:16] [static-cache] enabled dir=/home/ubuntu/grok-register-panel/log/static-asset-cache hits=7829 misses=98 max_mb=1024
[21:13:16] [*] 出口IP=142.249.204.224 代理=socks5h://109.166.36.243:1092 | AS45691 | DODO-CORE - DODO K.K. | Tokyo
[21:13:16] [*] 指纹 os=windows platform=Win32 webgl=ANGLE (NVIDIA, NVIDIA GeForce GTX 980 Direct3D11 vs_5_0 ps_5_0), or similar fontsWin=True ua=Mozilla/5.0 (Windows NT 10.0; Win64; x64; rv:152.0) Gecko/20100101 Firef… leak=none
[21:13:16] [*] 浏览器已启动
[21:13:23] [*] 当前URL: https://accounts.x.ai/sign-up?redirect=grok-com
[21:13:26] [*] 已点击「使用邮箱注册」按钮（原生事件）: Sign up with email
[21:13:27] [*] 2. 创建邮箱并提交
[21:13:28] [*] 已创建邮箱: rick76ir798byrd+3@outlook.com
[21:13:37] [*] 已填写邮箱并提交: rick76ir798byrd+3@outlook.com (Sign up)
[21:13:37] [*] 邮箱: rick76ir798byrd+3@outlook.com
[21:13:37] [*] 3. 拉取验证码
[21:13:41] [*] Outlook RT 等待验证码… 剩余 176s 邮件 4 封
[21:13:46] [*] Outlook RT 已提取验证码并完成库存记账
[21:13:49] [*] 已填写验证码并提交: 318-406
[21:13:49] [*] 验证码后页面 step=profile path=/sign-up?redirect=grok-com cf=True buttons=['Grok', 'Complete sign up', 'Go back', 'Your privacy choices']
[21:13:49] [*] 验证码: 318-406
[21:13:49] [*] 4. 填写资料
[21:13:59] [*] 等待 Cloudflare 人机验证通过后再提交... 当前token长度=0
[21:14:02] [*] 提交前仍卡住，自动再次复用 Turnstile...
[21:14:02] [*] 尝试点击 Turnstile...
[21:14:03] [*] 已点击 Turnstile frame body (24, 32)
[21:14:08] [*] Turnstile 已通过，token长度=709
[21:14:08] [*] Turnstile 二次复用完成，回填长度=709
[21:14:11] [*] 已点击资料提交: Evan Fu
[21:14:11] [*] 提交后页面 step=profile path=/sign-up?redirect=grok-com hint=You are signing into Grok Complete your sign up rick76ir798byrd+3@outlook.com First name Last name Password Complete sign upGo back By conti
[21:14:18] [*] 提交后页面 step=probe-error path=https://accounts.x.ai/sign-up?redirect=grok-com hint=Page.evaluate: Execution context was destroyed, most likely because of a navigation
[21:14:19] [*] 提交后页面 step=unknown path=/account hint=((a,b,c,d,e,f,g,h)=>{let i=document.documentElement,j=["light","dark"];function k(b){var c;(Array.isArray(a)?a:[a]).forEach(a=>{let c="class
[21:14:20] [*] 提交后页面 step=unknown path=/account hint=SpaceXAI Toggle theme EF Welcome, Evan. Manage your account. Account Security Sessions Data Return to Redirecting You are being redirected, 
[21:14:23] [*] 提交后页面 step=probe-error path=https://accounts.x.ai/account hint=Page.evaluate: Execution context was destroyed, most likely because of a navigation
[21:14:24] [*] 资料已填: Evan Fu
[21:14:24] [*] registered_emails 已更新: rick76ir798byrd+3@outlook.com sso=empty
[21:14:24] [*] 5. 等待 sso cookie
[21:14:24] [*] 等待 sso 中... 已等 0s，剩余 29s | url=https://accounts.x.ai/account
[21:14:24] [*] 已获取到 sso cookie
[21:14:25] [*] registered_emails 已更新: rick76ir798byrd+3@outlook.com sso=yes
[21:14:25] [*] grok2api Web SSO 上传尝试 1/3
[21:14:25] [*] grok2api 远端上传：登录管理后台（直连，不走代理）
[21:14:25] [+] grok2api 远端登录成功
[21:14:25] [*] grok2api 远端上传：调用 Web SSO 导入接口（直连）
[21:14:26] 【推送Grok2API 成功】
[21:14:26] [+] 已上传 Web SSO: 新增=1, 更新=0, 同步=1, 失败=0
[21:14:26] [*] grok2api Console SSO 上传尝试 1/3
[21:14:26] [*] grok2api 远端上传：登录管理后台（直连，不走代理）
[21:14:26] [+] grok2api 远端登录成功
[21:14:26] [*] grok2api 远端上传：调用 Console SSO 导入接口（直连）
[21:14:26] 【推送Grok2API 成功】
[21:14:26] [+] 已上传 Console SSO: 新增=1, 更新=0, 同步=1, 失败=0
[21:14:26] [风控] 检查新账号注册风控状态 ...
[21:14:28] [风控] ✅ 注册风控状态可用: botFlagSource=0
[21:14:28] [风控] 注册风控状态可用: botFlagSource=0
[21:14:28] [CPA] SSO → 协议 Device Flow 换 token (proxy=socks5h://109.166.36.243:1092) ...
[21:14:28] [CPA] [*] 尝试协议 Device Flow 换 token ...
[21:14:29] [CPA] ✅ sso 有效（协议路径）
[21:14:29] [CPA] 🔑 Device Flow: 申请 device_code / user_code ...
[21:14:30] [CPA] [*] user_code=3JEK-BD7X interval=5s expires_in=1800s
[21:14:31] [CPA] [*] Device Flow: verify user_code ...
[21:14:32] [CPA] ✅ device/verify OK → https://accounts.x.ai/oauth2/device/consent?user_code=3JEK-BD7X
[21:14:32] [CPA] [*] Device Flow: approve allow principal_id=(empty) ...
[21:14:34] [CPA] ✅ device/approve 已允许
[21:14:34] [CPA] [*] Device Flow: 轮询 access/refresh token ...
[21:14:35] [CPA] ✅ access_token (expires_in=21600s) + refresh_token
[21:14:35] [CPA] JWT bfs 检测: clean
[21:14:35] [CPA] 已写入 CPA 本地 /home/ubuntu/grok-register-panel/cpa_auth/xai-rick76ir798byrd_3@outlook.com.json
[21:14:35] [CPA] 已上传 CPA 远程 http://127.0.0.1:18457/.../xai-rick76ir798byrd_3@outlook.com.json
[21:14:35] [CPA] 已写入 Grok2API /home/ubuntu/grok-register-panel/grok2api_auth/g2a-rick76ir798byrd_3@outlook.com.json
[21:14:35] [+] 注册成功: rick76ir798byrd+3@outlook.com
[21:14:35] [结果] status=ok ip=142.249.204.224 port=1092 email=ri***@outlook.com kind=success bot=0 risk=- bfs=-
[21:14:35] [*] 当前统计: 成功 39 | 失败 4 || 注册成功 39 | 注册失败 4 | SSO成功 41 | SSO失败 0 | 早期跳过 0 | G2A成功 41 | G2A失败 0 | CPA成功 39 | CPA失败 0 | 风控通过 39 | 风控 2
[21:14:36] [*] 下一个账号前等待 480 秒...
[21:15:36] [*] 账号间隔等待中… 剩余 420s / 共 480s
[21:16:36] [*] 账号间隔等待中… 剩余 360s / 共 480s
[21:17:36] [*] 账号间隔等待中… 剩余 300s / 共 480s
[21:18:36] [*] 账号间隔等待中… 剩余 240s / 共 480s
[21:19:36] [*] 账号间隔等待中… 剩余 180s / 共 480s
[21:20:36] [*] 账号间隔等待中… 剩余 120s / 共 480s
[21:21:36] [*] 账号间隔等待中… 剩余 60s / 共 480s
[21:22:36] [*] 下号代理: socks5h://15.204.89.179:1191
[21:22:36] --- 开始第 44/2000 个账号 ---
[21:22:36] [*] 1. 打开注册页 (尝试 1/3)
[21:22:40] [static-cache] enabled dir=/home/ubuntu/grok-register-panel/log/static-asset-cache hits=8053 misses=116 max_mb=1024
[21:22:40] [*] 出口IP=12.104.4.97 代理=socks5h://15.204.89.179:1191 | AS7018 | AT&T Enterprises, LLC | Boston
[21:22:40] [*] 指纹 os=windows platform=Win32 webgl=ANGLE (AMD, Radeon HD 3200 Graphics Direct3D11 vs_5_0 ps_5_0), or similar fontsWin=True ua=Mozilla/5.0 (Windows NT 10.0; Win64; x64; rv:152.0) Gecko/20100101 Firef… leak=none
[21:22:40] [*] 浏览器已启动
[21:22:46] [*] 当前URL: https://accounts.x.ai/sign-up?redirect=grok-com
[21:22:50] [*] 已点击「使用邮箱注册」按钮（原生事件）: Sign up with email
[21:22:51] [*] 2. 创建邮箱并提交
[21:22:52] [*] 已创建邮箱: ava9817230odonoghue+3@outlook.com
[21:23:02] [*] 已填写邮箱并提交: ava9817230odonoghue+3@outlook.com (Sign up)
[21:23:02] [*] 邮箱: ava9817230odonoghue+3@outlook.com
[21:23:02] [*] 3. 拉取验证码
[21:23:06] [*] Outlook RT 等待验证码… 剩余 175s 邮件 4 封
[21:23:12] [*] Outlook RT 已提取验证码并完成库存记账
[21:23:15] [*] 已填写验证码并提交: 532-727
[21:23:15] [*] 验证码后页面 step=profile path=/sign-up?redirect=grok-com cf=True buttons=['Grok', 'Complete sign up', 'Go back', 'Your privacy choices']
[21:23:15] [*] 验证码: 532-727
[21:23:15] [*] 4. 填写资料
[21:23:28] [*] 已点击资料提交: Tristan Ren
[21:23:28] [*] 提交后页面 step=profile path=/sign-up?redirect=grok-com hint=You are signing into Grok Complete your sign up ava9817230odonoghue+3@outlook.com First name Last name Password Complete sign upGo back By c
[21:23:36] [*] 提交后页面 step=unknown path=/account hint=((a,b,c,d,e,f,g,h)=>{let i=document.documentElement,j=["light","dark"];function k(b){var c;(Array.isArray(a)?a:[a]).forEach(a=>{let c="class
[21:23:37] [*] 提交后页面 step=unknown path=/account hint=SpaceXAI Toggle theme TR Welcome, Tristan. Manage your account. Account Security Sessions Data Return to Redirecting You are being redirecte
[21:23:40] [*] 资料已填: Tristan Ren
[21:23:40] [*] registered_emails 已更新: ava9817230odonoghue+3@outlook.com sso=empty
[21:23:40] [*] 5. 等待 sso cookie
[21:23:40] [*] 等待 sso 中... 已等 0s，剩余 29s | url=https://accounts.x.ai/account
[21:23:40] [*] 已获取到 sso cookie
[21:23:40] [*] registered_emails 已更新: ava9817230odonoghue+3@outlook.com sso=yes
[21:23:40] [*] grok2api Web SSO 上传尝试 1/3
[21:23:40] [*] grok2api 远端上传：登录管理后台（直连，不走代理）
[21:23:40] [+] grok2api 远端登录成功
[21:23:40] [*] grok2api 远端上传：调用 Web SSO 导入接口（直连）
[21:23:41] 【推送Grok2API 成功】
[21:23:41] [+] 已上传 Web SSO: 新增=1, 更新=0, 同步=1, 失败=0
[21:23:41] [*] grok2api Console SSO 上传尝试 1/3
[21:23:41] [*] grok2api 远端上传：登录管理后台（直连，不走代理）
[21:23:41] [+] grok2api 远端登录成功
[21:23:41] [*] grok2api 远端上传：调用 Console SSO 导入接口（直连）
[21:23:42] 【推送Grok2API 成功】
[21:23:42] [+] 已上传 Console SSO: 新增=1, 更新=0, 同步=1, 失败=0
[21:23:42] [风控] 检查新账号注册风控状态 ...
[21:23:44] [风控] ✅ 注册风控状态可用: botFlagSource=0
[21:23:44] [风控] 注册风控状态可用: botFlagSource=0
[21:23:44] [CPA] SSO → 协议 Device Flow 换 token (proxy=socks5h://15.204.89.179:1191) ...
[21:23:44] [CPA] [*] 尝试协议 Device Flow 换 token ...
[21:23:45] [CPA] ✅ sso 有效（协议路径）
[21:23:45] [CPA] 🔑 Device Flow: 申请 device_code / user_code ...
[21:23:46] [CPA] [*] user_code=H9RN-CPWW interval=5s expires_in=1800s
[21:23:46] [CPA] [*] Device Flow: verify user_code ...
[21:23:47] [CPA] ✅ device/verify OK → https://accounts.x.ai/oauth2/device/consent?user_code=H9RN-CPWW
[21:23:47] [CPA] [*] Device Flow: approve allow principal_id=(empty) ...
[21:23:47] [CPA] ✅ device/approve 已允许
[21:23:47] [CPA] [*] Device Flow: 轮询 access/refresh token ...
[21:23:48] [CPA] ✅ access_token (expires_in=21600s) + refresh_token
[21:23:48] [CPA] JWT bfs 检测: clean
[21:23:48] [CPA] 已写入 CPA 本地 /home/ubuntu/grok-register-panel/cpa_auth/xai-ava9817230odonoghue_3@outlook.com.json
[21:23:48] [CPA] 已上传 CPA 远程 http://127.0.0.1:18457/.../xai-ava9817230odonoghue_3@outlook.com.json
[21:23:48] [CPA] 已写入 Grok2API /home/ubuntu/grok-register-panel/grok2api_auth/g2a-ava9817230odonoghue_3@outlook.com.json
[21:23:48] [+] 注册成功: ava9817230odonoghue+3@outlook.com
[21:23:48] [结果] status=ok ip=12.104.4.97 port=1191 email=av***@outlook.com kind=success bot=0 risk=- bfs=-
[21:23:48] [*] 当前统计: 成功 40 | 失败 4 || 注册成功 40 | 注册失败 4 | SSO成功 42 | SSO失败 0 | 早期跳过 0 | G2A成功 42 | G2A失败 0 | CPA成功 40 | CPA失败 0 | 风控通过 40 | 风控 2
[21:23:48] [*] 已成功 40 个账号，执行定期清理: 关闭浏览器并清理内存
[21:23:49] [*] Python GC 已回收对象数: 17384
[21:23:49] [*] 下一个账号前等待 480 秒...
[21:24:49] [*] 账号间隔等待中… 剩余 420s / 共 480s
[21:25:49] [*] 账号间隔等待中… 剩余 360s / 共 480s
[21:26:49] [*] 账号间隔等待中… 剩余 300s / 共 480s
[21:27:49] [*] 账号间隔等待中… 剩余 240s / 共 480s
[21:28:49] [*] 账号间隔等待中… 剩余 180s / 共 480s
[21:29:49] [*] 账号间隔等待中… 剩余 120s / 共 480s
[21:30:49] [*] 账号间隔等待中… 剩余 60s / 共 480s
[21:31:49] [*] 下号代理: socks5h://109.166.36.243:1091
[21:31:49] --- 开始第 45/2000 个账号 ---
[21:31:49] [*] 1. 打开注册页 (尝试 1/3)
[21:31:53] [static-cache] enabled dir=/home/ubuntu/grok-register-panel/log/static-asset-cache hits=8157 misses=116 max_mb=1024
[21:31:53] [*] 出口IP=142.249.204.75 代理=socks5h://109.166.36.243:1091 | AS45691 | DODO-CORE - DODO K.K. | Tokyo
[21:31:54] [*] 指纹 os=windows platform=Win32 webgl=ANGLE (Intel, Intel(R) HD Graphics Direct3D11 vs_5_0 ps_5_0), or similar fontsWin=True ua=Mozilla/5.0 (Windows NT 10.0; Win64; x64; rv:152.0) Gecko/20100101 Firef… leak=none
[21:31:54] [*] 浏览器已启动
[21:32:01] [*] 当前URL: https://accounts.x.ai/sign-up?redirect=grok-com
[21:32:06] [*] 已点击「使用邮箱注册」按钮（原生事件）: Sign up with email
[21:32:07] [*] 2. 创建邮箱并提交
[21:32:08] [*] 已创建邮箱: dannya79738hughes+3@outlook.com
[21:32:18] [*] 已填写邮箱并提交: dannya79738hughes+3@outlook.com (Sign up)
[21:32:18] [*] 邮箱: dannya79738hughes+3@outlook.com
[21:32:18] [*] 3. 拉取验证码
[21:32:22] [*] Outlook RT 等待验证码… 剩余 175s 邮件 4 封
[21:32:28] [*] Outlook RT 已提取验证码并完成库存记账
[21:32:30] [*] 已填写验证码并提交: 035-357
[21:32:30] [*] 验证码后页面 step=profile path=/sign-up?redirect=grok-com cf=True buttons=['Grok', 'Complete sign up', 'Go back', 'Your privacy choices']
[21:32:30] [*] 验证码: 035-357
[21:32:30] [*] 4. 填写资料
[21:32:44] [*] 已点击资料提交: Dylan Guo
[21:32:44] [*] 提交后页面 step=profile path=/sign-up?redirect=grok-com hint=You are signing into Grok Complete your sign up dannya79738hughes+3@outlook.com First name Last name Password Complete sign upGo back By con
[21:32:50] [*] 提交后页面 step=unknown path=/account hint=((a,b,c,d,e,f,g,h)=>{let i=document.documentElement,j=["light","dark"];function k(b){var c;(Array.isArray(a)?a:[a]).forEach(a=>{let c="class
[21:32:51] [*] 提交后页面 step=unknown path=/account hint=SpaceXAI Toggle theme DG Welcome, Dylan. Manage your account. Account Security Sessions Data Return to Redirecting You are being redirected,
[21:32:56] [*] 资料已填: Dylan Guo
[21:32:56] [*] registered_emails 已更新: dannya79738hughes+3@outlook.com sso=empty
[21:32:56] [*] 5. 等待 sso cookie
[21:32:56] [*] 等待 sso 中... 已等 0s，剩余 29s | url=https://grok.com/
[21:32:57] [*] 已获取到 sso cookie
[21:32:57] [*] registered_emails 已更新: dannya79738hughes+3@outlook.com sso=yes
[21:32:57] [*] grok2api Web SSO 上传尝试 1/3
[21:32:57] [*] grok2api 远端上传：登录管理后台（直连，不走代理）
[21:32:57] [+] grok2api 远端登录成功
[21:32:57] [*] grok2api 远端上传：调用 Web SSO 导入接口（直连）
[21:32:58] 【推送Grok2API 成功】
[21:32:58] [+] 已上传 Web SSO: 新增=1, 更新=0, 同步=1, 失败=0
[21:32:58] [*] grok2api Console SSO 上传尝试 1/3
[21:32:58] [*] grok2api 远端上传：登录管理后台（直连，不走代理）
[21:32:58] [+] grok2api 远端登录成功
[21:32:58] [*] grok2api 远端上传：调用 Console SSO 导入接口（直连）
[21:32:59] 【推送Grok2API 成功】
[21:32:59] [+] 已上传 Console SSO: 新增=1, 更新=0, 同步=1, 失败=0
[21:32:59] [风控] 检查新账号注册风控状态 ...
[21:33:02] [风控] ✅ 注册风控状态可用: botFlagSource=0
[21:33:02] [风控] 注册风控状态可用: botFlagSource=0
[21:33:02] [CPA] SSO → 协议 Device Flow 换 token (proxy=socks5h://109.166.36.243:1091) ...
[21:33:02] [CPA] [*] 尝试协议 Device Flow 换 token ...
[21:33:03] [CPA] ✅ sso 有效（协议路径）
[21:33:03] [CPA] 🔑 Device Flow: 申请 device_code / user_code ...
[21:33:09] [CPA] [*] user_code=82C5-SJB2 interval=5s expires_in=1800s
[21:33:10] [CPA] [*] Device Flow: verify user_code ...
[21:33:11] [CPA] ✅ device/verify OK → https://accounts.x.ai/oauth2/device/consent?user_code=82C5-SJB2
[21:33:11] [CPA] [*] Device Flow: approve allow principal_id=(empty) ...
[21:33:11] [CPA] ✅ device/approve 已允许
[21:33:11] [CPA] [*] Device Flow: 轮询 access/refresh token ...
[21:33:12] [CPA] ✅ access_token (expires_in=21600s) + refresh_token
[21:33:12] [CPA] JWT bfs 检测: clean
[21:33:12] [CPA] 已写入 CPA 本地 /home/ubuntu/grok-register-panel/cpa_auth/xai-dannya79738hughes_3@outlook.com.json
[21:33:12] [CPA] 已上传 CPA 远程 http://127.0.0.1:18457/.../xai-dannya79738hughes_3@outlook.com.json
[21:33:12] [CPA] 已写入 Grok2API /home/ubuntu/grok-register-panel/grok2api_auth/g2a-dannya79738hughes_3@outlook.com.json
[21:33:12] [+] 注册成功: dannya79738hughes+3@outlook.com
[21:33:12] [结果] status=ok ip=142.249.204.75 port=1091 email=da***@outlook.com kind=success bot=0 risk=- bfs=-
[21:33:12] [*] 当前统计: 成功 41 | 失败 4 || 注册成功 41 | 注册失败 4 | SSO成功 43 | SSO失败 0 | 早期跳过 0 | G2A成功 43 | G2A失败 0 | CPA成功 41 | CPA失败 0 | 风控通过 41 | 风控 2
[21:33:14] [*] 下一个账号前等待 480 秒...
[21:34:14] [*] 账号间隔等待中… 剩余 420s / 共 480s
[21:35:14] [*] 账号间隔等待中… 剩余 360s / 共 480s
[21:36:14] [*] 账号间隔等待中… 剩余 300s / 共 480s
[21:37:14] [*] 账号间隔等待中… 剩余 240s / 共 480s
[21:38:14] [*] 账号间隔等待中… 剩余 180s / 共 480s
[21:39:14] [*] 账号间隔等待中… 剩余 120s / 共 480s
[21:40:14] [*] 账号间隔等待中… 剩余 60s / 共 480s
[21:41:14] [*] 下号代理: socks5h://109.166.36.243:1090
[21:41:14] --- 开始第 46/2000 个账号 ---
[21:41:14] [*] 1. 打开注册页 (尝试 1/3)
[21:41:18] [static-cache] enabled dir=/home/ubuntu/grok-register-panel/log/static-asset-cache hits=8381 misses=136 max_mb=1024
[21:41:18] [*] 出口IP=142.249.204.223 代理=socks5h://109.166.36.243:1090 | AS45691 | DODO-CORE - DODO K.K. | Tokyo
[21:41:18] [*] 指纹 os=windows platform=Win32 webgl=ANGLE (NVIDIA, NVIDIA GeForce GTX 980 Direct3D11 vs_5_0 ps_5_0), or similar fontsWin=True ua=Mozilla/5.0 (Windows NT 10.0; Win64; x64; rv:152.0) Gecko/20100101 Firef… leak=none
[21:41:18] [*] 浏览器已启动
[21:41:24] [*] 当前URL: https://accounts.x.ai/sign-up?redirect=grok-com
[21:41:29] [*] 已点击「使用邮箱注册」按钮（原生事件）: Sign up with email
[21:41:30] [*] 2. 创建邮箱并提交
[21:41:31] [*] 已创建邮箱: ariana80ma138walker+3@outlook.com
[21:41:40] [*] 已填写邮箱并提交: ariana80ma138walker+3@outlook.com (Sign up)
[21:41:40] [*] 邮箱: ariana80ma138walker+3@outlook.com
[21:41:40] [*] 3. 拉取验证码
[21:41:45] [*] Outlook RT 等待验证码… 剩余 175s 邮件 4 封
[21:41:53] [*] Outlook RT 已提取验证码并完成库存记账
[21:41:57] [*] 已填写验证码并提交: 758-030
[21:41:57] [*] 验证码后页面 step=profile path=/sign-up?redirect=grok-com cf=True buttons=['Grok', 'Complete sign up', 'Go back', 'Your privacy choices']
[21:41:57] [*] 验证码: 758-030
[21:41:57] [*] 4. 填写资料
[21:42:09] [*] 已点击资料提交: Quinn Yan
[21:42:09] [*] 提交后页面 step=profile path=/sign-up?redirect=grok-com hint=You are signing into Grok Complete your sign up ariana80ma138walker+3@outlook.com First name Last name Password Complete sign upGo back By c
[21:42:22] [*] 资料已填: Quinn Yan
[21:42:22] [*] registered_emails 已更新: ariana80ma138walker+3@outlook.com sso=empty
[21:42:22] [*] 5. 等待 sso cookie
[21:42:22] [*] 等待 sso 中... 已等 0s，剩余 29s | url=https://accounts.x.ai/sign-up?redirect=grok-com
[21:42:22] [*] 已获取到 sso cookie
[21:42:22] [*] registered_emails 已更新: ariana80ma138walker+3@outlook.com sso=yes
[21:42:22] [*] grok2api Web SSO 上传尝试 1/3
[21:42:22] [*] grok2api 远端上传：登录管理后台（直连，不走代理）
[21:42:22] [+] grok2api 远端登录成功
[21:42:22] [*] grok2api 远端上传：调用 Web SSO 导入接口（直连）
[21:42:23] 【推送Grok2API 成功】
[21:42:23] [+] 已上传 Web SSO: 新增=1, 更新=0, 同步=1, 失败=0
[21:42:23] [*] grok2api Console SSO 上传尝试 1/3
[21:42:23] [*] grok2api 远端上传：登录管理后台（直连，不走代理）
[21:42:23] [+] grok2api 远端登录成功
[21:42:23] [*] grok2api 远端上传：调用 Console SSO 导入接口（直连）
[21:42:24] 【推送Grok2API 成功】
[21:42:24] [+] 已上传 Console SSO: 新增=1, 更新=0, 同步=1, 失败=0
[21:42:24] [风控] 检查新账号注册风控状态 ...
[21:42:27] [风控] ✅ 注册风控状态可用: botFlagSource=0
[21:42:27] [风控] 注册风控状态可用: botFlagSource=0
[21:42:27] [CPA] SSO → 协议 Device Flow 换 token (proxy=socks5h://109.166.36.243:1090) ...
[21:42:27] [CPA] [*] 尝试协议 Device Flow 换 token ...
[21:42:28] [CPA] ✅ sso 有效（协议路径）
[21:42:28] [CPA] 🔑 Device Flow: 申请 device_code / user_code ...
[21:42:30] [CPA] [*] user_code=SYGZ-HY8V interval=5s expires_in=1800s
[21:42:32] [CPA] [*] Device Flow: verify user_code ...
[21:42:32] [CPA] ✅ device/verify OK → https://accounts.x.ai/oauth2/device/consent?user_code=SYGZ-HY8V
[21:42:32] [CPA] [*] Device Flow: approve allow principal_id=(empty) ...
[21:42:33] [CPA] ✅ device/approve 已允许
[21:42:33] [CPA] [*] Device Flow: 轮询 access/refresh token ...
[21:42:33] [CPA] ✅ access_token (expires_in=21600s) + refresh_token
[21:42:33] [CPA] JWT bfs 检测: clean
[21:42:33] [CPA] 已写入 CPA 本地 /home/ubuntu/grok-register-panel/cpa_auth/xai-ariana80ma138walker_3@outlook.com.json
[21:42:34] [CPA] 已上传 CPA 远程 http://127.0.0.1:18457/.../xai-ariana80ma138walker_3@outlook.com.json
[21:42:34] [CPA] 已写入 Grok2API /home/ubuntu/grok-register-panel/grok2api_auth/g2a-ariana80ma138walker_3@outlook.com.json
[21:42:34] [+] 注册成功: ariana80ma138walker+3@outlook.com
[21:42:34] [结果] status=ok ip=142.249.204.223 port=1090 email=ar***@outlook.com kind=success bot=0 risk=- bfs=-
[21:42:34] [*] 当前统计: 成功 42 | 失败 4 || 注册成功 42 | 注册失败 4 | SSO成功 44 | SSO失败 0 | 早期跳过 0 | G2A成功 44 | G2A失败 0 | CPA成功 42 | CPA失败 0 | 风控通过 42 | 风控 2
[21:42:35] [*] 下一个账号前等待 480 秒...
[21:43:35] [*] 账号间隔等待中… 剩余 420s / 共 480s
[21:44:35] [*] 账号间隔等待中… 剩余 360s / 共 480s
[21:45:35] [*] 账号间隔等待中… 剩余 300s / 共 480s
[21:46:35] [*] 账号间隔等待中… 剩余 240s / 共 480s
[21:47:35] [*] 账号间隔等待中… 剩余 180s / 共 480s
[21:48:35] [*] 账号间隔等待中… 剩余 120s / 共 480s
[21:49:35] [*] 账号间隔等待中… 剩余 60s / 共 480s
[21:50:35] [*] 下号代理: socks5h://15.204.89.179:1178
[21:50:35] --- 开始第 47/2000 个账号 ---
[21:50:35] [*] 1. 打开注册页 (尝试 1/3)
[21:50:39] [static-cache] enabled dir=/home/ubuntu/grok-register-panel/log/static-asset-cache hits=8436 misses=136 max_mb=1024
[21:50:39] [*] 出口IP=12.104.4.66 代理=socks5h://15.204.89.179:1178 | AS7018 | AT&T Enterprises, LLC | Boston
[21:50:39] [*] 指纹 os=windows platform=Win32 webgl=ANGLE (NVIDIA, NVIDIA GeForce GTX 980 Direct3D11 vs_5_0 ps_5_0), or similar fontsWin=True ua=Mozilla/5.0 (Windows NT 10.0; Win64; x64; rv:152.0) Gecko/20100101 Firef… leak=none
[21:50:39] [*] 浏览器已启动
[21:50:46] [*] 当前URL: https://accounts.x.ai/sign-up?redirect=grok-com
[21:50:50] [*] 已点击「使用邮箱注册」按钮（原生事件）: Sign up with email
[21:50:51] [*] 2. 创建邮箱并提交
[21:50:52] [*] 已创建邮箱: wayne82ds183stanley+3@outlook.com
[21:51:02] [*] 已填写邮箱并提交: wayne82ds183stanley+3@outlook.com (Sign up)
[21:51:02] [*] 邮箱: wayne82ds183stanley+3@outlook.com
[21:51:02] [*] 3. 拉取验证码
[21:51:05] [*] Outlook RT 等待验证码… 剩余 176s 邮件 4 封
[21:51:11] [*] Outlook RT 已提取验证码并完成库存记账
[21:51:15] [*] 已填写验证码并提交: 492-988
[21:51:16] [*] 验证码后页面 step=profile path=/sign-up?redirect=grok-com cf=True buttons=['Grok', 'Complete sign up', 'Go back', 'Your privacy choices']
[21:51:16] [*] 验证码: 492-988
[21:51:16] [*] 4. 填写资料
[21:51:28] [*] 已点击资料提交: Dylan Shao
[21:51:28] [*] 提交后页面 step=profile path=/sign-up?redirect=grok-com hint=You are signing into Grok Complete your sign up wayne82ds183stanley+3@outlook.com First name Last name Password Complete sign upGo back By c
[21:51:33] [*] 提交后页面 step=unknown path=/account hint=((a,b,c,d,e,f,g,h)=>{let i=document.documentElement,j=["light","dark"];function k(b){var c;(Array.isArray(a)?a:[a]).forEach(a=>{let c="class
[21:51:34] [*] 提交后页面 step=unknown path=/account hint=SpaceXAI Toggle theme DS Welcome, Dylan. Manage your account. Account Security Sessions Data Return to Redirecting You are being redirected,
[21:51:37] [*] 提交后页面 step=probe-error path=https://accounts.x.ai/account hint=Page.evaluate: Execution context was destroyed, most likely because of a navigation
[21:51:39] [*] 资料已填: Dylan Shao
[21:51:39] [*] registered_emails 已更新: wayne82ds183stanley+3@outlook.com sso=empty
[21:51:39] [*] 5. 等待 sso cookie
[21:51:39] [*] 等待 sso 中... 已等 0s，剩余 29s | url=https://grok.com/
[21:51:40] [*] 已获取到 sso cookie
[21:51:40] [*] registered_emails 已更新: wayne82ds183stanley+3@outlook.com sso=yes
[21:51:40] [*] grok2api Web SSO 上传尝试 1/3
[21:51:40] [*] grok2api 远端上传：登录管理后台（直连，不走代理）
[21:51:40] [+] grok2api 远端登录成功
[21:51:40] [*] grok2api 远端上传：调用 Web SSO 导入接口（直连）
[21:51:41] 【推送Grok2API 成功】
[21:51:41] [+] 已上传 Web SSO: 新增=1, 更新=0, 同步=1, 失败=0
[21:51:41] [*] grok2api Console SSO 上传尝试 1/3
[21:51:41] [*] grok2api 远端上传：登录管理后台（直连，不走代理）
[21:51:41] [+] grok2api 远端登录成功
[21:51:41] [*] grok2api 远端上传：调用 Console SSO 导入接口（直连）
[21:51:42] 【推送Grok2API 成功】
[21:51:42] [+] 已上传 Console SSO: 新增=1, 更新=0, 同步=1, 失败=0
[21:51:42] [风控] 检查新账号注册风控状态 ...
[21:51:43] [风控] ✅ 注册风控状态可用: botFlagSource=0
[21:51:43] [风控] 注册风控状态可用: botFlagSource=0
[21:51:43] [CPA] SSO → 协议 Device Flow 换 token (proxy=socks5h://15.204.89.179:1178) ...
[21:51:43] [CPA] [*] 尝试协议 Device Flow 换 token ...
[21:51:44] [CPA] ✅ sso 有效（协议路径）
[21:51:44] [CPA] 🔑 Device Flow: 申请 device_code / user_code ...
[21:51:46] [CPA] [*] user_code=YD3F-GG6P interval=5s expires_in=1800s
[21:51:46] [CPA] [*] Device Flow: verify user_code ...
[21:51:47] [CPA] ✅ device/verify OK → https://accounts.x.ai/oauth2/device/consent?user_code=YD3F-GG6P
[21:51:47] [CPA] [*] Device Flow: approve allow principal_id=(empty) ...
[21:51:47] [CPA] ✅ device/approve 已允许
[21:51:47] [CPA] [*] Device Flow: 轮询 access/refresh token ...
[21:51:47] [CPA] ✅ access_token (expires_in=21600s) + refresh_token
[21:51:47] [CPA] JWT bfs 检测: clean
[21:51:47] [CPA] 已写入 CPA 本地 /home/ubuntu/grok-register-panel/cpa_auth/xai-wayne82ds183stanley_3@outlook.com.json
[21:51:47] [CPA] 已上传 CPA 远程 http://127.0.0.1:18457/.../xai-wayne82ds183stanley_3@outlook.com.json
[21:51:47] [CPA] 已写入 Grok2API /home/ubuntu/grok-register-panel/grok2api_auth/g2a-wayne82ds183stanley_3@outlook.com.json
[21:51:47] [+] 注册成功: wayne82ds183stanley+3@outlook.com
[21:51:47] [结果] status=ok ip=12.104.4.66 port=1178 email=wa***@outlook.com kind=success bot=0 risk=- bfs=-
[21:51:47] [*] 当前统计: 成功 43 | 失败 4 || 注册成功 43 | 注册失败 4 | SSO成功 45 | SSO失败 0 | 早期跳过 0 | G2A成功 45 | G2A失败 0 | CPA成功 43 | CPA失败 0 | 风控通过 43 | 风控 2
[21:51:49] [*] 下一个账号前等待 480 秒...
[21:52:49] [*] 账号间隔等待中… 剩余 420s / 共 480s
[21:53:49] [*] 账号间隔等待中… 剩余 360s / 共 480s
[21:54:49] [*] 账号间隔等待中… 剩余 300s / 共 480s
[21:55:49] [*] 账号间隔等待中… 剩余 240s / 共 480s
[21:56:49] [*] 账号间隔等待中… 剩余 180s / 共 480s
[21:57:49] [*] 账号间隔等待中… 剩余 120s / 共 480s
[21:58:49] [*] 账号间隔等待中… 剩余 60s / 共 480s
[21:59:49] [*] 下号代理: socks5h://109.166.36.243:1092
[21:59:49] --- 开始第 48/2000 个账号 ---
[21:59:49] [*] 1. 打开注册页 (尝试 1/3)
[21:59:53] [static-cache] enabled dir=/home/ubuntu/grok-register-panel/log/static-asset-cache hits=8662 misses=153 max_mb=1024
[21:59:53] [*] 出口IP=142.249.204.224 代理=socks5h://109.166.36.243:1092 | AS45691 | DODO-CORE - DODO K.K. | Tokyo
[21:59:54] [*] 指纹 os=windows platform=Win32 webgl=ANGLE (NVIDIA, NVIDIA GeForce GTX 980 Direct3D11 vs_5_0 ps_5_0), or similar fontsWin=True ua=Mozilla/5.0 (Windows NT 10.0; Win64; x64; rv:152.0) Gecko/20100101 Firef… leak=none
[21:59:54] [*] 浏览器已启动
[21:59:59] [*] 当前URL: https://accounts.x.ai/sign-up?redirect=grok-com
[22:00:04] [*] 已点击「使用邮箱注册」按钮（原生事件）: Sign up with email
[22:00:05] [*] 2. 创建邮箱并提交
[22:00:06] [*] 已创建邮箱: marajos587421camacho+3@outlook.com
[22:00:16] [*] 已填写邮箱并提交: marajos587421camacho+3@outlook.com (Sign up)
[22:00:16] [*] 邮箱: marajos587421camacho+3@outlook.com
[22:00:16] [*] 3. 拉取验证码
[22:00:21] [*] Outlook RT 等待验证码… 剩余 175s 邮件 4 封
[22:00:26] [*] Outlook RT 已提取验证码并完成库存记账
[22:00:29] [*] 已填写验证码并提交: 568-813
[22:00:29] [*] 验证码后页面 step=wait-cf path=/sign-up?redirect=grok-com cf=True buttons=['Grok', 'Go back', 'Your privacy choices']
[22:00:29] [*] 验证码: 568-813
[22:00:29] [*] 4. 填写资料
[22:00:31] [*] 资料页等待 Cloudflare 人机验证... token长度=0 （验证通过后再填姓名/密码）
[22:00:45] [*] 已点击资料提交: Tristan Nie
[22:00:45] [*] 提交后页面 step=profile path=/sign-up?redirect=grok-com hint=You are signing into Grok Complete your sign up marajos587421camacho+3@outlook.com First name Last name Password Complete sign upGo back By 
[22:00:58] [*] 资料已填: Tristan Nie
[22:00:58] [*] registered_emails 已更新: marajos587421camacho+3@outlook.com sso=empty
[22:00:58] [*] 5. 等待 sso cookie
[22:00:58] [*] 等待 sso 中... 已等 0s，剩余 29s | url=https://accounts.x.ai/sign-up?redirect=grok-com
[22:00:58] [*] 已获取到 sso cookie
[22:00:58] [*] registered_emails 已更新: marajos587421camacho+3@outlook.com sso=yes
[22:00:58] [*] grok2api Web SSO 上传尝试 1/3
[22:00:58] [*] grok2api 远端上传：登录管理后台（直连，不走代理）
[22:00:58] [+] grok2api 远端登录成功
[22:00:58] [*] grok2api 远端上传：调用 Web SSO 导入接口（直连）
[22:00:59] 【推送Grok2API 成功】
[22:00:59] [+] 已上传 Web SSO: 新增=1, 更新=0, 同步=1, 失败=0
[22:00:59] [*] grok2api Console SSO 上传尝试 1/3
[22:00:59] [*] grok2api 远端上传：登录管理后台（直连，不走代理）
[22:00:59] [+] grok2api 远端登录成功
[22:00:59] [*] grok2api 远端上传：调用 Console SSO 导入接口（直连）
[22:01:00] 【推送Grok2API 成功】
[22:01:00] [+] 已上传 Console SSO: 新增=1, 更新=0, 同步=1, 失败=0
[22:01:00] [风控] 检查新账号注册风控状态 ...
[22:01:01] [风控] ✅ 注册风控状态可用: botFlagSource=0
[22:01:01] [风控] 注册风控状态可用: botFlagSource=0
[22:01:01] [CPA] SSO → 协议 Device Flow 换 token (proxy=socks5h://109.166.36.243:1092) ...
[22:01:01] [CPA] [*] 尝试协议 Device Flow 换 token ...
[22:01:03] [CPA] ✅ sso 有效（协议路径）
[22:01:03] [CPA] 🔑 Device Flow: 申请 device_code / user_code ...
[22:01:04] [CPA] [*] user_code=DWSA-5S2P interval=5s expires_in=1800s
[22:01:04] [CPA] [*] Device Flow: verify user_code ...
[22:01:05] [CPA] ✅ device/verify OK → https://accounts.x.ai/oauth2/device/consent?user_code=DWSA-5S2P
[22:01:05] [CPA] [*] Device Flow: approve allow principal_id=(empty) ...
[22:01:06] [CPA] ✅ device/approve 已允许
[22:01:06] [CPA] [*] Device Flow: 轮询 access/refresh token ...
[22:01:06] [CPA] ✅ access_token (expires_in=21600s) + refresh_token
[22:01:06] [CPA] JWT bfs 检测: clean
[22:01:06] [CPA] 已写入 CPA 本地 /home/ubuntu/grok-register-panel/cpa_auth/xai-marajos587421camacho_3@outlook.com.json
[22:01:06] [CPA] 已上传 CPA 远程 http://127.0.0.1:18457/.../xai-marajos587421camacho_3@outlook.com.json
[22:01:06] [CPA] 已写入 Grok2API /home/ubuntu/grok-register-panel/grok2api_auth/g2a-marajos587421camacho_3@outlook.com.json
[22:01:06] [+] 注册成功: marajos587421camacho+3@outlook.com
[22:01:06] [结果] status=ok ip=142.249.204.224 port=1092 email=ma***@outlook.com kind=success bot=0 risk=- bfs=-
[22:01:06] [*] 当前统计: 成功 44 | 失败 4 || 注册成功 44 | 注册失败 4 | SSO成功 46 | SSO失败 0 | 早期跳过 0 | G2A成功 46 | G2A失败 0 | CPA成功 44 | CPA失败 0 | 风控通过 44 | 风控 2
[22:01:08] [*] 下一个账号前等待 480 秒...
[22:02:08] [*] 账号间隔等待中… 剩余 420s / 共 480s
[22:03:08] [*] 账号间隔等待中… 剩余 360s / 共 480s
[22:04:08] [*] 账号间隔等待中… 剩余 300s / 共 480s
[22:05:08] [*] 账号间隔等待中… 剩余 240s / 共 480s
[22:06:08] [*] 账号间隔等待中… 剩余 180s / 共 480s
[22:07:08] [*] 账号间隔等待中… 剩余 120s / 共 480s
[22:08:08] [*] 账号间隔等待中… 剩余 60s / 共 480s
[22:09:08] [*] 下号代理: socks5h://15.204.89.179:1191
[22:09:08] --- 开始第 49/2000 个账号 ---
[22:09:08] [*] 1. 打开注册页 (尝试 1/3)
[22:09:12] [static-cache] enabled dir=/home/ubuntu/grok-register-panel/log/static-asset-cache hits=8717 misses=153 max_mb=1024
[22:09:12] [*] 出口IP=12.104.4.97 代理=socks5h://15.204.89.179:1191 | AS7018 | AT&T Enterprises, LLC | Boston
[22:09:12] [*] 指纹 os=windows platform=Win32 webgl=ANGLE (NVIDIA, NVIDIA GeForce GTX 980 Direct3D11 vs_5_0 ps_5_0), or similar fontsWin=True ua=Mozilla/5.0 (Windows NT 10.0; Win64; x64; rv:152.0) Gecko/20100101 Firef… leak=none
[22:09:12] [*] 浏览器已启动
[22:09:22] [*] 当前URL: https://accounts.x.ai/sign-up?redirect=grok-com
[22:09:25] [*] 已点击「使用邮箱注册」按钮（原生事件）: Sign up with email
[22:09:26] [*] 2. 创建邮箱并提交
[22:09:27] [*] 已创建邮箱: harrysza752kumar+3@outlook.com
[22:09:35] [*] 已填写邮箱并提交: harrysza752kumar+3@outlook.com (Sign up)
[22:09:35] [*] 邮箱: harrysza752kumar+3@outlook.com
[22:09:35] [*] 3. 拉取验证码
[22:09:38] [*] Outlook RT 等待验证码… 剩余 176s 邮件 4 封
[22:09:44] [*] Outlook RT 已提取验证码并完成库存记账
[22:09:47] [*] 已填写验证码并提交: 307-208
[22:09:47] [*] 验证码后页面 step=profile path=/sign-up?redirect=grok-com cf=True buttons=['Grok', 'Complete sign up', 'Go back', 'Your privacy choices']
[22:09:47] [*] 验证码: 307-208
[22:09:47] [*] 4. 填写资料
[22:10:00] [*] 已点击资料提交: Caleb Song
[22:10:00] [*] 提交后页面 step=profile path=/sign-up?redirect=grok-com hint=You are signing into Grok Complete your sign up harrysza752kumar+3@outlook.com First name Last name Password Complete sign upGo back By cont
[22:10:08] [*] 提交后页面 step=probe-error path=https://accounts.x.ai/sign-up?redirect=grok-com hint=Page.evaluate: Execution context was destroyed, most likely because of a navigation
[22:10:08] [*] 提交后页面 step=unknown path=/account hint=((a,b,c,d,e,f,g,h)=>{let i=document.documentElement,j=["light","dark"];function k(b){var c;(Array.isArray(a)?a:[a]).forEach(a=>{let c="class
[22:10:09] [*] 提交后页面 step=unknown path=/account hint=SpaceXAI Toggle theme CS Welcome, Caleb. Manage your account. Account Security Sessions Data Return to Redirecting You are being redirected,
[22:10:12] [*] 资料已填: Caleb Song
[22:10:12] [*] registered_emails 已更新: harrysza752kumar+3@outlook.com sso=empty
[22:10:12] [*] 5. 等待 sso cookie
[22:10:12] [*] 等待 sso 中... 已等 0s，剩余 29s | url=https://accounts.x.ai/account
[22:10:12] [*] 已获取到 sso cookie
[22:10:13] [*] registered_emails 已更新: harrysza752kumar+3@outlook.com sso=yes
[22:10:13] [*] grok2api Web SSO 上传尝试 1/3
[22:10:13] [*] grok2api 远端上传：登录管理后台（直连，不走代理）
[22:10:13] [+] grok2api 远端登录成功
[22:10:13] [*] grok2api 远端上传：调用 Web SSO 导入接口（直连）
[22:10:14] 【推送Grok2API 成功】
[22:10:14] [+] 已上传 Web SSO: 新增=1, 更新=0, 同步=1, 失败=0
[22:10:14] [*] grok2api Console SSO 上传尝试 1/3
[22:10:14] [*] grok2api 远端上传：登录管理后台（直连，不走代理）
[22:10:14] [+] grok2api 远端登录成功
[22:10:14] [*] grok2api 远端上传：调用 Console SSO 导入接口（直连）
[22:10:15] 【推送Grok2API 成功】
[22:10:15] [+] 已上传 Console SSO: 新增=1, 更新=0, 同步=1, 失败=0
[22:10:15] [风控] 检查新账号注册风控状态 ...
[22:10:16] [风控] ✅ 注册风控状态可用: botFlagSource=0
[22:10:16] [风控] 注册风控状态可用: botFlagSource=0
[22:10:16] [CPA] SSO → 协议 Device Flow 换 token (proxy=socks5h://15.204.89.179:1191) ...
[22:10:16] [CPA] [*] 尝试协议 Device Flow 换 token ...
[22:10:17] [CPA] ✅ sso 有效（协议路径）
[22:10:17] [CPA] 🔑 Device Flow: 申请 device_code / user_code ...
[22:10:18] [CPA] [*] user_code=TT9Z-RZ3G interval=5s expires_in=1800s
[22:10:18] [CPA] [*] Device Flow: verify user_code ...
[22:10:18] [CPA] ✅ device/verify OK → https://accounts.x.ai/oauth2/device/consent?user_code=TT9Z-RZ3G
[22:10:18] [CPA] [*] Device Flow: approve allow principal_id=(empty) ...
[22:10:19] [CPA] ✅ device/approve 已允许
[22:10:19] [CPA] [*] Device Flow: 轮询 access/refresh token ...
[22:10:19] [CPA] ✅ access_token (expires_in=21600s) + refresh_token
[22:10:19] [CPA] JWT bfs 检测: clean
[22:10:19] [CPA] 已写入 CPA 本地 /home/ubuntu/grok-register-panel/cpa_auth/xai-harrysza752kumar_3@outlook.com.json
[22:10:19] [CPA] 已上传 CPA 远程 http://127.0.0.1:18457/.../xai-harrysza752kumar_3@outlook.com.json
[22:10:19] [CPA] 已写入 Grok2API /home/ubuntu/grok-register-panel/grok2api_auth/g2a-harrysza752kumar_3@outlook.com.json
[22:10:19] [+] 注册成功: harrysza752kumar+3@outlook.com
[22:10:19] [结果] status=ok ip=12.104.4.97 port=1191 email=ha***@outlook.com kind=success bot=0 risk=- bfs=-
[22:10:19] [*] 当前统计: 成功 45 | 失败 4 || 注册成功 45 | 注册失败 4 | SSO成功 47 | SSO失败 0 | 早期跳过 0 | G2A成功 47 | G2A失败 0 | CPA成功 45 | CPA失败 0 | 风控通过 45 | 风控 2
[22:10:19] [*] 已成功 45 个账号，执行定期清理: 关闭浏览器并清理内存
[22:10:20] [*] Python GC 已回收对象数: 19486
[22:10:21] [*] 下一个账号前等待 480 秒...
[22:11:21] [*] 账号间隔等待中… 剩余 420s / 共 480s
[22:12:21] [*] 账号间隔等待中… 剩余 360s / 共 480s
[22:13:21] [*] 账号间隔等待中… 剩余 300s / 共 480s
[22:14:21] [*] 账号间隔等待中… 剩余 240s / 共 480s
[22:15:21] [*] 账号间隔等待中… 剩余 180s / 共 480s
[22:16:21] [*] 账号间隔等待中… 剩余 120s / 共 480s
[22:17:21] [*] 账号间隔等待中… 剩余 60s / 共 480s
[22:18:21] [*] 下号代理: socks5h://109.166.36.243:1091
[22:18:21] --- 开始第 50/2000 个账号 ---
[22:18:21] [*] 1. 打开注册页 (尝试 1/3)
[22:18:26] [static-cache] enabled dir=/home/ubuntu/grok-register-panel/log/static-asset-cache hits=8820 misses=154 max_mb=1024
[22:18:26] [*] 出口IP=142.249.204.75 代理=socks5h://109.166.36.243:1091 | AS45691 | DODO-CORE - DODO K.K. | Tokyo
[22:18:26] [*] 指纹 os=windows platform=Win32 webgl=ANGLE (AMD, Radeon HD 3200 Graphics Direct3D11 vs_5_0 ps_5_0), or similar fontsWin=True ua=Mozilla/5.0 (Windows NT 10.0; Win64; x64; rv:152.0) Gecko/20100101 Firef… leak=none
[22:18:26] [*] 浏览器已启动
[22:18:33] [*] 当前URL: https://accounts.x.ai/sign-up?redirect=grok-com
[22:18:37] [*] 已点击「使用邮箱注册」按钮（原生事件）: Sign up with email
[22:18:38] [*] 2. 创建邮箱并提交
[22:18:39] [*] 已创建邮箱: bently54956imiller+3@outlook.com
[22:18:49] [*] 已填写邮箱并提交: bently54956imiller+3@outlook.com (Sign up)
[22:18:49] [*] 邮箱: bently54956imiller+3@outlook.com
[22:18:49] [*] 3. 拉取验证码
[22:18:53] [*] Outlook RT 等待验证码… 剩余 175s 邮件 4 封
[22:18:58] [*] Outlook RT 已提取验证码并完成库存记账
[22:19:01] [*] 已填写验证码并提交: 542-907
[22:19:01] [*] 验证码后页面 step=profile path=/sign-up?redirect=grok-com cf=True buttons=['Grok', 'Complete sign up', 'Go back', 'Your privacy choices']
[22:19:01] [*] 验证码: 542-907
[22:19:01] [*] 4. 填写资料
[22:19:15] [*] 已点击资料提交: Ryan Tian
[22:19:15] [*] 提交后页面 step=profile path=/sign-up?redirect=grok-com hint=You are signing into Grok Complete your sign up bently54956imiller+3@outlook.com First name Last name Password Complete sign upGo back By co
[22:19:23] [*] 提交后页面 step=unknown path=/account hint=((a,b,c,d,e,f,g,h)=>{let i=document.documentElement,j=["light","dark"];function k(b){var c;(Array.isArray(a)?a:[a]).forEach(a=>{let c="class
[22:19:24] [*] 提交后页面 step=unknown path=/account hint=SpaceXAI Toggle theme RT Welcome, Ryan. Manage your account. Account Security Sessions Data Return to Redirecting You are being redirected, 
[22:19:27] [*] 资料已填: Ryan Tian
[22:19:27] [*] registered_emails 已更新: bently54956imiller+3@outlook.com sso=empty
[22:19:27] [*] 5. 等待 sso cookie
[22:19:28] [*] 等待 sso 中... 已等 0s，剩余 29s | url=https://accounts.x.ai/account
[22:19:29] [*] 已获取到 sso cookie
[22:19:29] [*] registered_emails 已更新: bently54956imiller+3@outlook.com sso=yes
[22:19:29] [*] grok2api Web SSO 上传尝试 1/3
[22:19:29] [*] grok2api 远端上传：登录管理后台（直连，不走代理）
[22:19:29] [+] grok2api 远端登录成功
[22:19:29] [*] grok2api 远端上传：调用 Web SSO 导入接口（直连）
[22:19:30] 【推送Grok2API 成功】
[22:19:30] [+] 已上传 Web SSO: 新增=1, 更新=0, 同步=1, 失败=0
[22:19:30] [*] grok2api Console SSO 上传尝试 1/3
[22:19:30] [*] grok2api 远端上传：登录管理后台（直连，不走代理）
[22:19:30] [+] grok2api 远端登录成功
[22:19:30] [*] grok2api 远端上传：调用 Console SSO 导入接口（直连）
[22:19:31] 【推送Grok2API 成功】
[22:19:31] [+] 已上传 Console SSO: 新增=1, 更新=0, 同步=1, 失败=0
[22:19:31] [风控] 检查新账号注册风控状态 ...
[22:19:32] [风控] ✅ 注册风控状态可用: botFlagSource=0
[22:19:32] [风控] 注册风控状态可用: botFlagSource=0
[22:19:32] [CPA] SSO → 协议 Device Flow 换 token (proxy=socks5h://109.166.36.243:1091) ...
[22:19:32] [CPA] [*] 尝试协议 Device Flow 换 token ...
[22:19:34] [CPA] ✅ sso 有效（协议路径）
[22:19:34] [CPA] 🔑 Device Flow: 申请 device_code / user_code ...
[22:19:35] [CPA] [*] user_code=55S5-QJWZ interval=5s expires_in=1800s
[22:19:35] [CPA] [*] Device Flow: verify user_code ...
[22:19:36] [CPA] ✅ device/verify OK → https://accounts.x.ai/oauth2/device/consent?user_code=55S5-QJWZ
[22:19:36] [CPA] [*] Device Flow: approve allow principal_id=(empty) ...
[22:19:37] [CPA] ✅ device/approve 已允许
[22:19:37] [CPA] [*] Device Flow: 轮询 access/refresh token ...
[22:19:37] [CPA] ✅ access_token (expires_in=21600s) + refresh_token
[22:19:37] [CPA] JWT bfs 检测: clean
[22:19:37] [CPA] 已写入 CPA 本地 /home/ubuntu/grok-register-panel/cpa_auth/xai-bently54956imiller_3@outlook.com.json
[22:19:37] [CPA] 已上传 CPA 远程 http://127.0.0.1:18457/.../xai-bently54956imiller_3@outlook.com.json
[22:19:37] [CPA] 已写入 Grok2API /home/ubuntu/grok-register-panel/grok2api_auth/g2a-bently54956imiller_3@outlook.com.json
[22:19:37] [+] 注册成功: bently54956imiller+3@outlook.com
[22:19:37] [结果] status=ok ip=142.249.204.75 port=1091 email=be***@outlook.com kind=success bot=0 risk=- bfs=-
[22:19:37] [*] 当前统计: 成功 46 | 失败 4 || 注册成功 46 | 注册失败 4 | SSO成功 48 | SSO失败 0 | 早期跳过 0 | G2A成功 48 | G2A失败 0 | CPA成功 46 | CPA失败 0 | 风控通过 46 | 风控 2
[22:19:40] [*] 下一个账号前等待 480 秒...
[22:20:40] [*] 账号间隔等待中… 剩余 420s / 共 480s
[22:21:40] [*] 账号间隔等待中… 剩余 360s / 共 480s
[22:22:40] [*] 账号间隔等待中… 剩余 300s / 共 480s
[22:23:40] [*] 账号间隔等待中… 剩余 240s / 共 480s
[22:24:40] [*] 账号间隔等待中… 剩余 180s / 共 480s
[22:25:40] [*] 账号间隔等待中… 剩余 120s / 共 480s
[22:26:40] [*] 账号间隔等待中… 剩余 60s / 共 480s
[22:27:40] [*] 下号代理: socks5h://109.166.36.243:1090
[22:27:40] --- 开始第 51/2000 个账号 ---
[22:27:40] [*] 1. 打开注册页 (尝试 1/3)
[22:27:45] [static-cache] enabled dir=/home/ubuntu/grok-register-panel/log/static-asset-cache hits=9054 misses=162 max_mb=1024
[22:27:45] [*] 出口IP=142.249.204.223 代理=socks5h://109.166.36.243:1090 | AS45691 | DODO-CORE - DODO K.K. | Tokyo
[22:27:45] [*] 指纹 os=windows platform=Win32 webgl=ANGLE (NVIDIA, NVIDIA GeForce GTX 980 Direct3D11 vs_5_0 ps_5_0), or similar fontsWin=True ua=Mozilla/5.0 (Windows NT 10.0; Win64; x64; rv:152.0) Gecko/20100101 Firef… leak=none
[22:27:45] [*] 浏览器已启动
[22:27:53] [*] 当前URL: https://accounts.x.ai/sign-up?redirect=grok-com
[22:27:56] [*] 已点击「使用邮箱注册」按钮（原生事件）: Sign up with email
[22:27:57] [*] 2. 创建邮箱并提交
[22:27:59] [*] 已创建邮箱: jamesy78985clarke+3@outlook.com
[22:28:08] [*] 已填写邮箱并提交: jamesy78985clarke+3@outlook.com (Sign up)
[22:28:08] [*] 邮箱: jamesy78985clarke+3@outlook.com
[22:28:08] [*] 3. 拉取验证码
[22:28:11] [*] Outlook RT 等待验证码… 剩余 176s 邮件 4 封
[22:28:16] [*] Outlook RT 已提取验证码并完成库存记账
[22:28:19] [*] 已填写验证码并提交: 357-361
[22:28:19] [*] 验证码后页面 step=profile path=/sign-up?redirect=grok-com cf=True buttons=['Grok', 'Complete sign up', 'Go back', 'Your privacy choices']
[22:28:19] [*] 验证码: 357-361
[22:28:19] [*] 4. 填写资料
[22:28:32] [*] 已点击资料提交: Aron Hu
[22:28:32] [*] 提交后页面 step=profile path=/sign-up?redirect=grok-com hint=You are signing into Grok Complete your sign up jamesy78985clarke+3@outlook.com First name Last name Password Complete sign upGo back By con
[22:28:40] [*] 提交后页面 step=unknown path=/account hint=((a,b,c,d,e,f,g,h)=>{let i=document.documentElement,j=["light","dark"];function k(b){var c;(Array.isArray(a)?a:[a]).forEach(a=>{let c="class
[22:28:41] [*] 提交后页面 step=unknown path=/account hint=SpaceXAI Toggle theme AH Welcome, Aron. Manage your account. Account Security Sessions Data Return to Redirecting You are being redirected, 
[22:28:44] [*] 资料已填: Aron Hu
[22:28:44] [*] registered_emails 已更新: jamesy78985clarke+3@outlook.com sso=empty
[22:28:44] [*] 5. 等待 sso cookie
[22:28:44] [*] 等待 sso 中... 已等 0s，剩余 29s | url=https://accounts.x.ai/account
[22:28:44] [*] 已获取到 sso cookie
[22:28:44] [*] registered_emails 已更新: jamesy78985clarke+3@outlook.com sso=yes
[22:28:44] [*] grok2api Web SSO 上传尝试 1/3
[22:28:44] [*] grok2api 远端上传：登录管理后台（直连，不走代理）
[22:28:45] [+] grok2api 远端登录成功
[22:28:45] [*] grok2api 远端上传：调用 Web SSO 导入接口（直连）
[22:28:46] 【推送Grok2API 成功】
[22:28:46] [+] 已上传 Web SSO: 新增=1, 更新=0, 同步=1, 失败=0
[22:28:46] [*] grok2api Console SSO 上传尝试 1/3
[22:28:46] [*] grok2api 远端上传：登录管理后台（直连，不走代理）
[22:28:46] [+] grok2api 远端登录成功
[22:28:46] [*] grok2api 远端上传：调用 Console SSO 导入接口（直连）
[22:28:47] 【推送Grok2API 成功】
[22:28:47] [+] 已上传 Console SSO: 新增=1, 更新=0, 同步=1, 失败=0
[22:28:47] [风控] 检查新账号注册风控状态 ...
[22:28:49] [风控] ✅ 注册风控状态可用: botFlagSource=0
[22:28:49] [风控] 注册风控状态可用: botFlagSource=0
[22:28:49] [CPA] SSO → 协议 Device Flow 换 token (proxy=socks5h://109.166.36.243:1090) ...
[22:28:49] [CPA] [*] 尝试协议 Device Flow 换 token ...
[22:28:50] [CPA] ✅ sso 有效（协议路径）
[22:28:50] [CPA] 🔑 Device Flow: 申请 device_code / user_code ...
[22:28:51] [CPA] [*] user_code=3AYV-QPCJ interval=5s expires_in=1800s
[22:28:52] [CPA] [*] Device Flow: verify user_code ...
[22:28:53] [CPA] ✅ device/verify OK → https://accounts.x.ai/oauth2/device/consent?user_code=3AYV-QPCJ
[22:28:53] [CPA] [*] Device Flow: approve allow principal_id=(empty) ...
[22:28:54] [CPA] ✅ device/approve 已允许
[22:28:54] [CPA] [*] Device Flow: 轮询 access/refresh token ...
[22:28:55] [CPA] ✅ access_token (expires_in=21600s) + refresh_token
[22:28:55] [CPA] JWT bfs 检测: clean
[22:28:55] [CPA] 已写入 CPA 本地 /home/ubuntu/grok-register-panel/cpa_auth/xai-jamesy78985clarke_3@outlook.com.json
[22:28:55] [CPA] 已上传 CPA 远程 http://127.0.0.1:18457/.../xai-jamesy78985clarke_3@outlook.com.json
[22:28:55] [CPA] 已写入 Grok2API /home/ubuntu/grok-register-panel/grok2api_auth/g2a-jamesy78985clarke_3@outlook.com.json
[22:28:55] [+] 注册成功: jamesy78985clarke+3@outlook.com
[22:28:55] [结果] status=ok ip=142.249.204.223 port=1090 email=ja***@outlook.com kind=success bot=0 risk=- bfs=-
[22:28:55] [*] 当前统计: 成功 47 | 失败 4 || 注册成功 47 | 注册失败 4 | SSO成功 49 | SSO失败 0 | 早期跳过 0 | G2A成功 49 | G2A失败 0 | CPA成功 47 | CPA失败 0 | 风控通过 47 | 风控 2
[22:28:56] [*] 下一个账号前等待 480 秒...
[22:29:56] [*] 账号间隔等待中… 剩余 420s / 共 480s
[22:30:56] [*] 账号间隔等待中… 剩余 360s / 共 480s
[22:31:56] [*] 账号间隔等待中… 剩余 300s / 共 480s
[22:32:56] [*] 账号间隔等待中… 剩余 240s / 共 480s
[22:33:56] [*] 账号间隔等待中… 剩余 180s / 共 480s
[22:34:56] [*] 账号间隔等待中… 剩余 120s / 共 480s
[22:35:56] [*] 账号间隔等待中… 剩余 60s / 共 480s
[22:36:56] [*] 下号代理: socks5h://15.204.89.179:1178
[22:36:56] --- 开始第 52/2000 个账号 ---
[22:36:56] [*] 1. 打开注册页 (尝试 1/3)
[22:37:01] [static-cache] enabled dir=/home/ubuntu/grok-register-panel/log/static-asset-cache hits=9157 misses=162 max_mb=1024
[22:37:01] [*] 出口IP=12.104.4.66 代理=socks5h://15.204.89.179:1178 | AS7018 | AT&T Enterprises, LLC | Boston
[22:37:01] [*] 指纹 os=windows platform=Win32 webgl=ANGLE (NVIDIA, NVIDIA GeForce GTX 980 Direct3D11 vs_5_0 ps_5_0), or similar fontsWin=True ua=Mozilla/5.0 (Windows NT 10.0; Win64; x64; rv:152.0) Gecko/20100101 Firef… leak=none
[22:37:01] [*] 浏览器已启动
[22:37:09] [*] 当前URL: https://accounts.x.ai/sign-up?redirect=grok-com
[22:37:13] [*] 已点击「使用邮箱注册」按钮（原生事件）: Sign up with email
[22:37:14] [*] 2. 创建邮箱并提交
[22:37:15] [*] 已创建邮箱: aaronezk372jackson+3@outlook.com
[22:37:24] [*] 已填写邮箱并提交: aaronezk372jackson+3@outlook.com (Sign up)
[22:37:24] [*] 邮箱: aaronezk372jackson+3@outlook.com
[22:37:24] [*] 3. 拉取验证码
[22:37:30] [*] Outlook RT 等待验证码… 剩余 174s 邮件 4 封
[22:37:35] [*] Outlook RT 已提取验证码并完成库存记账
[22:37:38] [*] 已填写验证码并提交: 668-866
[22:37:38] [*] 验证码后页面 step=profile path=/sign-up?redirect=grok-com cf=True buttons=['Grok', 'Complete sign up', 'Go back', 'Your privacy choices']
[22:37:38] [*] 验证码: 668-866
[22:37:38] [*] 4. 填写资料
[22:37:51] [*] 已点击资料提交: Tristan Jin
[22:37:51] [*] 提交后页面 step=profile path=/sign-up?redirect=grok-com hint=You are signing into Grok Complete your sign up aaronezk372jackson+3@outlook.com First name Last name Password Complete sign upGo back By co
[22:37:57] [*] 提交后页面 step=unknown path=/account hint=((a,b,c,d,e,f,g,h)=>{let i=document.documentElement,j=["light","dark"];function k(b){var c;(Array.isArray(a)?a:[a]).forEach(a=>{let c="class
[22:37:58] [*] 提交后页面 step=unknown path=/account hint=SpaceXAI Toggle theme TJ Welcome, Tristan. Manage your account. Account Security Sessions Data Return to Redirecting You are being redirecte
[22:38:04] [*] 提交后页面 step=unknown path=/ hint=Skip to main content
[22:38:04] [*] 资料已填: Tristan Jin
[22:38:05] [*] registered_emails 已更新: aaronezk372jackson+3@outlook.com sso=empty
[22:38:05] [*] 5. 等待 sso cookie
[22:38:05] [*] 等待 sso 中... 已等 0s，剩余 29s | url=https://grok.com/
[22:38:05] [*] 已获取到 sso cookie
[22:38:05] [*] registered_emails 已更新: aaronezk372jackson+3@outlook.com sso=yes
[22:38:05] [*] grok2api Web SSO 上传尝试 1/3
[22:38:05] [*] grok2api 远端上传：登录管理后台（直连，不走代理）
[22:38:05] [+] grok2api 远端登录成功
[22:38:05] [*] grok2api 远端上传：调用 Web SSO 导入接口（直连）
[22:38:06] 【推送Grok2API 成功】
[22:38:06] [+] 已上传 Web SSO: 新增=1, 更新=0, 同步=1, 失败=0
[22:38:06] [*] grok2api Console SSO 上传尝试 1/3
[22:38:06] [*] grok2api 远端上传：登录管理后台（直连，不走代理）
[22:38:06] [+] grok2api 远端登录成功
[22:38:06] [*] grok2api 远端上传：调用 Console SSO 导入接口（直连）
[22:38:07] 【推送Grok2API 成功】
[22:38:07] [+] 已上传 Console SSO: 新增=1, 更新=0, 同步=1, 失败=0
[22:38:07] [风控] 检查新账号注册风控状态 ...
[22:38:08] [风控] ✅ 注册风控状态可用: botFlagSource=0
[22:38:08] [风控] 注册风控状态可用: botFlagSource=0
[22:38:08] [CPA] SSO → 协议 Device Flow 换 token (proxy=socks5h://15.204.89.179:1178) ...
[22:38:08] [CPA] [*] 尝试协议 Device Flow 换 token ...
[22:38:09] [CPA] ✅ sso 有效（协议路径）
[22:38:09] [CPA] 🔑 Device Flow: 申请 device_code / user_code ...
[22:38:10] [CPA] [*] user_code=K4TB-5ZCZ interval=5s expires_in=1800s
[22:38:10] [CPA] [*] Device Flow: verify user_code ...
[22:38:11] [CPA] ✅ device/verify OK → https://accounts.x.ai/oauth2/device/consent?user_code=K4TB-5ZCZ
[22:38:11] [CPA] [*] Device Flow: approve allow principal_id=(empty) ...
[22:38:11] [CPA] ✅ device/approve 已允许
[22:38:11] [CPA] [*] Device Flow: 轮询 access/refresh token ...
[22:38:11] [CPA] ✅ access_token (expires_in=21600s) + refresh_token
[22:38:11] [CPA] JWT bfs 检测: clean
[22:38:11] [CPA] 已写入 CPA 本地 /home/ubuntu/grok-register-panel/cpa_auth/xai-aaronezk372jackson_3@outlook.com.json
[22:38:11] [CPA] 已上传 CPA 远程 http://127.0.0.1:18457/.../xai-aaronezk372jackson_3@outlook.com.json
[22:38:11] [CPA] 已写入 Grok2API /home/ubuntu/grok-register-panel/grok2api_auth/g2a-aaronezk372jackson_3@outlook.com.json
[22:38:11] [+] 注册成功: aaronezk372jackson+3@outlook.com
[22:38:11] [结果] status=ok ip=12.104.4.66 port=1178 email=aa***@outlook.com kind=success bot=0 risk=- bfs=-
[22:38:11] [*] 当前统计: 成功 48 | 失败 4 || 注册成功 48 | 注册失败 4 | SSO成功 50 | SSO失败 0 | 早期跳过 0 | G2A成功 50 | G2A失败 0 | CPA成功 48 | CPA失败 0 | 风控通过 48 | 风控 2
[22:38:14] [*] 下一个账号前等待 480 秒...
[22:39:14] [*] 账号间隔等待中… 剩余 420s / 共 480s
[22:40:14] [*] 账号间隔等待中… 剩余 360s / 共 480s
[22:41:14] [*] 账号间隔等待中… 剩余 300s / 共 480s
[22:42:14] [*] 账号间隔等待中… 剩余 240s / 共 480s
[22:43:14] [*] 账号间隔等待中… 剩余 180s / 共 480s
[22:44:14] [*] 账号间隔等待中… 剩余 120s / 共 480s
[22:45:14] [*] 账号间隔等待中… 剩余 60s / 共 480s
[22:46:14] [*] 下号代理: socks5h://109.166.36.243:1092
[22:46:14] --- 开始第 53/2000 个账号 ---
[22:46:14] [*] 1. 打开注册页 (尝试 1/3)
[22:46:20] [static-cache] enabled dir=/home/ubuntu/grok-register-panel/log/static-asset-cache hits=9378 misses=184 max_mb=1024
[22:46:20] [*] 出口IP=142.249.204.224 代理=socks5h://109.166.36.243:1092 | AS45691 | DODO-CORE - DODO K.K. | Tokyo
[22:46:20] [*] 指纹 os=windows platform=Win32 webgl=ANGLE (NVIDIA, NVIDIA GeForce GTX 980 Direct3D11 vs_5_0 ps_5_0), or similar fontsWin=True ua=Mozilla/5.0 (Windows NT 10.0; Win64; x64; rv:152.0) Gecko/20100101 Firef… leak=none
[22:46:20] [*] 浏览器已启动
[22:46:27] [*] 当前URL: https://accounts.x.ai/sign-up?redirect=grok-com
[22:46:30] [*] 已点击「使用邮箱注册」按钮（原生事件）: Sign up with email
[22:46:31] [*] 2. 创建邮箱并提交
[22:46:33] [*] 已创建邮箱: sophie6226nwade+3@outlook.com
[22:46:42] [*] 已填写邮箱并提交: sophie6226nwade+3@outlook.com (Sign up)
[22:46:42] [*] 邮箱: sophie6226nwade+3@outlook.com
[22:46:42] [*] 3. 拉取验证码
[22:46:48] [*] Outlook RT 等待验证码… 剩余 173s 邮件 4 封
[22:46:59] [*] Outlook RT 已提取验证码并完成库存记账
[22:47:02] [*] 已填写验证码并提交: 339-414
[22:47:02] [*] 验证码后页面 step=profile path=/sign-up?redirect=grok-com cf=True buttons=['Grok', 'Complete sign up', 'Go back', 'Your privacy choices']
[22:47:02] [*] 验证码: 339-414
[22:47:02] [*] 4. 填写资料
[22:47:16] [*] 已点击资料提交: Dylan Mao
[22:47:16] [*] 提交后页面 step=profile path=/sign-up?redirect=grok-com hint=You are signing into Grok Complete your sign up sophie6226nwade+3@outlook.com First name Last name Password Complete sign upGo back By conti
[22:47:28] [*] 资料已填: Dylan Mao
[22:47:28] [*] registered_emails 已更新: sophie6226nwade+3@outlook.com sso=empty
[22:47:28] [*] 5. 等待 sso cookie
[22:47:28] [*] 等待 sso 中... 已等 0s，剩余 29s | url=https://accounts.x.ai/sign-up?redirect=grok-com
[22:47:29] [*] 已获取到 sso cookie
[22:47:29] [*] registered_emails 已更新: sophie6226nwade+3@outlook.com sso=yes
[22:47:29] [*] grok2api Web SSO 上传尝试 1/3
[22:47:29] [*] grok2api 远端上传：登录管理后台（直连，不走代理）
[22:47:29] [+] grok2api 远端登录成功
[22:47:29] [*] grok2api 远端上传：调用 Web SSO 导入接口（直连）
[22:47:30] 【推送Grok2API 成功】
[22:47:30] [+] 已上传 Web SSO: 新增=1, 更新=0, 同步=1, 失败=0
[22:47:30] [*] grok2api Console SSO 上传尝试 1/3
[22:47:30] [*] grok2api 远端上传：登录管理后台（直连，不走代理）
[22:47:30] [+] grok2api 远端登录成功
[22:47:30] [*] grok2api 远端上传：调用 Console SSO 导入接口（直连）
[22:47:31] 【推送Grok2API 成功】
[22:47:31] [+] 已上传 Console SSO: 新增=1, 更新=0, 同步=1, 失败=0
[22:47:31] [风控] 检查新账号注册风控状态 ...
[22:47:32] [风控] ✅ 注册风控状态可用: botFlagSource=0
[22:47:32] [风控] 注册风控状态可用: botFlagSource=0
[22:47:32] [CPA] SSO → 协议 Device Flow 换 token (proxy=socks5h://109.166.36.243:1092) ...
[22:47:32] [CPA] [*] 尝试协议 Device Flow 换 token ...
[22:47:34] [CPA] ✅ sso 有效（协议路径）
[22:47:34] [CPA] 🔑 Device Flow: 申请 device_code / user_code ...
[22:47:35] [CPA] [*] user_code=A2GV-MABS interval=5s expires_in=1800s
[22:47:35] [CPA] [*] Device Flow: verify user_code ...
[22:47:36] [CPA] ✅ device/verify OK → https://accounts.x.ai/oauth2/device/consent?user_code=A2GV-MABS
[22:47:36] [CPA] [*] Device Flow: approve allow principal_id=(empty) ...
[22:47:36] [CPA] ✅ device/approve 已允许
[22:47:36] [CPA] [*] Device Flow: 轮询 access/refresh token ...
[22:47:37] [CPA] ✅ access_token (expires_in=21600s) + refresh_token
[22:47:37] [CPA] JWT bfs 检测: clean
[22:47:37] [CPA] 已写入 CPA 本地 /home/ubuntu/grok-register-panel/cpa_auth/xai-sophie6226nwade_3@outlook.com.json
[22:47:37] [CPA] 已上传 CPA 远程 http://127.0.0.1:18457/.../xai-sophie6226nwade_3@outlook.com.json
[22:47:37] [CPA] 已写入 Grok2API /home/ubuntu/grok-register-panel/grok2api_auth/g2a-sophie6226nwade_3@outlook.com.json
[22:47:37] [+] 注册成功: sophie6226nwade+3@outlook.com
[22:47:37] [结果] status=ok ip=142.249.204.224 port=1092 email=so***@outlook.com kind=success bot=0 risk=- bfs=-
[22:47:37] [*] 当前统计: 成功 49 | 失败 4 || 注册成功 49 | 注册失败 4 | SSO成功 51 | SSO失败 0 | 早期跳过 0 | G2A成功 51 | G2A失败 0 | CPA成功 49 | CPA失败 0 | 风控通过 49 | 风控 2
[22:47:38] [*] 下一个账号前等待 480 秒...
[22:48:38] [*] 账号间隔等待中… 剩余 420s / 共 480s
[22:49:38] [*] 账号间隔等待中… 剩余 360s / 共 480s
[22:50:38] [*] 账号间隔等待中… 剩余 300s / 共 480s
[22:51:38] [*] 账号间隔等待中… 剩余 240s / 共 480s
[22:52:38] [*] 账号间隔等待中… 剩余 180s / 共 480s
[22:53:38] [*] 账号间隔等待中… 剩余 120s / 共 480s
[22:54:38] [*] 账号间隔等待中… 剩余 60s / 共 480s
[22:55:38] [*] 下号代理: socks5h://15.204.89.179:1191
[22:55:38] --- 开始第 54/2000 个账号 ---
[22:55:38] [*] 1. 打开注册页 (尝试 1/3)
[22:55:43] [static-cache] enabled dir=/home/ubuntu/grok-register-panel/log/static-asset-cache hits=9433 misses=184 max_mb=1024
[22:55:43] [*] 出口IP=12.104.4.97 代理=socks5h://15.204.89.179:1191 | AS7018 | AT&T Enterprises, LLC | Boston
[22:55:43] [*] 指纹 os=windows platform=Win32 webgl=ANGLE (AMD, Radeon R9 200 Series Direct3D11 vs_5_0 ps_5_0), or similar fontsWin=True ua=Mozilla/5.0 (Windows NT 10.0; Win64; x64; rv:152.0) Gecko/20100101 Firef… leak=none
[22:55:43] [*] 浏览器已启动
[22:55:51] [*] 当前URL: https://accounts.x.ai/sign-up?redirect=grok-com
[22:55:54] [*] 已点击「使用邮箱注册」按钮（原生事件）: Sign up with email
[22:55:55] [*] 2. 创建邮箱并提交
[22:55:56] [*] 已创建邮箱: eduardottm660laureano+3@outlook.com
[22:56:07] [*] 已填写邮箱并提交: eduardottm660laureano+3@outlook.com (Sign up)
[22:56:07] [*] 邮箱: eduardottm660laureano+3@outlook.com
[22:56:07] [*] 3. 拉取验证码
[22:56:10] [*] Outlook RT 等待验证码… 剩余 176s 邮件 4 封
[22:56:15] [*] Outlook RT 已提取验证码并完成库存记账
[22:56:19] [*] 已填写验证码并提交: 074-514
[22:56:19] [*] 验证码后页面 step=profile path=/sign-up?redirect=grok-com cf=True buttons=['Grok', 'Complete sign up', 'Go back', 'Your privacy choices']
[22:56:19] [*] 验证码: 074-514
[22:56:19] [*] 4. 填写资料
[22:56:33] [*] 已点击资料提交: Ivan Shao
[22:56:33] [*] 提交后页面 step=profile path=/sign-up?redirect=grok-com hint=You are signing into Grok Complete your sign up eduardottm660laureano+3@outlook.com First name Last name Password Complete sign upGo back By
[22:56:37] [*] 提交后页面 step=probe-error path=https://accounts.x.ai/sign-up?redirect=grok-com hint=Page.evaluate: Execution context was destroyed, most likely because of a navigation
[22:56:38] [*] 提交后页面 step=unknown path=/account hint=((a,b,c,d,e,f,g,h)=>{let i=document.documentElement,j=["light","dark"];function k(b){var c;(Array.isArray(a)?a:[a]).forEach(a=>{let c="class
[22:56:39] [*] 提交后页面 step=unknown path=/account hint=SpaceXAI Toggle theme IS Welcome, Ivan. Manage your account. Account Security Sessions Data Return to Redirecting You are being redirected, 
[22:56:42] [*] 提交后页面 step=probe-error path=https://accounts.x.ai/account hint=Page.evaluate: Execution context was destroyed, most likely because of a navigation
[22:56:45] [*] 提交后页面 step=unknown path=/ hint=Skip to main content
[22:56:45] [*] 资料已填: Ivan Shao
[22:56:45] [*] registered_emails 已更新: eduardottm660laureano+3@outlook.com sso=empty
[22:56:45] [*] 5. 等待 sso cookie
[22:56:45] [*] 等待 sso 中... 已等 0s，剩余 29s | url=https://grok.com/
[22:56:45] [*] 已获取到 sso cookie
[22:56:45] [*] registered_emails 已更新: eduardottm660laureano+3@outlook.com sso=yes
[22:56:45] [*] grok2api Web SSO 上传尝试 1/3
[22:56:45] [*] grok2api 远端上传：登录管理后台（直连，不走代理）
[22:56:45] [+] grok2api 远端登录成功
[22:56:45] [*] grok2api 远端上传：调用 Web SSO 导入接口（直连）
[22:56:46] 【推送Grok2API 成功】
[22:56:46] [+] 已上传 Web SSO: 新增=1, 更新=0, 同步=1, 失败=0
[22:56:46] [*] grok2api Console SSO 上传尝试 1/3
[22:56:46] [*] grok2api 远端上传：登录管理后台（直连，不走代理）
[22:56:46] [+] grok2api 远端登录成功
[22:56:46] [*] grok2api 远端上传：调用 Console SSO 导入接口（直连）
[22:56:47] 【推送Grok2API 成功】
[22:56:47] [+] 已上传 Console SSO: 新增=1, 更新=0, 同步=1, 失败=0
[22:56:47] [风控] 检查新账号注册风控状态 ...
[22:56:48] [风控] ✅ 注册风控状态可用: botFlagSource=0
[22:56:48] [风控] 注册风控状态可用: botFlagSource=0
[22:56:48] [CPA] SSO → 协议 Device Flow 换 token (proxy=socks5h://15.204.89.179:1191) ...
[22:56:48] [CPA] [*] 尝试协议 Device Flow 换 token ...
[22:56:49] [CPA] ✅ sso 有效（协议路径）
[22:56:49] [CPA] 🔑 Device Flow: 申请 device_code / user_code ...
[22:56:50] [CPA] [*] user_code=VJ6K-T3MG interval=5s expires_in=1800s
[22:56:50] [CPA] [*] Device Flow: verify user_code ...
[22:56:51] [CPA] ✅ device/verify OK → https://accounts.x.ai/oauth2/device/consent?user_code=VJ6K-T3MG
[22:56:51] [CPA] [*] Device Flow: approve allow principal_id=(empty) ...
[22:56:51] [CPA] ✅ device/approve 已允许
[22:56:51] [CPA] [*] Device Flow: 轮询 access/refresh token ...
[22:56:51] [CPA] ✅ access_token (expires_in=21600s) + refresh_token
[22:56:51] [CPA] JWT bfs 检测: clean
[22:56:51] [CPA] 已写入 CPA 本地 /home/ubuntu/grok-register-panel/cpa_auth/xai-eduardottm660laureano_3@outlook.com.json
[22:56:52] [CPA] 已上传 CPA 远程 http://127.0.0.1:18457/.../xai-eduardottm660laureano_3@outlook.com.json
[22:56:52] [CPA] 已写入 Grok2API /home/ubuntu/grok-register-panel/grok2api_auth/g2a-eduardottm660laureano_3@outlook.com.json
[22:56:52] [+] 注册成功: eduardottm660laureano+3@outlook.com
[22:56:52] [结果] status=ok ip=12.104.4.97 port=1191 email=ed***@outlook.com kind=success bot=0 risk=- bfs=-
[22:56:52] [*] 当前统计: 成功 50 | 失败 4 || 注册成功 50 | 注册失败 4 | SSO成功 52 | SSO失败 0 | 早期跳过 0 | G2A成功 52 | G2A失败 0 | CPA成功 50 | CPA失败 0 | 风控通过 50 | 风控 2
[22:56:52] [*] 已成功 50 个账号，执行定期清理: 关闭浏览器并清理内存
[22:56:52] [*] Python GC 已回收对象数: 23852
[22:56:53] [*] 下一个账号前等待 480 秒...
[22:57:53] [*] 账号间隔等待中… 剩余 420s / 共 480s
[22:58:53] [*] 账号间隔等待中… 剩余 360s / 共 480s
[22:59:53] [*] 账号间隔等待中… 剩余 300s / 共 480s
[23:00:53] [*] 账号间隔等待中… 剩余 240s / 共 480s
[23:01:53] [*] 账号间隔等待中… 剩余 180s / 共 480s
[23:02:53] [*] 账号间隔等待中… 剩余 120s / 共 480s
[23:03:53] [*] 账号间隔等待中… 剩余 60s / 共 480s
[23:04:53] [*] 下号代理: socks5h://109.166.36.243:1091
[23:04:53] --- 开始第 55/2000 个账号 ---
[23:04:53] [*] 1. 打开注册页 (尝试 1/3)
[23:04:58] [static-cache] enabled dir=/home/ubuntu/grok-register-panel/log/static-asset-cache hits=9673 misses=188 max_mb=1024
[23:04:58] [*] 出口IP=142.249.204.75 代理=socks5h://109.166.36.243:1091 | AS45691 | DODO-CORE - DODO K.K. | Tokyo
[23:04:58] [*] 指纹 os=windows platform=Win32 webgl=ANGLE (AMD, Radeon HD 3200 Graphics Direct3D11 vs_5_0 ps_5_0), or similar fontsWin=True ua=Mozilla/5.0 (Windows NT 10.0; Win64; x64; rv:152.0) Gecko/20100101 Firef… leak=none
[23:04:58] [*] 浏览器已启动
[23:05:05] [*] 当前URL: https://accounts.x.ai/sign-up?redirect=grok-com
[23:05:08] [*] 已点击「使用邮箱注册」按钮（原生事件）: Sign up with email
[23:05:09] [*] 2. 创建邮箱并提交
[23:05:10] [*] 已创建邮箱: sessa7578589lucero+3@outlook.com
[23:05:20] [*] 已填写邮箱并提交: sessa7578589lucero+3@outlook.com (Sign up)
[23:05:20] [*] 邮箱: sessa7578589lucero+3@outlook.com
[23:05:20] [*] 3. 拉取验证码
[23:05:23] [*] Outlook RT 等待验证码… 剩余 176s 邮件 4 封
[23:05:28] [*] Outlook RT 已提取验证码并完成库存记账
[23:05:32] [*] 已填写验证码并提交: 787-468
[23:05:32] [*] 验证码后页面 step=profile path=/sign-up?redirect=grok-com cf=True buttons=['Grok', 'Complete sign up', 'Go back', 'Your privacy choices']
[23:05:32] [*] 验证码: 787-468
[23:05:32] [*] 4. 填写资料
[23:05:46] [*] 已点击资料提交: Lucas Mao
[23:05:46] [*] 提交后页面 step=profile path=/sign-up?redirect=grok-com hint=You are signing into Grok Complete your sign up sessa7578589lucero+3@outlook.com First name Last name Password Complete sign upGo back By co
[23:05:55] [*] 提交后页面 step=unknown path=/account hint=((a,b,c,d,e,f,g,h)=>{let i=document.documentElement,j=["light","dark"];function k(b){var c;(Array.isArray(a)?a:[a]).forEach(a=>{let c="class
[23:05:56] [*] 提交后页面 step=unknown path=/account hint=SpaceXAI Toggle theme LM Welcome, Lucas. Manage your account. Account Security Sessions Data Return to Redirecting You are being redirected,
[23:05:59] [*] 资料已填: Lucas Mao
[23:05:59] [*] registered_emails 已更新: sessa7578589lucero+3@outlook.com sso=empty
[23:05:59] [*] 5. 等待 sso cookie
[23:05:59] [*] 等待 sso 中... 已等 0s，剩余 29s | url=https://accounts.x.ai/account
[23:05:59] [*] 已获取到 sso cookie
[23:06:00] [*] registered_emails 已更新: sessa7578589lucero+3@outlook.com sso=yes
[23:06:00] [*] grok2api Web SSO 上传尝试 1/3
[23:06:00] [*] grok2api 远端上传：登录管理后台（直连，不走代理）
[23:06:00] [+] grok2api 远端登录成功
[23:06:00] [*] grok2api 远端上传：调用 Web SSO 导入接口（直连）
[23:06:01] 【推送Grok2API 成功】
[23:06:01] [+] 已上传 Web SSO: 新增=1, 更新=0, 同步=1, 失败=0
[23:06:01] [*] grok2api Console SSO 上传尝试 1/3
[23:06:01] [*] grok2api 远端上传：登录管理后台（直连，不走代理）
[23:06:01] [+] grok2api 远端登录成功
[23:06:01] [*] grok2api 远端上传：调用 Console SSO 导入接口（直连）
[23:06:01] 【推送Grok2API 成功】
[23:06:01] [+] 已上传 Console SSO: 新增=1, 更新=0, 同步=1, 失败=0
[23:06:01] [风控] 检查新账号注册风控状态 ...
[23:06:04] [风控] ✅ 注册风控状态可用: botFlagSource=0
[23:06:04] [风控] 注册风控状态可用: botFlagSource=0
[23:06:04] [CPA] SSO → 协议 Device Flow 换 token (proxy=socks5h://109.166.36.243:1091) ...
[23:06:04] [CPA] [*] 尝试协议 Device Flow 换 token ...
[23:06:05] [CPA] ✅ sso 有效（协议路径）
[23:06:05] [CPA] 🔑 Device Flow: 申请 device_code / user_code ...
[23:06:06] [CPA] [*] user_code=8WTW-QBRC interval=5s expires_in=1800s
[23:06:07] [CPA] [*] Device Flow: verify user_code ...
[23:06:07] [CPA] ✅ device/verify OK → https://accounts.x.ai/oauth2/device/consent?user_code=8WTW-QBRC
[23:06:07] [CPA] [*] Device Flow: approve allow principal_id=(empty) ...
[23:06:08] [CPA] ✅ device/approve 已允许
[23:06:08] [CPA] [*] Device Flow: 轮询 access/refresh token ...
[23:06:09] [CPA] ✅ access_token (expires_in=21600s) + refresh_token
[23:06:09] [CPA] JWT bfs 检测: clean
[23:06:09] [CPA] 已写入 CPA 本地 /home/ubuntu/grok-register-panel/cpa_auth/xai-sessa7578589lucero_3@outlook.com.json
[23:06:09] [CPA] 已上传 CPA 远程 http://127.0.0.1:18457/.../xai-sessa7578589lucero_3@outlook.com.json
[23:06:09] [CPA] 已写入 Grok2API /home/ubuntu/grok-register-panel/grok2api_auth/g2a-sessa7578589lucero_3@outlook.com.json
[23:06:09] [+] 注册成功: sessa7578589lucero+3@outlook.com
[23:06:09] [结果] status=ok ip=142.249.204.75 port=1091 email=se***@outlook.com kind=success bot=0 risk=- bfs=-
[23:06:09] [*] 当前统计: 成功 51 | 失败 4 || 注册成功 51 | 注册失败 4 | SSO成功 53 | SSO失败 0 | 早期跳过 0 | G2A成功 53 | G2A失败 0 | CPA成功 51 | CPA失败 0 | 风控通过 51 | 风控 2
[23:06:10] [*] 下一个账号前等待 480 秒...
[23:07:10] [*] 账号间隔等待中… 剩余 420s / 共 480s
[23:08:10] [*] 账号间隔等待中… 剩余 360s / 共 480s
[23:09:10] [*] 账号间隔等待中… 剩余 300s / 共 480s
[23:10:10] [*] 账号间隔等待中… 剩余 240s / 共 480s
[23:11:10] [*] 账号间隔等待中… 剩余 180s / 共 480s
[23:12:10] [*] 账号间隔等待中… 剩余 120s / 共 480s
[23:13:10] [*] 账号间隔等待中… 剩余 60s / 共 480s
[23:14:10] [*] 下号代理: socks5h://109.166.36.243:1090
[23:14:10] --- 开始第 56/2000 个账号 ---
[23:14:10] [*] 1. 打开注册页 (尝试 1/3)
[23:14:15] [static-cache] enabled dir=/home/ubuntu/grok-register-panel/log/static-asset-cache hits=9776 misses=188 max_mb=1024
[23:14:15] [*] 出口IP=142.249.204.223 代理=socks5h://109.166.36.243:1090 | AS45691 | DODO-CORE - DODO K.K. | Tokyo
[23:14:15] [*] 指纹 os=windows platform=Win32 webgl=ANGLE (NVIDIA, NVIDIA GeForce GTX 980 Direct3D11 vs_5_0 ps_5_0), or similar fontsWin=True ua=Mozilla/5.0 (Windows NT 10.0; Win64; x64; rv:152.0) Gecko/20100101 Firef… leak=none
[23:14:15] [*] 浏览器已启动
[23:14:22] [*] 当前URL: https://accounts.x.ai/sign-up?redirect=grok-com
[23:14:26] [*] 已点击「使用邮箱注册」按钮（原生事件）: Sign up with email
[23:14:27] [*] 2. 创建邮箱并提交
[23:14:28] [*] 已创建邮箱: aiden65fc378martin+3@outlook.com
[23:14:36] [*] 已填写邮箱并提交: aiden65fc378martin+3@outlook.com (Sign up)
[23:14:36] [*] 邮箱: aiden65fc378martin+3@outlook.com
[23:14:36] [*] 3. 拉取验证码
[23:14:39] [*] Outlook RT 等待验证码… 剩余 176s 邮件 4 封
[23:14:44] [*] Outlook RT 已提取验证码并完成库存记账
[23:14:48] [*] 已填写验证码并提交: 680-343
[23:14:48] [*] 验证码后页面 step=profile path=/sign-up?redirect=grok-com cf=True buttons=['Grok', 'Complete sign up', 'Go back', 'Your privacy choices']
[23:14:48] [*] 验证码: 680-343
[23:14:48] [*] 4. 填写资料
[23:15:00] [*] 已点击资料提交: Colin Fu
[23:15:00] [*] 提交后页面 step=profile path=/sign-up?redirect=grok-com hint=You are signing into Grok Complete your sign up aiden65fc378martin+3@outlook.com First name Last name Password Complete sign upGo back By co
[23:15:06] [*] 提交后页面 step=probe-error path=https://accounts.x.ai/sign-up?redirect=grok-com hint=Page.evaluate: Execution context was destroyed, most likely because of a navigation
[23:15:07] [*] 提交后页面 step=unknown path=/account hint=((a,b,c,d,e,f,g,h)=>{let i=document.documentElement,j=["light","dark"];function k(b){var c;(Array.isArray(a)?a:[a]).forEach(a=>{let c="class
[23:15:08] [*] 提交后页面 step=unknown path=/account hint=SpaceXAI Toggle theme CF Welcome, Colin. Manage your account. Account Security Sessions Data Return to Redirecting You are being redirected,
[23:15:11] [*] 提交后页面 step=probe-error path=https://accounts.x.ai/account hint=Page.evaluate: Execution context was destroyed, most likely because of a navigation
[23:15:13] [*] 资料已填: Colin Fu
[23:15:13] [*] registered_emails 已更新: aiden65fc378martin+3@outlook.com sso=empty
[23:15:13] [*] 5. 等待 sso cookie
[23:15:13] [*] 等待 sso 中... 已等 0s，剩余 29s | url=https://grok.com/
[23:15:15] [*] 已获取到 sso cookie
[23:15:15] [*] registered_emails 已更新: aiden65fc378martin+3@outlook.com sso=yes
[23:15:15] [*] grok2api Web SSO 上传尝试 1/3
[23:15:15] [*] grok2api 远端上传：登录管理后台（直连，不走代理）
[23:15:15] [+] grok2api 远端登录成功
[23:15:15] [*] grok2api 远端上传：调用 Web SSO 导入接口（直连）
[23:15:16] 【推送Grok2API 成功】
[23:15:16] [+] 已上传 Web SSO: 新增=1, 更新=0, 同步=1, 失败=0
[23:15:16] [*] grok2api Console SSO 上传尝试 1/3
[23:15:16] [*] grok2api 远端上传：登录管理后台（直连，不走代理）
[23:15:16] [+] grok2api 远端登录成功
[23:15:16] [*] grok2api 远端上传：调用 Console SSO 导入接口（直连）
[23:15:16] 【推送Grok2API 成功】
[23:15:16] [+] 已上传 Console SSO: 新增=1, 更新=0, 同步=1, 失败=0
[23:15:16] [风控] 检查新账号注册风控状态 ...
[23:15:18] [风控] ✅ 注册风控状态可用: botFlagSource=0
[23:15:18] [风控] 注册风控状态可用: botFlagSource=0
[23:15:18] [CPA] SSO → 协议 Device Flow 换 token (proxy=socks5h://109.166.36.243:1090) ...
[23:15:18] [CPA] [*] 尝试协议 Device Flow 换 token ...
[23:15:20] [CPA] ✅ sso 有效（协议路径）
[23:15:20] [CPA] 🔑 Device Flow: 申请 device_code / user_code ...
[23:15:20] [CPA] [*] user_code=W6SE-G4KW interval=5s expires_in=1800s
[23:15:21] [CPA] [*] Device Flow: verify user_code ...
[23:15:22] [CPA] ✅ device/verify OK → https://accounts.x.ai/oauth2/device/consent?user_code=W6SE-G4KW
[23:15:22] [CPA] [*] Device Flow: approve allow principal_id=(empty) ...
[23:15:23] [CPA] ✅ device/approve 已允许
[23:15:23] [CPA] [*] Device Flow: 轮询 access/refresh token ...
[23:15:24] [CPA] ✅ access_token (expires_in=21600s) + refresh_token
[23:15:24] [CPA] JWT bfs 检测: clean
[23:15:24] [CPA] 已写入 CPA 本地 /home/ubuntu/grok-register-panel/cpa_auth/xai-aiden65fc378martin_3@outlook.com.json
[23:15:24] [CPA] 已上传 CPA 远程 http://127.0.0.1:18457/.../xai-aiden65fc378martin_3@outlook.com.json
[23:15:24] [CPA] 已写入 Grok2API /home/ubuntu/grok-register-panel/grok2api_auth/g2a-aiden65fc378martin_3@outlook.com.json
[23:15:24] [+] 注册成功: aiden65fc378martin+3@outlook.com
[23:15:24] [结果] status=ok ip=142.249.204.223 port=1090 email=ai***@outlook.com kind=success bot=0 risk=- bfs=-
[23:15:24] [*] 当前统计: 成功 52 | 失败 4 || 注册成功 52 | 注册失败 4 | SSO成功 54 | SSO失败 0 | 早期跳过 0 | G2A成功 54 | G2A失败 0 | CPA成功 52 | CPA失败 0 | 风控通过 52 | 风控 2
[23:15:25] [*] 下一个账号前等待 480 秒...
[23:16:25] [*] 账号间隔等待中… 剩余 420s / 共 480s
[23:17:25] [*] 账号间隔等待中… 剩余 360s / 共 480s
[23:18:25] [*] 账号间隔等待中… 剩余 300s / 共 480s
[23:19:25] [*] 账号间隔等待中… 剩余 240s / 共 480s
[23:20:25] [*] 账号间隔等待中… 剩余 180s / 共 480s
[23:21:25] [*] 账号间隔等待中… 剩余 120s / 共 480s
[23:22:25] [*] 账号间隔等待中… 剩余 60s / 共 480s
[23:23:25] [*] 下号代理: socks5h://15.204.89.179:1178
[23:23:25] --- 开始第 57/2000 个账号 ---
[23:23:25] [*] 1. 打开注册页 (尝试 1/3)
[23:23:29] [static-cache] enabled dir=/home/ubuntu/grok-register-panel/log/static-asset-cache hits=10000 misses=207 max_mb=1024
[23:23:29] [*] 出口IP=12.104.4.66 代理=socks5h://15.204.89.179:1178 | AS7018 | AT&T Enterprises, LLC | Boston
[23:23:30] [*] 指纹 os=windows platform=Win32 webgl=ANGLE (NVIDIA, NVIDIA GeForce GTX 980 Direct3D11 vs_5_0 ps_5_0), or similar fontsWin=True ua=Mozilla/5.0 (Windows NT 10.0; Win64; x64; rv:152.0) Gecko/20100101 Firef… leak=none
[23:23:30] [*] 浏览器已启动
[23:23:36] [*] 当前URL: https://accounts.x.ai/sign-up?redirect=grok-com
[23:23:41] [*] 已点击「使用邮箱注册」按钮（原生事件）: Sign up with email
[23:23:42] [*] 2. 创建邮箱并提交
[23:23:44] [*] 已创建邮箱: taylor477jcole+3@outlook.com
[23:23:53] [*] 已填写邮箱并提交: taylor477jcole+3@outlook.com (Sign up)
[23:23:53] [*] 邮箱: taylor477jcole+3@outlook.com
[23:23:53] [*] 3. 拉取验证码
[23:23:56] [*] Outlook RT 等待验证码… 剩余 176s 邮件 4 封
[23:24:02] [*] Outlook RT 已提取验证码并完成库存记账
[23:24:08] [*] 已填写验证码并提交: 392-669
[23:24:08] [*] 验证码后页面 step=profile path=/sign-up?redirect=grok-com cf=True buttons=['Grok', 'Complete sign up', 'Go back', 'Your privacy choices']
[23:24:08] [*] 验证码: 392-669
[23:24:08] [*] 4. 填写资料
[23:24:25] [*] 已点击资料提交: Alex Wang
[23:24:25] [*] 提交后页面 step=profile path=/sign-up?redirect=grok-com hint=You are signing into Grok Complete your sign up taylor477jcole+3@outlook.com First name Last name Password Complete sign upGo back By contin
[23:24:37] [*] 资料已填: Alex Wang
[23:24:37] [*] registered_emails 已更新: taylor477jcole+3@outlook.com sso=empty
[23:24:37] [*] 5. 等待 sso cookie
[23:24:37] [*] 等待 sso 中... 已等 0s，剩余 29s | url=https://accounts.x.ai/sign-up?redirect=grok-com
[23:24:37] [*] 已获取到 sso cookie
[23:24:37] [*] registered_emails 已更新: taylor477jcole+3@outlook.com sso=yes
[23:24:37] [*] grok2api Web SSO 上传尝试 1/3
[23:24:37] [*] grok2api 远端上传：登录管理后台（直连，不走代理）
[23:24:37] [+] grok2api 远端登录成功
[23:24:37] [*] grok2api 远端上传：调用 Web SSO 导入接口（直连）
[23:24:38] 【推送Grok2API 成功】
[23:24:38] [+] 已上传 Web SSO: 新增=1, 更新=0, 同步=1, 失败=0
[23:24:38] [*] grok2api Console SSO 上传尝试 1/3
[23:24:38] [*] grok2api 远端上传：登录管理后台（直连，不走代理）
[23:24:39] [+] grok2api 远端登录成功
[23:24:39] [*] grok2api 远端上传：调用 Console SSO 导入接口（直连）
[23:24:39] 【推送Grok2API 成功】
[23:24:39] [+] 已上传 Console SSO: 新增=1, 更新=0, 同步=1, 失败=0
[23:24:39] [风控] 检查新账号注册风控状态 ...
[23:24:40] [风控] ✅ 注册风控状态可用: botFlagSource=0
[23:24:40] [风控] 注册风控状态可用: botFlagSource=0
[23:24:40] [CPA] SSO → 协议 Device Flow 换 token (proxy=socks5h://15.204.89.179:1178) ...
[23:24:40] [CPA] [*] 尝试协议 Device Flow 换 token ...
[23:24:41] [CPA] ✅ sso 有效（协议路径）
[23:24:41] [CPA] 🔑 Device Flow: 申请 device_code / user_code ...
[23:24:42] [CPA] [*] user_code=3KEN-4FJS interval=5s expires_in=1800s
[23:24:42] [CPA] [*] Device Flow: verify user_code ...
[23:24:43] [CPA] ✅ device/verify OK → https://accounts.x.ai/oauth2/device/consent?user_code=3KEN-4FJS
[23:24:43] [CPA] [*] Device Flow: approve allow principal_id=(empty) ...
[23:24:43] [CPA] ✅ device/approve 已允许
[23:24:43] [CPA] [*] Device Flow: 轮询 access/refresh token ...
[23:24:43] [CPA] ✅ access_token (expires_in=21600s) + refresh_token
[23:24:43] [CPA] JWT bfs 检测: clean
[23:24:43] [CPA] 已写入 CPA 本地 /home/ubuntu/grok-register-panel/cpa_auth/xai-taylor477jcole_3@outlook.com.json
[23:24:44] [CPA] 已上传 CPA 远程 http://127.0.0.1:18457/.../xai-taylor477jcole_3@outlook.com.json
[23:24:44] [CPA] 已写入 Grok2API /home/ubuntu/grok-register-panel/grok2api_auth/g2a-taylor477jcole_3@outlook.com.json
[23:24:44] [+] 注册成功: taylor477jcole+3@outlook.com
[23:24:44] [结果] status=ok ip=12.104.4.66 port=1178 email=ta***@outlook.com kind=success bot=0 risk=- bfs=-
[23:24:44] [*] 当前统计: 成功 53 | 失败 4 || 注册成功 53 | 注册失败 4 | SSO成功 55 | SSO失败 0 | 早期跳过 0 | G2A成功 55 | G2A失败 0 | CPA成功 53 | CPA失败 0 | 风控通过 53 | 风控 2
[23:24:45] [*] 下一个账号前等待 480 秒...
[23:25:45] [*] 账号间隔等待中… 剩余 420s / 共 480s
[23:26:45] [*] 账号间隔等待中… 剩余 360s / 共 480s
[23:27:45] [*] 账号间隔等待中… 剩余 300s / 共 480s
[23:28:45] [*] 账号间隔等待中… 剩余 240s / 共 480s
[23:29:45] [*] 账号间隔等待中… 剩余 180s / 共 480s
[23:30:45] [*] 账号间隔等待中… 剩余 120s / 共 480s
[23:31:45] [*] 账号间隔等待中… 剩余 60s / 共 480s
[23:32:46] [*] 下号代理: socks5h://109.166.36.243:1092
[23:32:46] --- 开始第 58/2000 个账号 ---
[23:32:46] [*] 1. 打开注册页 (尝试 1/3)
[23:32:52] [static-cache] enabled dir=/home/ubuntu/grok-register-panel/log/static-asset-cache hits=10055 misses=207 max_mb=1024
[23:32:52] [*] 出口IP=142.249.204.224 代理=socks5h://109.166.36.243:1092 | AS45691 | DODO-CORE - DODO K.K. | Tokyo
[23:32:52] [*] 指纹 os=windows platform=Win32 webgl=ANGLE (Intel, Intel(R) HD Graphics Direct3D11 vs_5_0 ps_5_0), or similar fontsWin=True ua=Mozilla/5.0 (Windows NT 10.0; Win64; x64; rv:152.0) Gecko/20100101 Firef… leak=none
[23:32:52] [*] 浏览器已启动
[23:32:59] [*] 当前URL: https://accounts.x.ai/sign-up?redirect=grok-com
[23:33:02] [*] 已点击「使用邮箱注册」按钮（原生事件）: Sign up with email
[23:33:03] [*] 2. 创建邮箱并提交
[23:33:05] [*] 已创建邮箱: nathaniel46875gphillips+3@outlook.com
[23:33:15] [*] 已填写邮箱并提交: nathaniel46875gphillips+3@outlook.com (Sign up)
[23:33:15] [*] 邮箱: nathaniel46875gphillips+3@outlook.com
[23:33:15] [*] 3. 拉取验证码
[23:33:19] [*] Outlook RT 等待验证码… 剩余 175s 邮件 4 封
[23:33:25] [*] Outlook RT 已提取验证码并完成库存记账
[23:33:28] [*] 已填写验证码并提交: 421-909
[23:33:28] [*] 验证码后页面 step=profile path=/sign-up?redirect=grok-com cf=True buttons=['Grok', 'Complete sign up', 'Go back', 'Your privacy choices']
[23:33:28] [*] 验证码: 421-909
[23:33:28] [*] 4. 填写资料
[23:33:39] [*] 等待 Cloudflare 人机验证通过后再提交... 当前token长度=0
[23:33:42] [*] 提交前仍卡住，自动再次复用 Turnstile...
[23:33:42] [*] 尝试点击 Turnstile...
[23:33:43] [*] 已点击 Turnstile frame body (24, 32)
[23:33:48] [*] Turnstile 已通过，token长度=709
[23:33:48] [*] Turnstile 二次复用完成，回填长度=709
[23:33:51] [*] 已点击资料提交: Neo Peng
[23:33:51] [*] 提交后页面 step=profile path=/sign-up?redirect=grok-com hint=You are signing into Grok Complete your sign up nathaniel46875gphillips+3@outlook.com First name Last name Password Complete sign upGo back 
[23:34:00] [*] 提交后页面 step=probe-error path=https://accounts.x.ai/sign-up?redirect=grok-com hint=Page.evaluate: Execution context was destroyed, most likely because of a navigation
[23:34:00] [*] 提交后页面 step=unknown path=/account hint=((a,b,c,d,e,f,g,h)=>{let i=document.documentElement,j=["light","dark"];function k(b){var c;(Array.isArray(a)?a:[a]).forEach(a=>{let c="class
[23:34:01] [*] 提交后页面 step=unknown path=/account hint=SpaceXAI Toggle theme NP Welcome, Neo. Manage your account. Account Security Sessions Data Return to Redirecting You are being redirected, p
[23:34:03] [*] 资料已填: Neo Peng
[23:34:03] [*] registered_emails 已更新: nathaniel46875gphillips+3@outlook.com sso=empty
[23:34:03] [*] 5. 等待 sso cookie
[23:34:03] [*] 等待 sso 中... 已等 0s，剩余 29s | url=https://accounts.x.ai/account
[23:34:03] [*] 已获取到 sso cookie
[23:34:04] [*] registered_emails 已更新: nathaniel46875gphillips+3@outlook.com sso=yes
[23:34:04] [*] grok2api Web SSO 上传尝试 1/3
[23:34:04] [*] grok2api 远端上传：登录管理后台（直连，不走代理）
[23:34:04] [+] grok2api 远端登录成功
[23:34:04] [*] grok2api 远端上传：调用 Web SSO 导入接口（直连）
[23:34:05] 【推送Grok2API 成功】
[23:34:05] [+] 已上传 Web SSO: 新增=1, 更新=0, 同步=1, 失败=0
[23:34:05] [*] grok2api Console SSO 上传尝试 1/3
[23:34:05] [*] grok2api 远端上传：登录管理后台（直连，不走代理）
[23:34:05] [+] grok2api 远端登录成功
[23:34:05] [*] grok2api 远端上传：调用 Console SSO 导入接口（直连）
[23:34:06] 【推送Grok2API 成功】
[23:34:06] [+] 已上传 Console SSO: 新增=1, 更新=0, 同步=1, 失败=0
[23:34:06] [风控] 检查新账号注册风控状态 ...
[23:34:12] [风控] ✅ 注册风控状态可用: botFlagSource=0
[23:34:12] [风控] 注册风控状态可用: botFlagSource=0
[23:34:12] [CPA] SSO → 协议 Device Flow 换 token (proxy=socks5h://109.166.36.243:1092) ...
[23:34:12] [CPA] [*] 尝试协议 Device Flow 换 token ...
[23:34:20] [CPA] ✅ sso 有效（协议路径）
[23:34:20] [CPA] 🔑 Device Flow: 申请 device_code / user_code ...
[23:34:21] [CPA] [*] user_code=7377-NK37 interval=5s expires_in=1800s
[23:34:21] [CPA] [*] Device Flow: verify user_code ...
[23:34:22] [CPA] ✅ device/verify OK → https://accounts.x.ai/oauth2/device/consent?user_code=7377-NK37
[23:34:22] [CPA] [*] Device Flow: approve allow principal_id=(empty) ...
[23:34:23] [CPA] ✅ device/approve 已允许
[23:34:23] [CPA] [*] Device Flow: 轮询 access/refresh token ...
[23:34:24] [CPA] ✅ access_token (expires_in=21600s) + refresh_token
[23:34:24] [CPA] JWT bfs 检测: clean
[23:34:24] [CPA] 已写入 CPA 本地 /home/ubuntu/grok-register-panel/cpa_auth/xai-nathaniel46875gphillips_3@outlook.com.json
[23:34:24] [CPA] 已上传 CPA 远程 http://127.0.0.1:18457/.../xai-nathaniel46875gphillips_3@outlook.com.json
[23:34:24] [CPA] 已写入 Grok2API /home/ubuntu/grok-register-panel/grok2api_auth/g2a-nathaniel46875gphillips_3@outlook.com.json
[23:34:24] [+] 注册成功: nathaniel46875gphillips+3@outlook.com
[23:34:24] [结果] status=ok ip=142.249.204.224 port=1092 email=na***@outlook.com kind=success bot=0 risk=- bfs=-
[23:34:24] [*] 当前统计: 成功 54 | 失败 4 || 注册成功 54 | 注册失败 4 | SSO成功 56 | SSO失败 0 | 早期跳过 0 | G2A成功 56 | G2A失败 0 | CPA成功 54 | CPA失败 0 | 风控通过 54 | 风控 2
[23:34:25] [*] 下一个账号前等待 480 秒...
[23:35:25] [*] 账号间隔等待中… 剩余 420s / 共 480s
[23:36:25] [*] 账号间隔等待中… 剩余 360s / 共 480s
[23:37:25] [*] 账号间隔等待中… 剩余 300s / 共 480s
[23:38:25] [*] 账号间隔等待中… 剩余 240s / 共 480s
[23:39:25] [*] 账号间隔等待中… 剩余 180s / 共 480s
[23:40:25] [*] 账号间隔等待中… 剩余 120s / 共 480s
[23:41:25] [*] 账号间隔等待中… 剩余 60s / 共 480s
[23:42:25] [*] 下号代理: socks5h://15.204.89.179:1191
[23:42:25] --- 开始第 59/2000 个账号 ---
[23:42:25] [*] 1. 打开注册页 (尝试 1/3)
[23:42:29] [static-cache] enabled dir=/home/ubuntu/grok-register-panel/log/static-asset-cache hits=10157 misses=207 max_mb=1024
[23:42:29] [*] 出口IP=12.104.4.97 代理=socks5h://15.204.89.179:1191 | AS7018 | AT&T Enterprises, LLC | Boston
[23:42:29] [*] 指纹 os=windows platform=Win32 webgl=ANGLE (AMD, Radeon HD 3200 Graphics Direct3D11 vs_5_0 ps_5_0), or similar fontsWin=True ua=Mozilla/5.0 (Windows NT 10.0; Win64; x64; rv:152.0) Gecko/20100101 Firef… leak=none
[23:42:29] [*] 浏览器已启动
[23:42:36] [*] 当前URL: https://accounts.x.ai/sign-up?redirect=grok-com
[23:42:40] [*] 已点击「使用邮箱注册」按钮（原生事件）: Sign up with email
[23:42:41] [*] 2. 创建邮箱并提交
[23:42:42] [*] 已创建邮箱: javiersug678sims+3@outlook.com
[23:42:51] [*] 已填写邮箱并提交: javiersug678sims+3@outlook.com (Sign up)
[23:42:51] [*] 邮箱: javiersug678sims+3@outlook.com
[23:42:51] [*] 3. 拉取验证码
[23:42:54] [*] Outlook RT 等待验证码… 剩余 176s 邮件 4 封
[23:42:59] [*] Outlook RT 已提取验证码并完成库存记账
[23:43:02] [*] 已填写验证码并提交: 730-998
[23:43:02] [*] 验证码后页面 step=profile path=/sign-up?redirect=grok-com cf=True buttons=['Grok', 'Complete sign up', 'Go back', 'Your privacy choices']
[23:43:02] [*] 验证码: 730-998
[23:43:02] [*] 4. 填写资料
[23:43:14] [*] 等待 Cloudflare 人机验证通过后再提交... 当前token长度=0
[23:43:17] [*] 提交前仍卡住，自动再次复用 Turnstile...
[23:43:17] [*] 尝试点击 Turnstile...
[23:43:18] [*] 已点击 Turnstile frame body (24, 32)
[23:43:23] [*] Turnstile 已通过，token长度=709
[23:43:23] [*] Turnstile 二次复用完成，回填长度=709
[23:43:26] [*] 已点击资料提交: Aiden Ren
[23:43:26] [*] 提交后页面 step=profile path=/sign-up?redirect=grok-com hint=You are signing into Grok Complete your sign up javiersug678sims+3@outlook.com First name Last name Password Complete sign upGo back By cont
[23:43:32] [*] 提交后页面 step=unknown path=/account hint=((a,b,c,d,e,f,g,h)=>{let i=document.documentElement,j=["light","dark"];function k(b){var c;(Array.isArray(a)?a:[a]).forEach(a=>{let c="class
[23:43:32] [*] 提交后页面 step=unknown path=/account hint=SpaceXAI Toggle theme AR Welcome, Aiden. Manage your account. Account Security Sessions Data Return to Redirecting You are being redirected,
[23:43:37] [*] 提交后页面 step=unknown path=/ hint=Skip to main content
[23:43:37] [*] 资料已填: Aiden Ren
[23:43:38] [*] registered_emails 已更新: javiersug678sims+3@outlook.com sso=empty
[23:43:38] [*] 5. 等待 sso cookie
[23:43:38] [*] 等待 sso 中... 已等 0s，剩余 29s | url=https://grok.com/
[23:43:38] [*] 已获取到 sso cookie
[23:43:38] [*] registered_emails 已更新: javiersug678sims+3@outlook.com sso=yes
[23:43:38] [*] grok2api Web SSO 上传尝试 1/3
[23:43:38] [*] grok2api 远端上传：登录管理后台（直连，不走代理）
[23:43:38] [+] grok2api 远端登录成功
[23:43:38] [*] grok2api 远端上传：调用 Web SSO 导入接口（直连）
[23:43:39] 【推送Grok2API 成功】
[23:43:39] [+] 已上传 Web SSO: 新增=1, 更新=0, 同步=1, 失败=0
[23:43:39] [*] grok2api Console SSO 上传尝试 1/3
[23:43:39] [*] grok2api 远端上传：登录管理后台（直连，不走代理）
[23:43:39] [+] grok2api 远端登录成功
[23:43:39] [*] grok2api 远端上传：调用 Console SSO 导入接口（直连）
[23:43:40] 【推送Grok2API 成功】
[23:43:40] [+] 已上传 Console SSO: 新增=1, 更新=0, 同步=1, 失败=0
[23:43:40] [风控] 检查新账号注册风控状态 ...
[23:43:41] [风控] ✅ 注册风控状态可用: botFlagSource=0
[23:43:41] [风控] 注册风控状态可用: botFlagSource=0
[23:43:41] [CPA] SSO → 协议 Device Flow 换 token (proxy=socks5h://15.204.89.179:1191) ...
[23:43:41] [CPA] [*] 尝试协议 Device Flow 换 token ...
[23:43:42] [CPA] ✅ sso 有效（协议路径）
[23:43:42] [CPA] 🔑 Device Flow: 申请 device_code / user_code ...
[23:43:43] [CPA] [*] user_code=TKYP-KDBR interval=5s expires_in=1800s
[23:43:43] [CPA] [*] Device Flow: verify user_code ...
[23:43:43] [CPA] ✅ device/verify OK → https://accounts.x.ai/oauth2/device/consent?user_code=TKYP-KDBR
[23:43:43] [CPA] [*] Device Flow: approve allow principal_id=(empty) ...
[23:43:44] [CPA] ✅ device/approve 已允许
[23:43:44] [CPA] [*] Device Flow: 轮询 access/refresh token ...
[23:43:44] [CPA] ✅ access_token (expires_in=21600s) + refresh_token
[23:43:44] [CPA] JWT bfs 检测: clean
[23:43:44] [CPA] 已写入 CPA 本地 /home/ubuntu/grok-register-panel/cpa_auth/xai-javiersug678sims_3@outlook.com.json
[23:43:44] [CPA] 已上传 CPA 远程 http://127.0.0.1:18457/.../xai-javiersug678sims_3@outlook.com.json
[23:43:44] [CPA] 已写入 Grok2API /home/ubuntu/grok-register-panel/grok2api_auth/g2a-javiersug678sims_3@outlook.com.json
[23:43:44] [+] 注册成功: javiersug678sims+3@outlook.com
[23:43:44] [结果] status=ok ip=12.104.4.97 port=1191 email=ja***@outlook.com kind=success bot=0 risk=- bfs=-
[23:43:44] [*] 当前统计: 成功 55 | 失败 4 || 注册成功 55 | 注册失败 4 | SSO成功 57 | SSO失败 0 | 早期跳过 0 | G2A成功 57 | G2A失败 0 | CPA成功 55 | CPA失败 0 | 风控通过 55 | 风控 2
[23:43:44] [*] 已成功 55 个账号，执行定期清理: 关闭浏览器并清理内存
[23:43:45] [*] Python GC 已回收对象数: 26767
[23:43:46] [*] 下一个账号前等待 480 秒...
[23:44:46] [*] 账号间隔等待中… 剩余 420s / 共 480s
[23:45:46] [*] 账号间隔等待中… 剩余 360s / 共 480s
[23:46:46] [*] 账号间隔等待中… 剩余 300s / 共 480s
[23:47:46] [*] 账号间隔等待中… 剩余 240s / 共 480s
[23:48:46] [*] 账号间隔等待中… 剩余 180s / 共 480s
[23:49:46] [*] 账号间隔等待中… 剩余 120s / 共 480s
[23:50:46] [*] 账号间隔等待中… 剩余 60s / 共 480s
[23:51:46] [*] 下号代理: socks5h://109.166.36.243:1091
[23:51:46] --- 开始第 60/2000 个账号 ---
[23:51:46] [*] 1. 打开注册页 (尝试 1/3)
[23:51:50] [static-cache] enabled dir=/home/ubuntu/grok-register-panel/log/static-asset-cache hits=10388 misses=219 max_mb=1024
[23:51:50] [*] 出口IP=142.249.204.75 代理=socks5h://109.166.36.243:1091 | AS45691 | DODO-CORE - DODO K.K. | Tokyo
[23:51:51] [*] 指纹 os=windows platform=Win32 webgl=ANGLE (Intel, Intel(R) HD Graphics 400 Direct3D11 vs_5_0 ps_5_0), or similar fontsWin=True ua=Mozilla/5.0 (Windows NT 10.0; Win64; x64; rv:152.0) Gecko/20100101 Firef… leak=none
[23:51:51] [*] 浏览器已启动
[23:51:57] [*] 当前URL: https://accounts.x.ai/sign-up?redirect=grok-com
[23:52:01] [*] 已点击「使用邮箱注册」按钮（原生事件）: Sign up with email
[23:52:01] [*] 2. 创建邮箱并提交
[23:52:02] [*] 已创建邮箱: keiraxgh279anderson+3@outlook.com
[23:52:13] [*] 已填写邮箱并提交: keiraxgh279anderson+3@outlook.com (Sign up)
[23:52:13] [*] 邮箱: keiraxgh279anderson+3@outlook.com
[23:52:13] [*] 3. 拉取验证码
[23:52:16] [*] Outlook RT 等待验证码… 剩余 176s 邮件 4 封
[23:52:21] [*] Outlook RT 已提取验证码并完成库存记账
[23:52:24] [*] 已填写验证码并提交: 278-322
[23:52:24] [*] 验证码后页面 step=profile path=/sign-up?redirect=grok-com cf=True buttons=['Grok', 'Complete sign up', 'Go back', 'Your privacy choices']
[23:52:24] [*] 验证码: 278-322
[23:52:24] [*] 4. 填写资料
[23:52:37] [*] 已点击资料提交: Elio Wang
[23:52:37] [*] 提交后页面 step=profile path=/sign-up?redirect=grok-com hint=You are signing into Grok Complete your sign up keiraxgh279anderson+3@outlook.com First name Last name Password Complete sign upGo back By c
[23:52:44] [*] 提交后页面 step=unknown path=/account hint=((a,b,c,d,e,f,g,h)=>{let i=document.documentElement,j=["light","dark"];function k(b){var c;(Array.isArray(a)?a:[a]).forEach(a=>{let c="class
[23:52:45] [*] 提交后页面 step=unknown path=/account hint=SpaceXAI Toggle theme EW Welcome, Elio. Manage your account. Account Security Sessions Data Return to Redirecting You are being redirected, 
[23:52:49] [*] 资料已填: Elio Wang
[23:52:49] [*] registered_emails 已更新: keiraxgh279anderson+3@outlook.com sso=empty
[23:52:49] [*] 5. 等待 sso cookie
[23:52:50] [*] 等待 sso 中... 已等 0s，剩余 29s | url=https://accounts.x.ai/account
[23:52:50] [*] 已获取到 sso cookie
[23:52:50] [*] registered_emails 已更新: keiraxgh279anderson+3@outlook.com sso=yes
[23:52:50] [*] grok2api Web SSO 上传尝试 1/3
[23:52:50] [*] grok2api 远端上传：登录管理后台（直连，不走代理）
[23:52:51] [+] grok2api 远端登录成功
[23:52:51] [*] grok2api 远端上传：调用 Web SSO 导入接口（直连）
[23:52:52] 【推送Grok2API 成功】
[23:52:52] [+] 已上传 Web SSO: 新增=1, 更新=0, 同步=1, 失败=0
[23:52:52] [*] grok2api Console SSO 上传尝试 1/3
[23:52:52] [*] grok2api 远端上传：登录管理后台（直连，不走代理）
[23:52:52] [+] grok2api 远端登录成功
[23:52:52] [*] grok2api 远端上传：调用 Console SSO 导入接口（直连）
[23:52:53] 【推送Grok2API 成功】
[23:52:53] [+] 已上传 Console SSO: 新增=1, 更新=0, 同步=1, 失败=0
[23:52:53] [风控] 检查新账号注册风控状态 ...
[23:52:54] [风控] ✅ 注册风控状态可用: botFlagSource=0
[23:52:54] [风控] 注册风控状态可用: botFlagSource=0
[23:52:54] [CPA] SSO → 协议 Device Flow 换 token (proxy=socks5h://109.166.36.243:1091) ...
[23:52:54] [CPA] [*] 尝试协议 Device Flow 换 token ...
[23:52:56] [CPA] ✅ sso 有效（协议路径）
[23:52:56] [CPA] 🔑 Device Flow: 申请 device_code / user_code ...
[23:52:57] [CPA] [*] user_code=G4SW-STX2 interval=5s expires_in=1800s
[23:52:57] [CPA] [*] Device Flow: verify user_code ...
[23:52:58] [CPA] ✅ device/verify OK → https://accounts.x.ai/oauth2/device/consent?user_code=G4SW-STX2
[23:52:58] [CPA] [*] Device Flow: approve allow principal_id=(empty) ...
[23:52:59] [CPA] ✅ device/approve 已允许
[23:52:59] [CPA] [*] Device Flow: 轮询 access/refresh token ...
[23:53:00] [CPA] ✅ access_token (expires_in=21600s) + refresh_token
[23:53:00] [CPA] JWT bfs 检测: clean
[23:53:00] [CPA] 已写入 CPA 本地 /home/ubuntu/grok-register-panel/cpa_auth/xai-keiraxgh279anderson_3@outlook.com.json
[23:53:00] [CPA] 已上传 CPA 远程 http://127.0.0.1:18457/.../xai-keiraxgh279anderson_3@outlook.com.json
[23:53:00] [CPA] 已写入 Grok2API /home/ubuntu/grok-register-panel/grok2api_auth/g2a-keiraxgh279anderson_3@outlook.com.json
[23:53:00] [+] 注册成功: keiraxgh279anderson+3@outlook.com
[23:53:00] [结果] status=ok ip=142.249.204.75 port=1091 email=ke***@outlook.com kind=success bot=0 risk=- bfs=-
[23:53:00] [*] 当前统计: 成功 56 | 失败 4 || 注册成功 56 | 注册失败 4 | SSO成功 58 | SSO失败 0 | 早期跳过 0 | G2A成功 58 | G2A失败 0 | CPA成功 56 | CPA失败 0 | 风控通过 56 | 风控 2
[23:53:01] [*] 下一个账号前等待 480 秒...
[23:54:01] [*] 账号间隔等待中… 剩余 420s / 共 480s
[23:55:01] [*] 账号间隔等待中… 剩余 360s / 共 480s
[23:56:01] [*] 账号间隔等待中… 剩余 300s / 共 480s
[23:57:01] [*] 账号间隔等待中… 剩余 240s / 共 480s
[23:58:01] [*] 账号间隔等待中… 剩余 180s / 共 480s
[23:59:01] [*] 账号间隔等待中… 剩余 120s / 共 480s
[00:00:01] [*] 账号间隔等待中… 剩余 60s / 共 480s
[00:01:01] [*] 下号代理: socks5h://109.166.36.243:1090
[00:01:01] --- 开始第 61/2000 个账号 ---
[00:01:01] [*] 1. 打开注册页 (尝试 1/3)
[00:01:06] [static-cache] enabled dir=/home/ubuntu/grok-register-panel/log/static-asset-cache hits=10619 misses=229 max_mb=1024
[00:01:06] [*] 出口IP=142.249.204.223 代理=socks5h://109.166.36.243:1090 | AS45691 | DODO-CORE - DODO K.K. | Tokyo
[00:01:06] [*] 指纹 os=windows platform=Win32 webgl=ANGLE (Intel, Intel(R) HD Graphics Direct3D11 vs_5_0 ps_5_0), or similar fontsWin=True ua=Mozilla/5.0 (Windows NT 10.0; Win64; x64; rv:152.0) Gecko/20100101 Firef… leak=none
[00:01:06] [*] 浏览器已启动
[00:01:13] [*] 当前URL: https://accounts.x.ai/sign-up?redirect=grok-com
[00:01:17] [*] 已点击「使用邮箱注册」按钮（原生事件）: Sign up with email
[00:01:18] [*] 2. 创建邮箱并提交
[00:01:19] [*] 已创建邮箱: ariele92111viana+3@outlook.com
[00:01:27] [*] 已填写邮箱并提交: ariele92111viana+3@outlook.com (Sign up)
[00:01:27] [*] 邮箱: ariele92111viana+3@outlook.com
[00:01:27] [*] 3. 拉取验证码
[00:01:30] [*] Outlook RT 等待验证码… 剩余 177s 邮件 4 封
[00:01:35] [*] Outlook RT 已提取验证码并完成库存记账
[00:01:39] [*] 已填写验证码并提交: 972-362
[00:01:39] [*] 验证码后页面 step=profile path=/sign-up?redirect=grok-com cf=True buttons=['Grok', 'Complete sign up', 'Go back', 'Your privacy choices']
[00:01:39] [*] 验证码: 972-362
[00:01:39] [*] 4. 填写资料
[00:01:50] [*] 等待 Cloudflare 人机验证通过后再提交... 当前token长度=0
[00:01:53] [*] 提交前仍卡住，自动再次复用 Turnstile...
[00:01:53] [*] 尝试点击 Turnstile...
[00:01:55] [*] 已点击 Turnstile frame body (24, 32)
[00:02:00] [*] Turnstile 已通过，token长度=709
[00:02:00] [*] Turnstile 二次复用完成，回填长度=709
[00:02:02] [*] 已点击资料提交: Nathan Kong
[00:02:02] [*] 提交后页面 step=profile path=/sign-up?redirect=grok-com hint=You are signing into Grok Complete your sign up ariele92111viana+3@outlook.com First name Last name Password Complete sign upGo back By cont
[00:02:09] [*] 提交后页面 step=probe-error path=https://accounts.x.ai/sign-up?redirect=grok-com hint=Page.evaluate: Execution context was destroyed, most likely because of a navigation
[00:02:10] [*] 提交后页面 step=unknown path=/account hint=((a,b,c,d,e,f,g,h)=>{let i=document.documentElement,j=["light","dark"];function k(b){var c;(Array.isArray(a)?a:[a]).forEach(a=>{let c="class
[00:02:11] [*] 提交后页面 step=unknown path=/account hint=SpaceXAI Toggle theme NK Welcome, Nathan. Manage your account. Account Security Sessions Data Return to Redirecting You are being redirected
[00:02:14] [*] 资料已填: Nathan Kong
[00:02:15] [*] registered_emails 已更新: ariele92111viana+3@outlook.com sso=empty
[00:02:15] [*] 5. 等待 sso cookie
[00:02:15] [*] 等待 sso 中... 已等 0s，剩余 29s | url=https://accounts.x.ai/account
[00:02:15] [*] 已获取到 sso cookie
[00:02:15] [*] registered_emails 已更新: ariele92111viana+3@outlook.com sso=yes
[00:02:15] [*] grok2api Web SSO 上传尝试 1/3
[00:02:15] [*] grok2api 远端上传：登录管理后台（直连，不走代理）
[00:02:15] [+] grok2api 远端登录成功
[00:02:15] [*] grok2api 远端上传：调用 Web SSO 导入接口（直连）
[00:02:16] 【推送Grok2API 成功】
[00:02:16] [+] 已上传 Web SSO: 新增=1, 更新=0, 同步=1, 失败=0
[00:02:16] [*] grok2api Console SSO 上传尝试 1/3
[00:02:16] [*] grok2api 远端上传：登录管理后台（直连，不走代理）
[00:02:16] [+] grok2api 远端登录成功
[00:02:16] [*] grok2api 远端上传：调用 Console SSO 导入接口（直连）
[00:02:17] 【推送Grok2API 成功】
[00:02:17] [+] 已上传 Console SSO: 新增=1, 更新=0, 同步=1, 失败=0
[00:02:17] [风控] 检查新账号注册风控状态 ...
[00:02:19] [风控] ✅ 注册风控状态可用: botFlagSource=0
[00:02:19] [风控] 注册风控状态可用: botFlagSource=0
[00:02:19] [CPA] SSO → 协议 Device Flow 换 token (proxy=socks5h://109.166.36.243:1090) ...
[00:02:19] [CPA] [*] 尝试协议 Device Flow 换 token ...
[00:02:20] [CPA] ✅ sso 有效（协议路径）
[00:02:20] [CPA] 🔑 Device Flow: 申请 device_code / user_code ...
[00:02:21] [CPA] [*] user_code=FJZY-3CDV interval=5s expires_in=1800s
[00:02:22] [CPA] [*] Device Flow: verify user_code ...
[00:02:23] [CPA] ✅ device/verify OK → https://accounts.x.ai/oauth2/device/consent?user_code=FJZY-3CDV
[00:02:23] [CPA] [*] Device Flow: approve allow principal_id=(empty) ...
[00:02:24] [CPA] ✅ device/approve 已允许
[00:02:24] [CPA] [*] Device Flow: 轮询 access/refresh token ...
[00:02:24] [CPA] ✅ access_token (expires_in=21600s) + refresh_token
[00:02:24] [CPA] JWT bfs 检测: clean
[00:02:24] [CPA] 已写入 CPA 本地 /home/ubuntu/grok-register-panel/cpa_auth/xai-ariele92111viana_3@outlook.com.json
[00:02:24] [CPA] 已上传 CPA 远程 http://127.0.0.1:18457/.../xai-ariele92111viana_3@outlook.com.json
[00:02:24] [CPA] 已写入 Grok2API /home/ubuntu/grok-register-panel/grok2api_auth/g2a-ariele92111viana_3@outlook.com.json
[00:02:24] [+] 注册成功: ariele92111viana+3@outlook.com
[00:02:24] [结果] status=ok ip=142.249.204.223 port=1090 email=ar***@outlook.com kind=success bot=0 risk=- bfs=-
[00:02:24] [*] 当前统计: 成功 57 | 失败 4 || 注册成功 57 | 注册失败 4 | SSO成功 59 | SSO失败 0 | 早期跳过 0 | G2A成功 59 | G2A失败 0 | CPA成功 57 | CPA失败 0 | 风控通过 57 | 风控 2
[00:02:25] [*] 下一个账号前等待 480 秒...
[00:03:25] [*] 账号间隔等待中… 剩余 420s / 共 480s
[00:04:25] [*] 账号间隔等待中… 剩余 360s / 共 480s
[00:05:25] [*] 账号间隔等待中… 剩余 300s / 共 480s
[00:06:25] [*] 账号间隔等待中… 剩余 240s / 共 480s
[00:07:26] [*] 账号间隔等待中… 剩余 180s / 共 480s
[00:08:26] [*] 账号间隔等待中… 剩余 120s / 共 480s
[00:09:26] [*] 账号间隔等待中… 剩余 60s / 共 480s
[00:10:25] [*] 下号代理: socks5h://15.204.89.179:1178
[00:10:25] --- 开始第 62/2000 个账号 ---
[00:10:25] [*] 1. 打开注册页 (尝试 1/3)
[00:10:30] [static-cache] enabled dir=/home/ubuntu/grok-register-panel/log/static-asset-cache hits=10722 misses=229 max_mb=1024
[00:10:30] [*] 出口IP=12.104.4.66 代理=socks5h://15.204.89.179:1178 | AS7018 | AT&T Enterprises, LLC | Boston
[00:10:30] [*] 指纹 os=windows platform=Win32 webgl=ANGLE (Intel, Intel(R) HD Graphics 400 Direct3D11 vs_5_0 ps_5_0), or similar fontsWin=True ua=Mozilla/5.0 (Windows NT 10.0; Win64; x64; rv:152.0) Gecko/20100101 Firef… leak=none
[00:10:30] [*] 浏览器已启动
[00:10:35] [*] 当前URL: https://accounts.x.ai/sign-up?redirect=grok-com
[00:10:40] [*] 已点击「使用邮箱注册」按钮（原生事件）: Sign up with email
[00:10:40] [*] 2. 创建邮箱并提交
[00:10:41] [*] 已创建邮箱: bill7077uward+3@outlook.com
[00:10:50] [*] 已填写邮箱并提交: bill7077uward+3@outlook.com (Sign up)
[00:10:50] [*] 邮箱: bill7077uward+3@outlook.com
[00:10:50] [*] 3. 拉取验证码
[00:10:55] [*] Outlook RT 等待验证码… 剩余 174s 邮件 4 封
[00:11:00] [*] Outlook RT 已提取验证码并完成库存记账
[00:11:04] [*] 已填写验证码并提交: 669-180
[00:11:04] [*] 验证码后页面 step=profile path=/sign-up?redirect=grok-com cf=True buttons=['Grok', 'Complete sign up', 'Go back', 'Your privacy choices']
[00:11:04] [*] 验证码: 669-180
[00:11:04] [*] 4. 填写资料
[00:11:18] [*] 已点击资料提交: Tristan Tian
[00:11:18] [*] 提交后页面 step=profile path=/sign-up?redirect=grok-com hint=You are signing into Grok Complete your sign up bill7077uward+3@outlook.com First name Last name Password Complete sign upGo back By continu
[00:11:25] [*] 提交后页面 step=unknown path=/account hint=((a,b,c,d,e,f,g,h)=>{let i=document.documentElement,j=["light","dark"];function k(b){var c;(Array.isArray(a)?a:[a]).forEach(a=>{let c="class
[00:11:25] [*] 提交后页面 step=unknown path=/account hint=SpaceXAI Toggle theme TT Welcome, Tristan. Manage your account. Account Security Sessions Data Return to Redirecting You are being redirecte
[00:11:28] [*] 提交后页面 step=probe-error path=https://accounts.x.ai/account hint=Page.evaluate: Execution context was destroyed, most likely because of a navigation
[00:11:30] [*] 资料已填: Tristan Tian
[00:11:30] [*] registered_emails 已更新: bill7077uward+3@outlook.com sso=empty
[00:11:30] [*] 5. 等待 sso cookie
[00:11:30] [*] 等待 sso 中... 已等 0s，剩余 29s | url=https://grok.com/
[00:11:31] [*] 已获取到 sso cookie
[00:11:31] [*] registered_emails 已更新: bill7077uward+3@outlook.com sso=yes
[00:11:31] [*] grok2api Web SSO 上传尝试 1/3
[00:11:31] [*] grok2api 远端上传：登录管理后台（直连，不走代理）
[00:11:31] [+] grok2api 远端登录成功
[00:11:31] [*] grok2api 远端上传：调用 Web SSO 导入接口（直连）
[00:11:32] 【推送Grok2API 成功】
[00:11:32] [+] 已上传 Web SSO: 新增=1, 更新=0, 同步=1, 失败=0
[00:11:32] [*] grok2api Console SSO 上传尝试 1/3
[00:11:32] [*] grok2api 远端上传：登录管理后台（直连，不走代理）
[00:11:32] [+] grok2api 远端登录成功
[00:11:32] [*] grok2api 远端上传：调用 Console SSO 导入接口（直连）
[00:11:33] 【推送Grok2API 成功】
[00:11:33] [+] 已上传 Console SSO: 新增=1, 更新=0, 同步=1, 失败=0
[00:11:33] [风控] 检查新账号注册风控状态 ...
[00:11:34] [风控] ✅ 注册风控状态可用: botFlagSource=0
[00:11:34] [风控] 注册风控状态可用: botFlagSource=0
[00:11:34] [CPA] SSO → 协议 Device Flow 换 token (proxy=socks5h://15.204.89.179:1178) ...
[00:11:34] [CPA] [*] 尝试协议 Device Flow 换 token ...
[00:11:35] [CPA] ✅ sso 有效（协议路径）
[00:11:35] [CPA] 🔑 Device Flow: 申请 device_code / user_code ...
[00:11:35] [CPA] [*] user_code=AKW2-G92W interval=5s expires_in=1800s
[00:11:35] [CPA] [*] Device Flow: verify user_code ...
[00:11:36] [CPA] ✅ device/verify OK → https://accounts.x.ai/oauth2/device/consent?user_code=AKW2-G92W
[00:11:36] [CPA] [*] Device Flow: approve allow principal_id=(empty) ...
[00:11:36] [CPA] ✅ device/approve 已允许
[00:11:36] [CPA] [*] Device Flow: 轮询 access/refresh token ...
[00:11:37] [CPA] ✅ access_token (expires_in=21600s) + refresh_token
[00:11:37] [CPA] JWT bfs 检测: clean
[00:11:37] [CPA] 已写入 CPA 本地 /home/ubuntu/grok-register-panel/cpa_auth/xai-bill7077uward_3@outlook.com.json
[00:11:37] [CPA] 已上传 CPA 远程 http://127.0.0.1:18457/.../xai-bill7077uward_3@outlook.com.json
[00:11:37] [CPA] 已写入 Grok2API /home/ubuntu/grok-register-panel/grok2api_auth/g2a-bill7077uward_3@outlook.com.json
[00:11:37] [+] 注册成功: bill7077uward+3@outlook.com
[00:11:37] [结果] status=ok ip=12.104.4.66 port=1178 email=bi***@outlook.com kind=success bot=0 risk=- bfs=-
[00:11:37] [*] 当前统计: 成功 58 | 失败 4 || 注册成功 58 | 注册失败 4 | SSO成功 60 | SSO失败 0 | 早期跳过 0 | G2A成功 60 | G2A失败 0 | CPA成功 58 | CPA失败 0 | 风控通过 58 | 风控 2
[00:11:38] [*] 下一个账号前等待 480 秒...
[00:12:38] [*] 账号间隔等待中… 剩余 420s / 共 480s
[00:13:38] [*] 账号间隔等待中… 剩余 360s / 共 480s
[00:14:38] [*] 账号间隔等待中… 剩余 300s / 共 480s
[00:15:38] [*] 账号间隔等待中… 剩余 240s / 共 480s
[00:16:38] [*] 账号间隔等待中… 剩余 180s / 共 480s
[00:17:38] [*] 账号间隔等待中… 剩余 120s / 共 480s
[00:18:38] [*] 账号间隔等待中… 剩余 60s / 共 480s
[00:19:38] [*] 下号代理: socks5h://109.166.36.243:1092
[00:19:38] --- 开始第 63/2000 个账号 ---
[00:19:38] [*] 1. 打开注册页 (尝试 1/3)
[00:19:43] [static-cache] enabled dir=/home/ubuntu/grok-register-panel/log/static-asset-cache hits=10955 misses=239 max_mb=1024
[00:19:43] [*] 出口IP=142.249.204.224 代理=socks5h://109.166.36.243:1092 | AS45691 | DODO-CORE - DODO K.K. | Tokyo
[00:19:44] [*] 指纹 os=windows platform=Win32 webgl=ANGLE (Intel, Intel(R) HD Graphics 400 Direct3D11 vs_5_0 ps_5_0), or similar fontsWin=True ua=Mozilla/5.0 (Windows NT 10.0; Win64; x64; rv:152.0) Gecko/20100101 Firef… leak=none
[00:19:44] [*] 浏览器已启动
[00:19:51] [*] 当前URL: https://accounts.x.ai/sign-up?redirect=grok-com
[00:19:54] [*] 已点击「使用邮箱注册」按钮（原生事件）: Sign up with email
[00:19:55] [*] 2. 创建邮箱并提交
[00:19:56] [*] 已创建邮箱: emile1580nginnish+3@outlook.com
[00:20:05] [*] 已填写邮箱并提交: emile1580nginnish+3@outlook.com (Sign up)
[00:20:05] [*] 邮箱: emile1580nginnish+3@outlook.com
[00:20:05] [*] 3. 拉取验证码
[00:20:08] [*] Outlook RT 等待验证码… 剩余 177s 邮件 4 封
[00:20:13] [*] Outlook RT 已提取验证码并完成库存记账
[00:20:17] [*] 已填写验证码并提交: 117-125
[00:20:17] [*] 验证码后页面 step=profile path=/sign-up?redirect=grok-com cf=True buttons=['Grok', 'Complete sign up', 'Go back', 'Your privacy choices']
[00:20:17] [*] 验证码: 117-125
[00:20:17] [*] 4. 填写资料
[00:20:30] [*] 已点击资料提交: Louis Hou
[00:20:30] [*] 提交后页面 step=profile path=/sign-up?redirect=grok-com hint=You are signing into Grok Complete your sign up emile1580nginnish+3@outlook.com First name Last name Password Complete sign upGo back By con
[00:20:38] [*] 提交后页面 step=unknown path=/account hint=((a,b,c,d,e,f,g,h)=>{let i=document.documentElement,j=["light","dark"];function k(b){var c;(Array.isArray(a)?a:[a]).forEach(a=>{let c="class
[00:20:38] [*] 提交后页面 step=unknown path=/account hint=SpaceXAI Toggle theme LH Welcome, Louis. Manage your account. Account Security Sessions Data Return to Redirecting You are being redirected,
[00:20:42] [*] 资料已填: Louis Hou
[00:20:43] [*] registered_emails 已更新: emile1580nginnish+3@outlook.com sso=empty
[00:20:43] [*] 5. 等待 sso cookie
[00:20:44] [*] 等待 sso 中... 已等 0s，剩余 29s | url=https://accounts.x.ai/account
[00:20:44] [*] 已获取到 sso cookie
[00:20:44] [*] registered_emails 已更新: emile1580nginnish+3@outlook.com sso=yes
[00:20:44] [*] grok2api Web SSO 上传尝试 1/3
[00:20:44] [*] grok2api 远端上传：登录管理后台（直连，不走代理）
[00:20:45] [+] grok2api 远端登录成功
[00:20:45] [*] grok2api 远端上传：调用 Web SSO 导入接口（直连）
[00:20:46] 【推送Grok2API 成功】
[00:20:46] [+] 已上传 Web SSO: 新增=1, 更新=0, 同步=1, 失败=0
[00:20:46] [*] grok2api Console SSO 上传尝试 1/3
[00:20:46] [*] grok2api 远端上传：登录管理后台（直连，不走代理）
[00:20:46] [+] grok2api 远端登录成功
[00:20:46] [*] grok2api 远端上传：调用 Console SSO 导入接口（直连）
[00:20:47] 【推送Grok2API 成功】
[00:20:47] [+] 已上传 Console SSO: 新增=1, 更新=0, 同步=1, 失败=0
[00:20:47] [风控] 检查新账号注册风控状态 ...
[00:20:48] [风控] ✅ 注册风控状态可用: botFlagSource=0
[00:20:48] [风控] 注册风控状态可用: botFlagSource=0
[00:20:48] [CPA] SSO → 协议 Device Flow 换 token (proxy=socks5h://109.166.36.243:1092) ...
[00:20:48] [CPA] [*] 尝试协议 Device Flow 换 token ...
[00:20:50] [CPA] ✅ sso 有效（协议路径）
[00:20:50] [CPA] 🔑 Device Flow: 申请 device_code / user_code ...
[00:20:51] [CPA] [*] user_code=V9KK-HG2W interval=5s expires_in=1800s
[00:20:51] [CPA] [*] Device Flow: verify user_code ...
[00:20:52] [CPA] ✅ device/verify OK → https://accounts.x.ai/oauth2/device/consent?user_code=V9KK-HG2W
[00:20:52] [CPA] [*] Device Flow: approve allow principal_id=(empty) ...
[00:20:53] [CPA] ✅ device/approve 已允许
[00:20:53] [CPA] [*] Device Flow: 轮询 access/refresh token ...
[00:20:54] [CPA] ✅ access_token (expires_in=21600s) + refresh_token
[00:20:54] [CPA] JWT bfs 检测: clean
[00:20:54] [CPA] 已写入 CPA 本地 /home/ubuntu/grok-register-panel/cpa_auth/xai-emile1580nginnish_3@outlook.com.json
[00:20:54] [CPA] 已上传 CPA 远程 http://127.0.0.1:18457/.../xai-emile1580nginnish_3@outlook.com.json
[00:20:54] [CPA] 已写入 Grok2API /home/ubuntu/grok-register-panel/grok2api_auth/g2a-emile1580nginnish_3@outlook.com.json
[00:20:54] [+] 注册成功: emile1580nginnish+3@outlook.com
[00:20:54] [结果] status=ok ip=142.249.204.224 port=1092 email=em***@outlook.com kind=success bot=0 risk=- bfs=-
[00:20:54] [*] 当前统计: 成功 59 | 失败 4 || 注册成功 59 | 注册失败 4 | SSO成功 61 | SSO失败 0 | 早期跳过 0 | G2A成功 61 | G2A失败 0 | CPA成功 59 | CPA失败 0 | 风控通过 59 | 风控 2
[00:20:55] [*] 下一个账号前等待 480 秒...
[00:21:55] [*] 账号间隔等待中… 剩余 420s / 共 480s
[00:22:55] [*] 账号间隔等待中… 剩余 360s / 共 480s
[00:23:55] [*] 账号间隔等待中… 剩余 300s / 共 480s
[00:24:55] [*] 账号间隔等待中… 剩余 240s / 共 480s
[00:25:55] [*] 账号间隔等待中… 剩余 180s / 共 480s
[00:26:55] [*] 账号间隔等待中… 剩余 120s / 共 480s
[00:27:55] [*] 账号间隔等待中… 剩余 60s / 共 480s
[00:28:55] [*] 下号代理: socks5h://15.204.89.179:1191
[00:28:55] --- 开始第 64/2000 个账号 ---
[00:28:55] [*] 1. 打开注册页 (尝试 1/3)
[00:29:01] [static-cache] enabled dir=/home/ubuntu/grok-register-panel/log/static-asset-cache hits=11188 misses=249 max_mb=1024
[00:29:01] [*] 出口IP=12.104.4.97 代理=socks5h://15.204.89.179:1191 | AS7018 | AT&T Enterprises, LLC | Boston
[00:29:02] [*] 指纹 os=windows platform=Win32 webgl=ANGLE (NVIDIA, NVIDIA GeForce GTX 980 Direct3D11 vs_5_0 ps_5_0), or similar fontsWin=True ua=Mozilla/5.0 (Windows NT 10.0; Win64; x64; rv:152.0) Gecko/20100101 Firef… leak=none
[00:29:02] [*] 浏览器已启动
[00:29:11] [*] 当前URL: https://accounts.x.ai/sign-up?redirect=grok-com
[00:29:17] [*] 已点击「使用邮箱注册」按钮（原生事件）: Sign up with email
[00:29:18] [*] 2. 创建邮箱并提交
[00:29:19] [*] 已创建邮箱: nomiep70537ct+3@outlook.com
[00:29:30] [*] 已填写邮箱并提交: nomiep70537ct+3@outlook.com (Sign up)
[00:29:30] [*] 邮箱: nomiep70537ct+3@outlook.com
[00:29:30] [*] 3. 拉取验证码
[00:29:34] [*] Outlook RT 等待验证码… 剩余 175s 邮件 4 封
[00:29:41] [*] Outlook RT 已提取验证码并完成库存记账
[00:29:45] [*] 已填写验证码并提交: 777-549
[00:29:45] [*] 验证码后页面 step=profile path=/sign-up?redirect=grok-com cf=True buttons=['Grok', 'Complete sign up', 'Go back', 'Your privacy choices']
[00:29:45] [*] 验证码: 777-549
[00:29:45] [*] 4. 填写资料
[00:29:58] [*] 已点击资料提交: Aiden Bai
[00:29:58] [*] 提交后页面 step=profile path=/sign-up?redirect=grok-com hint=You are signing into Grok Complete your sign up nomiep70537ct+3@outlook.com First name Last name Password Complete sign upGo back By continu
[00:30:03] [*] 提交后页面 step=probe-error path=https://accounts.x.ai/sign-up?redirect=grok-com hint=Page.evaluate: Execution context was destroyed, most likely because of a navigation
[00:30:04] [*] 提交后页面 step=unknown path=/account hint=((a,b,c,d,e,f,g,h)=>{let i=document.documentElement,j=["light","dark"];function k(b){var c;(Array.isArray(a)?a:[a]).forEach(a=>{let c="class
[00:30:05] [*] 提交后页面 step=unknown path=/account hint=SpaceXAI Toggle theme AB Welcome, Aiden. Manage your account. Account Security Sessions Data Return to Redirecting You are being redirected,
[00:30:10] [*] 资料已填: Aiden Bai
[00:30:11] [*] registered_emails 已更新: nomiep70537ct+3@outlook.com sso=empty
[00:30:11] [*] 5. 等待 sso cookie
[00:30:11] [*] 等待 sso 中... 已等 0s，剩余 29s | url=https://grok.com/
[00:30:11] [*] 已获取到 sso cookie
[00:30:11] [*] registered_emails 已更新: nomiep70537ct+3@outlook.com sso=yes
[00:30:11] [*] grok2api Web SSO 上传尝试 1/3
[00:30:11] [*] grok2api 远端上传：登录管理后台（直连，不走代理）
[00:30:11] [+] grok2api 远端登录成功
[00:30:11] [*] grok2api 远端上传：调用 Web SSO 导入接口（直连）
[00:30:12] 【推送Grok2API 成功】
[00:30:12] [+] 已上传 Web SSO: 新增=1, 更新=0, 同步=1, 失败=0
[00:30:12] [*] grok2api Console SSO 上传尝试 1/3
[00:30:12] [*] grok2api 远端上传：登录管理后台（直连，不走代理）
[00:30:12] [+] grok2api 远端登录成功
[00:30:12] [*] grok2api 远端上传：调用 Console SSO 导入接口（直连）
[00:30:13] 【推送Grok2API 成功】
[00:30:13] [+] 已上传 Console SSO: 新增=1, 更新=0, 同步=1, 失败=0
[00:30:13] [风控] 检查新账号注册风控状态 ...
[00:30:14] [风控] ✅ 注册风控状态可用: botFlagSource=0
[00:30:14] [风控] 注册风控状态可用: botFlagSource=0
[00:30:14] [CPA] SSO → 协议 Device Flow 换 token (proxy=socks5h://15.204.89.179:1191) ...
[00:30:14] [CPA] [*] 尝试协议 Device Flow 换 token ...
[00:30:16] [CPA] ✅ sso 有效（协议路径）
[00:30:16] [CPA] 🔑 Device Flow: 申请 device_code / user_code ...
[00:30:16] [CPA] [*] user_code=ZEJJ-CGVX interval=5s expires_in=1800s
[00:30:17] [CPA] [*] Device Flow: verify user_code ...
[00:30:17] [CPA] ✅ device/verify OK → https://accounts.x.ai/oauth2/device/consent?user_code=ZEJJ-CGVX
[00:30:17] [CPA] [*] Device Flow: approve allow principal_id=(empty) ...
[00:30:17] [CPA] ✅ device/approve 已允许
[00:30:17] [CPA] [*] Device Flow: 轮询 access/refresh token ...
[00:30:18] [CPA] ✅ access_token (expires_in=21600s) + refresh_token
[00:30:18] [CPA] JWT bfs 检测: clean
[00:30:18] [CPA] 已写入 CPA 本地 /home/ubuntu/grok-register-panel/cpa_auth/xai-nomiep70537ct_3@outlook.com.json
[00:30:18] [CPA] 已上传 CPA 远程 http://127.0.0.1:18457/.../xai-nomiep70537ct_3@outlook.com.json
[00:30:18] [CPA] 已写入 Grok2API /home/ubuntu/grok-register-panel/grok2api_auth/g2a-nomiep70537ct_3@outlook.com.json
[00:30:18] [+] 注册成功: nomiep70537ct+3@outlook.com
[00:30:18] [结果] status=ok ip=12.104.4.97 port=1191 email=no***@outlook.com kind=success bot=0 risk=- bfs=-
[00:30:18] [*] 当前统计: 成功 60 | 失败 4 || 注册成功 60 | 注册失败 4 | SSO成功 62 | SSO失败 0 | 早期跳过 0 | G2A成功 62 | G2A失败 0 | CPA成功 60 | CPA失败 0 | 风控通过 60 | 风控 2
[00:30:18] [*] 已成功 60 个账号，执行定期清理: 关闭浏览器并清理内存
[00:30:19] [*] Python GC 已回收对象数: 26725
[00:30:20] [*] 下一个账号前等待 480 秒...
[00:31:20] [*] 账号间隔等待中… 剩余 420s / 共 480s
[00:32:20] [*] 账号间隔等待中… 剩余 360s / 共 480s
[00:33:20] [*] 账号间隔等待中… 剩余 300s / 共 480s
[00:34:20] [*] 账号间隔等待中… 剩余 240s / 共 480s
[00:35:20] [*] 账号间隔等待中… 剩余 180s / 共 480s
[00:36:20] [*] 账号间隔等待中… 剩余 120s / 共 480s
[00:37:20] [*] 账号间隔等待中… 剩余 60s / 共 480s
[00:38:20] [*] 下号代理: socks5h://109.166.36.243:1091
[00:38:20] --- 开始第 65/2000 个账号 ---
[00:38:20] [*] 1. 打开注册页 (尝试 1/3)
[00:38:24] [static-cache] enabled dir=/home/ubuntu/grok-register-panel/log/static-asset-cache hits=11418 misses=262 max_mb=1024
[00:38:24] [*] 出口IP=142.249.204.75 代理=socks5h://109.166.36.243:1091 | AS45691 | DODO-CORE - DODO K.K. | Tokyo
[00:38:24] [*] 指纹 os=windows platform=Win32 webgl=ANGLE (NVIDIA, NVIDIA GeForce GTX 980 Direct3D11 vs_5_0 ps_5_0), or similar fontsWin=True ua=Mozilla/5.0 (Windows NT 10.0; Win64; x64; rv:152.0) Gecko/20100101 Firef… leak=none
[00:38:24] [*] 浏览器已启动
[00:38:30] [*] 当前URL: https://accounts.x.ai/sign-up?redirect=grok-com
[00:38:34] [*] 已点击「使用邮箱注册」按钮（原生事件）: Sign up with email
[00:38:35] [*] 2. 创建邮箱并提交
[00:38:36] [*] 已创建邮箱: jonathan12342mriley+3@outlook.com
[00:38:46] [*] 已填写邮箱并提交: jonathan12342mriley+3@outlook.com (Sign up)
[00:38:46] [*] 邮箱: jonathan12342mriley+3@outlook.com
[00:38:46] [*] 3. 拉取验证码
[00:38:49] [*] Outlook RT 等待验证码… 剩余 176s 邮件 4 封
[00:38:54] [*] Outlook RT 已提取验证码并完成库存记账
[00:38:57] [*] 已填写验证码并提交: 073-371
[00:38:57] [*] 验证码后页面 step=profile path=/sign-up?redirect=grok-com cf=True buttons=['Grok', 'Complete sign up', 'Go back', 'Your privacy choices']
[00:38:57] [*] 验证码: 073-371
[00:38:57] [*] 4. 填写资料
[00:39:10] [*] 已点击资料提交: Alex Kang
[00:39:10] [*] 提交后页面 step=profile path=/sign-up?redirect=grok-com hint=You are signing into Grok Complete your sign up jonathan12342mriley+3@outlook.com First name Last name Password Complete sign upGo back By c
[00:39:22] [*] 提交后页面 step=unknown path=/account hint=((a,b,c,d,e,f,g,h)=>{let i=document.documentElement,j=["light","dark"];function k(b){var c;(Array.isArray(a)?a:[a]).forEach(a=>{let c="class
[00:39:22] [*] 资料已填: Alex Kang
[00:39:22] [*] registered_emails 已更新: jonathan12342mriley+3@outlook.com sso=empty
[00:39:22] [*] 5. 等待 sso cookie
[00:39:23] [*] 等待 sso 中... 已等 0s，剩余 29s | url=https://accounts.x.ai/account
[00:39:23] [*] 已获取到 sso cookie
[00:39:23] [*] registered_emails 已更新: jonathan12342mriley+3@outlook.com sso=yes
[00:39:23] [*] grok2api Web SSO 上传尝试 1/3
[00:39:23] [*] grok2api 远端上传：登录管理后台（直连，不走代理）
[00:39:23] [+] grok2api 远端登录成功
[00:39:23] [*] grok2api 远端上传：调用 Web SSO 导入接口（直连）
[00:39:24] 【推送Grok2API 成功】
[00:39:24] [+] 已上传 Web SSO: 新增=1, 更新=0, 同步=1, 失败=0
[00:39:24] [*] grok2api Console SSO 上传尝试 1/3
[00:39:24] [*] grok2api 远端上传：登录管理后台（直连，不走代理）
[00:39:24] [+] grok2api 远端登录成功
[00:39:24] [*] grok2api 远端上传：调用 Console SSO 导入接口（直连）
[00:39:25] 【推送Grok2API 成功】
[00:39:25] [+] 已上传 Console SSO: 新增=1, 更新=0, 同步=1, 失败=0
[00:39:25] [风控] 检查新账号注册风控状态 ...
[00:39:26] [风控] ✅ 注册风控状态可用: botFlagSource=0
[00:39:26] [风控] 注册风控状态可用: botFlagSource=0
[00:39:26] [CPA] SSO → 协议 Device Flow 换 token (proxy=socks5h://109.166.36.243:1091) ...
[00:39:26] [CPA] [*] 尝试协议 Device Flow 换 token ...
[00:39:28] [CPA] ✅ sso 有效（协议路径）
[00:39:28] [CPA] 🔑 Device Flow: 申请 device_code / user_code ...
[00:39:29] [CPA] [*] user_code=8JQD-7JZS interval=5s expires_in=1800s
[00:39:29] [CPA] [*] Device Flow: verify user_code ...
[00:39:30] [CPA] ✅ device/verify OK → https://accounts.x.ai/oauth2/device/consent?user_code=8JQD-7JZS
[00:39:30] [CPA] [*] Device Flow: approve allow principal_id=(empty) ...
[00:39:31] [CPA] ✅ device/approve 已允许
[00:39:31] [CPA] [*] Device Flow: 轮询 access/refresh token ...
[00:39:31] [CPA] ✅ access_token (expires_in=21600s) + refresh_token
[00:39:31] [CPA] JWT bfs 检测: clean
[00:39:31] [CPA] 已写入 CPA 本地 /home/ubuntu/grok-register-panel/cpa_auth/xai-jonathan12342mriley_3@outlook.com.json
[00:39:32] [CPA] 已上传 CPA 远程 http://127.0.0.1:18457/.../xai-jonathan12342mriley_3@outlook.com.json
[00:39:32] [CPA] 已写入 Grok2API /home/ubuntu/grok-register-panel/grok2api_auth/g2a-jonathan12342mriley_3@outlook.com.json
[00:39:32] [+] 注册成功: jonathan12342mriley+3@outlook.com
[00:39:32] [结果] status=ok ip=142.249.204.75 port=1091 email=jo***@outlook.com kind=success bot=0 risk=- bfs=-
[00:39:32] [*] 当前统计: 成功 61 | 失败 4 || 注册成功 61 | 注册失败 4 | SSO成功 63 | SSO失败 0 | 早期跳过 0 | G2A成功 63 | G2A失败 0 | CPA成功 61 | CPA失败 0 | 风控通过 61 | 风控 2
[00:39:33] [*] 下一个账号前等待 480 秒...
[00:40:33] [*] 账号间隔等待中… 剩余 420s / 共 480s
[00:41:33] [*] 账号间隔等待中… 剩余 360s / 共 480s
[00:42:33] [*] 账号间隔等待中… 剩余 300s / 共 480s
[00:43:33] [*] 账号间隔等待中… 剩余 240s / 共 480s
[00:44:33] [*] 账号间隔等待中… 剩余 180s / 共 480s
[00:45:33] [*] 账号间隔等待中… 剩余 120s / 共 480s
[00:46:33] [*] 账号间隔等待中… 剩余 60s / 共 480s
[00:47:33] [*] 下号代理: socks5h://109.166.36.243:1090
[00:47:33] --- 开始第 66/2000 个账号 ---
[00:47:33] [*] 1. 打开注册页 (尝试 1/3)
[00:47:37] [static-cache] enabled dir=/home/ubuntu/grok-register-panel/log/static-asset-cache hits=11520 misses=262 max_mb=1024
[00:47:37] [*] 出口IP=142.249.204.223 代理=socks5h://109.166.36.243:1090 | AS45691 | DODO-CORE - DODO K.K. | Tokyo
[00:47:37] [*] 指纹 os=windows platform=Win32 webgl=ANGLE (NVIDIA, NVIDIA GeForce GTX 980 Direct3D11 vs_5_0 ps_5_0), or similar fontsWin=True ua=Mozilla/5.0 (Windows NT 10.0; Win64; x64; rv:152.0) Gecko/20100101 Firef… leak=none
[00:47:37] [*] 浏览器已启动
[00:47:45] [*] 当前URL: https://accounts.x.ai/sign-up?redirect=grok-com
[00:47:48] [*] 已点击「使用邮箱注册」按钮（原生事件）: Sign up with email
[00:47:49] [*] 2. 创建邮箱并提交
[00:47:51] [*] 已创建邮箱: william8891dobrien+3@outlook.com
[00:47:59] [*] 已填写邮箱并提交: william8891dobrien+3@outlook.com (Sign up)
[00:47:59] [*] 邮箱: william8891dobrien+3@outlook.com
[00:47:59] [*] 3. 拉取验证码
[00:48:03] [*] Outlook RT 等待验证码… 剩余 176s 邮件 4 封
[00:48:07] [*] Outlook RT 已提取验证码并完成库存记账
[00:48:11] [*] 已填写验证码并提交: 624-271
[00:48:11] [*] 验证码后页面 step=profile path=/sign-up?redirect=grok-com cf=True buttons=['Grok', 'Complete sign up', 'Go back', 'Your privacy choices']
[00:48:11] [*] 验证码: 624-271
[00:48:11] [*] 4. 填写资料
[00:48:24] [*] 已点击资料提交: Logan Ren
[00:48:24] [*] 提交后页面 step=profile path=/sign-up?redirect=grok-com hint=You are signing into Grok Complete your sign up william8891dobrien+3@outlook.com First name Last name Password Complete sign upGo back By co
[00:48:31] [*] 提交后页面 step=unknown path=/account hint=((a,b,c,d,e,f,g,h)=>{let i=document.documentElement,j=["light","dark"];function k(b){var c;(Array.isArray(a)?a:[a]).forEach(a=>{let c="class
[00:48:32] [*] 提交后页面 step=unknown path=/account hint=SpaceXAI Toggle theme LR Welcome, Logan. Manage your account. Account Security Sessions Data Return to Redirecting You are being redirected,
[00:48:37] [*] 资料已填: Logan Ren
[00:48:38] [*] registered_emails 已更新: william8891dobrien+3@outlook.com sso=empty
[00:48:38] [*] 5. 等待 sso cookie
[00:48:38] [*] 等待 sso 中... 已等 0s，剩余 29s | url=https://grok.com/
[00:48:38] [*] 已获取到 sso cookie
[00:48:38] [*] registered_emails 已更新: william8891dobrien+3@outlook.com sso=yes
[00:48:38] [*] grok2api Web SSO 上传尝试 1/3
[00:48:38] [*] grok2api 远端上传：登录管理后台（直连，不走代理）
[00:48:38] [+] grok2api 远端登录成功
[00:48:38] [*] grok2api 远端上传：调用 Web SSO 导入接口（直连）
[00:48:39] 【推送Grok2API 成功】
[00:48:39] [+] 已上传 Web SSO: 新增=1, 更新=0, 同步=1, 失败=0
[00:48:39] [*] grok2api Console SSO 上传尝试 1/3
[00:48:39] [*] grok2api 远端上传：登录管理后台（直连，不走代理）
[00:48:39] [+] grok2api 远端登录成功
[00:48:39] [*] grok2api 远端上传：调用 Console SSO 导入接口（直连）
[00:48:40] 【推送Grok2API 成功】
[00:48:40] [+] 已上传 Console SSO: 新增=1, 更新=0, 同步=1, 失败=0
[00:48:40] [风控] 检查新账号注册风控状态 ...
[00:48:42] [风控] ✅ 注册风控状态可用: botFlagSource=0
[00:48:42] [风控] 注册风控状态可用: botFlagSource=0
[00:48:42] [CPA] SSO → 协议 Device Flow 换 token (proxy=socks5h://109.166.36.243:1090) ...
[00:48:42] [CPA] [*] 尝试协议 Device Flow 换 token ...
[00:48:43] [CPA] ✅ sso 有效（协议路径）
[00:48:43] [CPA] 🔑 Device Flow: 申请 device_code / user_code ...
[00:48:44] [CPA] [*] user_code=CTPA-BV9T interval=5s expires_in=1800s
[00:48:45] [CPA] [*] Device Flow: verify user_code ...
[00:48:46] [CPA] ✅ device/verify OK → https://accounts.x.ai/oauth2/device/consent?user_code=CTPA-BV9T
[00:48:46] [CPA] [*] Device Flow: approve allow principal_id=(empty) ...
[00:48:46] [CPA] ✅ device/approve 已允许
[00:48:46] [CPA] [*] Device Flow: 轮询 access/refresh token ...
[00:48:47] [CPA] ✅ access_token (expires_in=21600s) + refresh_token
[00:48:47] [CPA] JWT bfs 检测: clean
[00:48:47] [CPA] 已写入 CPA 本地 /home/ubuntu/grok-register-panel/cpa_auth/xai-william8891dobrien_3@outlook.com.json
[00:48:47] [CPA] 已上传 CPA 远程 http://127.0.0.1:18457/.../xai-william8891dobrien_3@outlook.com.json
[00:48:47] [CPA] 已写入 Grok2API /home/ubuntu/grok-register-panel/grok2api_auth/g2a-william8891dobrien_3@outlook.com.json
[00:48:47] [+] 注册成功: william8891dobrien+3@outlook.com
[00:48:47] [结果] status=ok ip=142.249.204.223 port=1090 email=wi***@outlook.com kind=success bot=0 risk=- bfs=-
[00:48:47] [*] 当前统计: 成功 62 | 失败 4 || 注册成功 62 | 注册失败 4 | SSO成功 64 | SSO失败 0 | 早期跳过 0 | G2A成功 64 | G2A失败 0 | CPA成功 62 | CPA失败 0 | 风控通过 62 | 风控 2
[00:48:48] [*] 下一个账号前等待 480 秒...
[00:49:48] [*] 账号间隔等待中… 剩余 420s / 共 480s
[00:50:48] [*] 账号间隔等待中… 剩余 360s / 共 480s
[00:51:48] [*] 账号间隔等待中… 剩余 300s / 共 480s
[00:52:48] [*] 账号间隔等待中… 剩余 240s / 共 480s
[00:53:48] [*] 账号间隔等待中… 剩余 180s / 共 480s
[00:54:48] [*] 账号间隔等待中… 剩余 120s / 共 480s
[00:55:48] [*] 账号间隔等待中… 剩余 60s / 共 480s
[00:56:48] [*] 下号代理: socks5h://15.204.89.179:1178
[00:56:48] --- 开始第 67/2000 个账号 ---
[00:56:48] [*] 1. 打开注册页 (尝试 1/3)
[00:56:53] [static-cache] enabled dir=/home/ubuntu/grok-register-panel/log/static-asset-cache hits=11752 misses=274 max_mb=1024
[00:56:53] [*] 出口IP=12.104.4.66 代理=socks5h://15.204.89.179:1178 | AS7018 | AT&T Enterprises, LLC | Boston
[00:56:53] [*] 指纹 os=windows platform=Win32 webgl=ANGLE (AMD, Radeon R9 200 Series Direct3D11 vs_5_0 ps_5_0), or similar fontsWin=True ua=Mozilla/5.0 (Windows NT 10.0; Win64; x64; rv:152.0) Gecko/20100101 Firef… leak=none
[00:56:53] [*] 浏览器已启动
[00:57:01] [*] 当前URL: https://accounts.x.ai/sign-up?redirect=grok-com
[00:57:05] [*] 已点击「使用邮箱注册」按钮（原生事件）: Sign up with email
[00:57:06] [*] 2. 创建邮箱并提交
[00:57:07] [*] 已创建邮箱: vlson732lcardoso+3@outlook.com
[00:57:17] [*] 已填写邮箱并提交: vlson732lcardoso+3@outlook.com (Sign up)
[00:57:17] [*] 邮箱: vlson732lcardoso+3@outlook.com
[00:57:17] [*] 3. 拉取验证码
[00:57:20] [*] Outlook RT 等待验证码… 剩余 176s 邮件 5 封
[00:57:25] [*] Outlook RT 已提取验证码并完成库存记账
[00:57:29] [*] 已填写验证码并提交: 047-989
[00:57:29] [*] 验证码后页面 step=profile path=/sign-up?redirect=grok-com cf=True buttons=['Grok', 'Complete sign up', 'Go back', 'Your privacy choices']
[00:57:29] [*] 验证码: 047-989
[00:57:29] [*] 4. 填写资料
[00:57:42] [*] 已点击资料提交: Tristan Mao
[00:57:42] [*] 提交后页面 step=profile path=/sign-up?redirect=grok-com hint=You are signing into Grok Complete your sign up vlson732lcardoso+3@outlook.com First name Last name Password Complete sign upGo back By cont
[00:57:47] [*] 提交后页面 step=unknown path=/account hint=((a,b,c,d,e,f,g,h)=>{let i=document.documentElement,j=["light","dark"];function k(b){var c;(Array.isArray(a)?a:[a]).forEach(a=>{let c="class
[00:57:47] [*] 提交后页面 step=unknown path=/account hint=SpaceXAI Toggle theme TM Welcome, Tristan. Manage your account. Account Security Sessions Data Return to Redirecting You are being redirecte
[00:57:50] [*] 提交后页面 step=probe-error path=https://accounts.x.ai/account hint=Page.evaluate: Execution context was destroyed, most likely because of a navigation
[00:57:53] [*] 提交后页面 step=unknown path=/ hint=Skip to main content
[00:57:53] [*] 资料已填: Tristan Mao
[00:57:53] [*] registered_emails 已更新: vlson732lcardoso+3@outlook.com sso=empty
[00:57:53] [*] 5. 等待 sso cookie
[00:57:53] [*] 等待 sso 中... 已等 0s，剩余 29s | url=https://grok.com/
[00:57:53] [*] 已获取到 sso cookie
[00:57:53] [*] registered_emails 已更新: vlson732lcardoso+3@outlook.com sso=yes
[00:57:53] [*] grok2api Web SSO 上传尝试 1/3
[00:57:53] [*] grok2api 远端上传：登录管理后台（直连，不走代理）
[00:57:54] [+] grok2api 远端登录成功
[00:57:54] [*] grok2api 远端上传：调用 Web SSO 导入接口（直连）
[00:57:54] 【推送Grok2API 成功】
[00:57:54] [+] 已上传 Web SSO: 新增=1, 更新=0, 同步=1, 失败=0
[00:57:54] [*] grok2api Console SSO 上传尝试 1/3
[00:57:54] [*] grok2api 远端上传：登录管理后台（直连，不走代理）
[00:57:54] [+] grok2api 远端登录成功
[00:57:54] [*] grok2api 远端上传：调用 Console SSO 导入接口（直连）
[00:57:55] 【推送Grok2API 成功】
[00:57:55] [+] 已上传 Console SSO: 新增=1, 更新=0, 同步=1, 失败=0
[00:57:55] [风控] 检查新账号注册风控状态 ...
[00:57:56] [风控] ✅ 注册风控状态可用: botFlagSource=0
[00:57:56] [风控] 注册风控状态可用: botFlagSource=0
[00:57:56] [CPA] SSO → 协议 Device Flow 换 token (proxy=socks5h://15.204.89.179:1178) ...
[00:57:56] [CPA] [*] 尝试协议 Device Flow 换 token ...
[00:57:57] [CPA] ✅ sso 有效（协议路径）
[00:57:57] [CPA] 🔑 Device Flow: 申请 device_code / user_code ...
[00:57:58] [CPA] [*] user_code=GEMM-54GH interval=5s expires_in=1800s
[00:57:58] [CPA] [*] Device Flow: verify user_code ...
[00:57:59] [CPA] ✅ device/verify OK → https://accounts.x.ai/oauth2/device/consent?user_code=GEMM-54GH
[00:57:59] [CPA] [*] Device Flow: approve allow principal_id=(empty) ...
[00:57:59] [CPA] ✅ device/approve 已允许
[00:57:59] [CPA] [*] Device Flow: 轮询 access/refresh token ...
[00:57:59] [CPA] ✅ access_token (expires_in=21600s) + refresh_token
[00:57:59] [CPA] JWT bfs 检测: clean
[00:57:59] [CPA] 已写入 CPA 本地 /home/ubuntu/grok-register-panel/cpa_auth/xai-vlson732lcardoso_3@outlook.com.json
[00:57:59] [CPA] 已上传 CPA 远程 http://127.0.0.1:18457/.../xai-vlson732lcardoso_3@outlook.com.json
[00:57:59] [CPA] 已写入 Grok2API /home/ubuntu/grok-register-panel/grok2api_auth/g2a-vlson732lcardoso_3@outlook.com.json
[00:57:59] [+] 注册成功: vlson732lcardoso+3@outlook.com
[00:57:59] [结果] status=ok ip=12.104.4.66 port=1178 email=vl***@outlook.com kind=success bot=0 risk=- bfs=-
[00:57:59] [*] 当前统计: 成功 63 | 失败 4 || 注册成功 63 | 注册失败 4 | SSO成功 65 | SSO失败 0 | 早期跳过 0 | G2A成功 65 | G2A失败 0 | CPA成功 63 | CPA失败 0 | 风控通过 63 | 风控 2
[00:58:01] [*] 下一个账号前等待 480 秒...
[00:59:01] [*] 账号间隔等待中… 剩余 420s / 共 480s
[01:00:01] [*] 账号间隔等待中… 剩余 360s / 共 480s
[01:01:01] [*] 账号间隔等待中… 剩余 300s / 共 480s
[01:02:01] [*] 账号间隔等待中… 剩余 240s / 共 480s
[01:03:01] [*] 账号间隔等待中… 剩余 180s / 共 480s
[01:04:01] [*] 账号间隔等待中… 剩余 120s / 共 480s
[01:05:01] [*] 账号间隔等待中… 剩余 60s / 共 480s
[01:06:01] [*] 下号代理: socks5h://109.166.36.243:1092
[01:06:01] --- 开始第 68/2000 个账号 ---
[01:06:01] [*] 1. 打开注册页 (尝试 1/3)
[01:06:06] [static-cache] enabled dir=/home/ubuntu/grok-register-panel/log/static-asset-cache hits=11986 misses=284 max_mb=1024
[01:06:06] [*] 出口IP=142.249.204.224 代理=socks5h://109.166.36.243:1092 | AS45691 | DODO-CORE - DODO K.K. | Tokyo
[01:06:06] [*] 指纹 os=windows platform=Win32 webgl=ANGLE (NVIDIA, NVIDIA GeForce GTX 980 Direct3D11 vs_5_0 ps_5_0), or similar fontsWin=True ua=Mozilla/5.0 (Windows NT 10.0; Win64; x64; rv:152.0) Gecko/20100101 Firef… leak=none
[01:06:06] [*] 浏览器已启动
[01:06:12] [*] 当前URL: https://accounts.x.ai/sign-up?redirect=grok-com
[01:06:17] [*] 已点击「使用邮箱注册」按钮（原生事件）: Sign up with email
[01:06:18] [*] 2. 创建邮箱并提交
[01:06:19] [*] 已创建邮箱: grimaldo2065lmateo+3@outlook.com
[01:06:29] [*] 已填写邮箱并提交: grimaldo2065lmateo+3@outlook.com (Sign up)
[01:06:29] [*] 邮箱: grimaldo2065lmateo+3@outlook.com
[01:06:29] [*] 3. 拉取验证码
[01:06:32] [*] Outlook RT 等待验证码… 剩余 176s 邮件 4 封
[01:06:37] [*] Outlook RT 已提取验证码并完成库存记账
[01:06:40] [*] 已填写验证码并提交: 195-525
[01:06:40] [*] 验证码后页面 step=profile path=/sign-up?redirect=grok-com cf=True buttons=['Grok', 'Complete sign up', 'Go back', 'Your privacy choices']
[01:06:40] [*] 验证码: 195-525
[01:06:40] [*] 4. 填写资料
[01:06:53] [*] 已点击资料提交: Liam Cao
[01:06:53] [*] 提交后页面 step=profile path=/sign-up?redirect=grok-com hint=You are signing into Grok Complete your sign up grimaldo2065lmateo+3@outlook.com First name Last name Password Complete sign upGo back By co
[01:07:00] [*] 提交后页面 step=unknown path=/account hint=((a,b,c,d,e,f,g,h)=>{let i=document.documentElement,j=["light","dark"];function k(b){var c;(Array.isArray(a)?a:[a]).forEach(a=>{let c="class
[01:07:01] [*] 提交后页面 step=unknown path=/account hint=SpaceXAI Toggle theme LC Welcome, Liam. Manage your account. Account Security Sessions Data Return to Redirecting You are being redirected, 
[01:07:05] [*] 资料已填: Liam Cao
[01:07:05] [*] registered_emails 已更新: grimaldo2065lmateo+3@outlook.com sso=empty
[01:07:05] [*] 5. 等待 sso cookie
[01:07:06] [*] 等待 sso 中... 已等 0s，剩余 29s | url=https://accounts.x.ai/account
[01:07:06] [*] 已获取到 sso cookie
[01:07:07] [*] registered_emails 已更新: grimaldo2065lmateo+3@outlook.com sso=yes
[01:07:07] [*] grok2api Web SSO 上传尝试 1/3
[01:07:07] [*] grok2api 远端上传：登录管理后台（直连，不走代理）
[01:07:07] [+] grok2api 远端登录成功
[01:07:07] [*] grok2api 远端上传：调用 Web SSO 导入接口（直连）
[01:07:08] 【推送Grok2API 成功】
[01:07:08] [+] 已上传 Web SSO: 新增=1, 更新=0, 同步=1, 失败=0
[01:07:08] [*] grok2api Console SSO 上传尝试 1/3
[01:07:08] [*] grok2api 远端上传：登录管理后台（直连，不走代理）
[01:07:08] [+] grok2api 远端登录成功
[01:07:08] [*] grok2api 远端上传：调用 Console SSO 导入接口（直连）
[01:07:08] 【推送Grok2API 成功】
[01:07:08] [+] 已上传 Console SSO: 新增=1, 更新=0, 同步=1, 失败=0
[01:07:08] [风控] 检查新账号注册风控状态 ...
[01:07:10] [风控] ✅ 注册风控状态可用: botFlagSource=0
[01:07:10] [风控] 注册风控状态可用: botFlagSource=0
[01:07:10] [CPA] SSO → 协议 Device Flow 换 token (proxy=socks5h://109.166.36.243:1092) ...
[01:07:10] [CPA] [*] 尝试协议 Device Flow 换 token ...
[01:07:14] [CPA] ✅ sso 有效（协议路径）
[01:07:14] [CPA] 🔑 Device Flow: 申请 device_code / user_code ...
[01:07:15] [CPA] [*] user_code=SBDG-ZT22 interval=5s expires_in=1800s
[01:07:16] [CPA] [*] Device Flow: verify user_code ...
[01:07:17] [CPA] ✅ device/verify OK → https://accounts.x.ai/oauth2/device/consent?user_code=SBDG-ZT22
[01:07:17] [CPA] [*] Device Flow: approve allow principal_id=(empty) ...
[01:07:18] [CPA] ✅ device/approve 已允许
[01:07:18] [CPA] [*] Device Flow: 轮询 access/refresh token ...
[01:07:18] [CPA] ✅ access_token (expires_in=21600s) + refresh_token
[01:07:18] [CPA] JWT bfs 检测: clean
[01:07:18] [CPA] 已写入 CPA 本地 /home/ubuntu/grok-register-panel/cpa_auth/xai-grimaldo2065lmateo_3@outlook.com.json
[01:07:18] [CPA] 已上传 CPA 远程 http://127.0.0.1:18457/.../xai-grimaldo2065lmateo_3@outlook.com.json
[01:07:18] [CPA] 已写入 Grok2API /home/ubuntu/grok-register-panel/grok2api_auth/g2a-grimaldo2065lmateo_3@outlook.com.json
[01:07:18] [+] 注册成功: grimaldo2065lmateo+3@outlook.com
[01:07:18] [结果] status=ok ip=142.249.204.224 port=1092 email=gr***@outlook.com kind=success bot=0 risk=- bfs=-
[01:07:18] [*] 当前统计: 成功 64 | 失败 4 || 注册成功 64 | 注册失败 4 | SSO成功 66 | SSO失败 0 | 早期跳过 0 | G2A成功 66 | G2A失败 0 | CPA成功 64 | CPA失败 0 | 风控通过 64 | 风控 2
[01:07:20] [*] 下一个账号前等待 480 秒...
[01:08:20] [*] 账号间隔等待中… 剩余 420s / 共 480s
[01:09:20] [*] 账号间隔等待中… 剩余 360s / 共 480s
[01:10:20] [*] 账号间隔等待中… 剩余 300s / 共 480s
[01:11:20] [*] 账号间隔等待中… 剩余 240s / 共 480s
[01:12:21] [*] 账号间隔等待中… 剩余 180s / 共 480s
[01:13:21] [*] 账号间隔等待中… 剩余 120s / 共 480s
[01:14:21] [*] 账号间隔等待中… 剩余 60s / 共 480s
[01:15:20] [*] 下号代理: socks5h://15.204.89.179:1191
[01:15:20] --- 开始第 69/2000 个账号 ---
[01:15:20] [*] 1. 打开注册页 (尝试 1/3)
[01:15:25] [static-cache] enabled dir=/home/ubuntu/grok-register-panel/log/static-asset-cache hits=12218 misses=294 max_mb=1024
[01:15:25] [*] 出口IP=12.104.4.97 代理=socks5h://15.204.89.179:1191 | AS7018 | AT&T Enterprises, LLC | Boston
[01:15:25] [*] 指纹 os=windows platform=Win32 webgl=ANGLE (Intel, Intel(R) HD Graphics Direct3D11 vs_5_0 ps_5_0), or similar fontsWin=True ua=Mozilla/5.0 (Windows NT 10.0; Win64; x64; rv:152.0) Gecko/20100101 Firef… leak=none
[01:15:25] [*] 浏览器已启动
[01:15:32] [*] 当前URL: https://accounts.x.ai/sign-up?redirect=grok-com
[01:15:36] [*] 已点击「使用邮箱注册」按钮（原生事件）: Sign up with email
[01:15:36] [*] 2. 创建邮箱并提交
[01:15:38] [*] 已创建邮箱: rickm2899andrews+3@outlook.com
[01:15:47] [*] 已填写邮箱并提交: rickm2899andrews+3@outlook.com (Sign up)
[01:15:47] [*] 邮箱: rickm2899andrews+3@outlook.com
[01:15:47] [*] 3. 拉取验证码
[01:15:51] [*] Outlook RT 等待验证码… 剩余 176s 邮件 4 封
[01:15:56] [*] Outlook RT 已提取验证码并完成库存记账
[01:16:00] [*] 已填写验证码并提交: 081-240
[01:16:00] [*] 验证码后页面 step=profile path=/sign-up?redirect=grok-com cf=True buttons=['Grok', 'Complete sign up', 'Go back', 'Your privacy choices']
[01:16:00] [*] 验证码: 081-240
[01:16:00] [*] 4. 填写资料
[01:16:13] [*] 已点击资料提交: Aaron Gao
[01:16:13] [*] 提交后页面 step=profile path=/sign-up?redirect=grok-com hint=You are signing into Grok Complete your sign up rickm2899andrews+3@outlook.com First name Last name Password Complete sign upGo back By cont
[01:16:22] [*] 提交后页面 step=probe-error path=https://accounts.x.ai/sign-up?redirect=grok-com hint=Page.evaluate: Execution context was destroyed, most likely because of a navigation
[01:16:23] [*] 提交后页面 step=unknown path=/account hint=((a,b,c,d,e,f,g,h)=>{let i=document.documentElement,j=["light","dark"];function k(b){var c;(Array.isArray(a)?a:[a]).forEach(a=>{let c="class
[01:16:24] [*] 提交后页面 step=unknown path=/account hint=SpaceXAI Toggle theme AG Welcome, Aaron. Manage your account. Account Security Sessions Data Return to Redirecting You are being redirected,
[01:16:26] [*] 资料已填: Aaron Gao
[01:16:26] [*] registered_emails 已更新: rickm2899andrews+3@outlook.com sso=empty
[01:16:26] [*] 5. 等待 sso cookie
[01:16:26] [*] 等待 sso 中... 已等 0s，剩余 29s | url=https://accounts.x.ai/account
[01:16:26] [*] 已获取到 sso cookie
[01:16:26] [*] registered_emails 已更新: rickm2899andrews+3@outlook.com sso=yes
[01:16:26] [*] grok2api Web SSO 上传尝试 1/3
[01:16:26] [*] grok2api 远端上传：登录管理后台（直连，不走代理）
[01:16:26] [+] grok2api 远端登录成功
[01:16:26] [*] grok2api 远端上传：调用 Web SSO 导入接口（直连）
[01:16:27] 【推送Grok2API 成功】
[01:16:27] [+] 已上传 Web SSO: 新增=1, 更新=0, 同步=1, 失败=0
[01:16:27] [*] grok2api Console SSO 上传尝试 1/3
[01:16:27] [*] grok2api 远端上传：登录管理后台（直连，不走代理）
[01:16:27] [+] grok2api 远端登录成功
[01:16:27] [*] grok2api 远端上传：调用 Console SSO 导入接口（直连）
[01:16:28] 【推送Grok2API 成功】
[01:16:28] [+] 已上传 Console SSO: 新增=1, 更新=0, 同步=1, 失败=0
[01:16:28] [风控] 检查新账号注册风控状态 ...
[01:16:30] [风控] ✅ 注册风控状态可用: botFlagSource=0
[01:16:30] [风控] 注册风控状态可用: botFlagSource=0
[01:16:30] [CPA] SSO → 协议 Device Flow 换 token (proxy=socks5h://15.204.89.179:1191) ...
[01:16:30] [CPA] [*] 尝试协议 Device Flow 换 token ...
[01:16:31] [CPA] ✅ sso 有效（协议路径）
[01:16:31] [CPA] 🔑 Device Flow: 申请 device_code / user_code ...
[01:16:31] [CPA] [*] user_code=D87X-XKPK interval=5s expires_in=1800s
[01:16:31] [CPA] [*] Device Flow: verify user_code ...
[01:16:32] [CPA] ✅ device/verify OK → https://accounts.x.ai/oauth2/device/consent?user_code=D87X-XKPK
[01:16:32] [CPA] [*] Device Flow: approve allow principal_id=(empty) ...
[01:16:33] [CPA] ✅ device/approve 已允许
[01:16:33] [CPA] [*] Device Flow: 轮询 access/refresh token ...
[01:16:33] [CPA] ✅ access_token (expires_in=21600s) + refresh_token
[01:16:33] [CPA] JWT bfs 检测: clean
[01:16:33] [CPA] 已写入 CPA 本地 /home/ubuntu/grok-register-panel/cpa_auth/xai-rickm2899andrews_3@outlook.com.json
[01:16:33] [CPA] 已上传 CPA 远程 http://127.0.0.1:18457/.../xai-rickm2899andrews_3@outlook.com.json
[01:16:33] [CPA] 已写入 Grok2API /home/ubuntu/grok-register-panel/grok2api_auth/g2a-rickm2899andrews_3@outlook.com.json
[01:16:33] [+] 注册成功: rickm2899andrews+3@outlook.com
[01:16:33] [结果] status=ok ip=12.104.4.97 port=1191 email=ri***@outlook.com kind=success bot=0 risk=- bfs=-
[01:16:33] [*] 当前统计: 成功 65 | 失败 4 || 注册成功 65 | 注册失败 4 | SSO成功 67 | SSO失败 0 | 早期跳过 0 | G2A成功 67 | G2A失败 0 | CPA成功 65 | CPA失败 0 | 风控通过 65 | 风控 2
[01:16:33] [*] 已成功 65 个账号，执行定期清理: 关闭浏览器并清理内存
[01:16:34] [*] Python GC 已回收对象数: 12745
[01:16:34] [*] 下一个账号前等待 480 秒...
[01:17:34] [*] 账号间隔等待中… 剩余 420s / 共 480s
[01:18:34] [*] 账号间隔等待中… 剩余 360s / 共 480s
[01:19:34] [*] 账号间隔等待中… 剩余 300s / 共 480s
[01:20:34] [*] 账号间隔等待中… 剩余 240s / 共 480s
[01:21:34] [*] 账号间隔等待中… 剩余 180s / 共 480s
[01:22:34] [*] 账号间隔等待中… 剩余 120s / 共 480s
[01:23:34] [*] 账号间隔等待中… 剩余 60s / 共 480s
[01:24:34] [*] 下号代理: socks5h://109.166.36.243:1091
[01:24:34] --- 开始第 70/2000 个账号 ---
[01:24:34] [*] 1. 打开注册页 (尝试 1/3)
[01:24:39] [static-cache] enabled dir=/home/ubuntu/grok-register-panel/log/static-asset-cache hits=12321 misses=294 max_mb=1024
[01:24:39] [*] 出口IP=142.249.204.75 代理=socks5h://109.166.36.243:1091 | AS45691 | DODO-CORE - DODO K.K. | Tokyo
[01:24:39] [*] 指纹 os=windows platform=Win32 webgl=ANGLE (Intel, Intel(R) HD Graphics Direct3D11 vs_5_0 ps_5_0), or similar fontsWin=True ua=Mozilla/5.0 (Windows NT 10.0; Win64; x64; rv:152.0) Gecko/20100101 Firef… leak=none
[01:24:39] [*] 浏览器已启动
[01:24:47] [*] 当前URL: https://accounts.x.ai/sign-up?redirect=grok-com
[01:24:51] [*] 已点击「使用邮箱注册」按钮（原生事件）: Sign up with email
[01:24:52] [*] 2. 创建邮箱并提交
[01:24:53] [*] 已创建邮箱: staceyhkz392jones+3@outlook.com
[01:25:02] [*] 已填写邮箱并提交: staceyhkz392jones+3@outlook.com (Sign up)
[01:25:02] [*] 邮箱: staceyhkz392jones+3@outlook.com
[01:25:02] [*] 3. 拉取验证码
[01:25:05] [*] Outlook RT 等待验证码… 剩余 176s 邮件 4 封
[01:25:11] [*] Outlook RT 已提取验证码并完成库存记账
[01:25:16] [*] 已填写验证码并提交: 790-312
[01:25:16] [*] 验证码后页面 step=profile path=/sign-up?redirect=grok-com cf=True buttons=['Grok', 'Complete sign up', 'Go back', 'Your privacy choices']
[01:25:16] [*] 验证码: 790-312
[01:25:16] [*] 4. 填写资料
[01:25:29] [*] 已点击资料提交: Alex Fan
[01:25:29] [*] 提交后页面 step=profile path=/sign-up?redirect=grok-com hint=You are signing into Grok Complete your sign up staceyhkz392jones+3@outlook.com First name Last name Password Complete sign upGo back By con
[01:25:36] [*] 提交后页面 step=unknown path=/account hint=((a,b,c,d,e,f,g,h)=>{let i=document.documentElement,j=["light","dark"];function k(b){var c;(Array.isArray(a)?a:[a]).forEach(a=>{let c="class
[01:25:37] [*] 提交后页面 step=unknown path=/account hint=SpaceXAI Toggle theme AF Welcome, Alex. Manage your account. Account Security Sessions Data Return to Redirecting You are being redirected, 
[01:25:40] [*] 提交后页面 step=probe-error path=https://accounts.x.ai/account hint=Page.evaluate: Execution context was destroyed, most likely because of a navigation
[01:25:41] [*] 资料已填: Alex Fan
[01:25:41] [*] registered_emails 已更新: staceyhkz392jones+3@outlook.com sso=empty
[01:25:41] [*] 5. 等待 sso cookie
[01:25:43] [*] 等待 sso 中... 已等 0s，剩余 29s | url=https://accounts.x.ai/account
[01:25:43] [*] 已获取到 sso cookie
[01:25:43] [*] registered_emails 已更新: staceyhkz392jones+3@outlook.com sso=yes
[01:25:43] [*] grok2api Web SSO 上传尝试 1/3
[01:25:43] [*] grok2api 远端上传：登录管理后台（直连，不走代理）
[01:25:44] [+] grok2api 远端登录成功
[01:25:44] [*] grok2api 远端上传：调用 Web SSO 导入接口（直连）
[01:25:45] 【推送Grok2API 成功】
[01:25:45] [+] 已上传 Web SSO: 新增=1, 更新=0, 同步=1, 失败=0
[01:25:45] [*] grok2api Console SSO 上传尝试 1/3
[01:25:45] [*] grok2api 远端上传：登录管理后台（直连，不走代理）
[01:25:45] [+] grok2api 远端登录成功
[01:25:45] [*] grok2api 远端上传：调用 Console SSO 导入接口（直连）
[01:25:46] 【推送Grok2API 成功】
[01:25:46] [+] 已上传 Console SSO: 新增=1, 更新=0, 同步=1, 失败=0
[01:25:46] [风控] 检查新账号注册风控状态 ...
[01:25:47] [风控] ✅ 注册风控状态可用: botFlagSource=0
[01:25:47] [风控] 注册风控状态可用: botFlagSource=0
[01:25:47] [CPA] SSO → 协议 Device Flow 换 token (proxy=socks5h://109.166.36.243:1091) ...
[01:25:47] [CPA] [*] 尝试协议 Device Flow 换 token ...
[01:25:49] [CPA] ✅ sso 有效（协议路径）
[01:25:49] [CPA] 🔑 Device Flow: 申请 device_code / user_code ...
[01:25:50] [CPA] [*] user_code=424H-929Z interval=5s expires_in=1800s
[01:25:50] [CPA] [*] Device Flow: verify user_code ...
[01:25:51] [CPA] ✅ device/verify OK → https://accounts.x.ai/oauth2/device/consent?user_code=424H-929Z
[01:25:51] [CPA] [*] Device Flow: approve allow principal_id=(empty) ...
[01:25:52] [CPA] ✅ device/approve 已允许
[01:25:52] [CPA] [*] Device Flow: 轮询 access/refresh token ...
[01:25:52] [CPA] ✅ access_token (expires_in=21600s) + refresh_token
[01:25:52] [CPA] JWT bfs 检测: clean
[01:25:52] [CPA] 已写入 CPA 本地 /home/ubuntu/grok-register-panel/cpa_auth/xai-staceyhkz392jones_3@outlook.com.json
[01:25:52] [CPA] 已上传 CPA 远程 http://127.0.0.1:18457/.../xai-staceyhkz392jones_3@outlook.com.json
[01:25:52] [CPA] 已写入 Grok2API /home/ubuntu/grok-register-panel/grok2api_auth/g2a-staceyhkz392jones_3@outlook.com.json
[01:25:52] [+] 注册成功: staceyhkz392jones+3@outlook.com
[01:25:52] [结果] status=ok ip=142.249.204.75 port=1091 email=st***@outlook.com kind=success bot=0 risk=- bfs=-
[01:25:52] [*] 当前统计: 成功 66 | 失败 4 || 注册成功 66 | 注册失败 4 | SSO成功 68 | SSO失败 0 | 早期跳过 0 | G2A成功 68 | G2A失败 0 | CPA成功 66 | CPA失败 0 | 风控通过 66 | 风控 2
[01:25:54] [*] 下一个账号前等待 480 秒...
[01:26:54] [*] 账号间隔等待中… 剩余 420s / 共 480s
[01:27:54] [*] 账号间隔等待中… 剩余 360s / 共 480s
[01:28:54] [*] 账号间隔等待中… 剩余 300s / 共 480s
[01:29:54] [*] 账号间隔等待中… 剩余 240s / 共 480s
[01:30:54] [*] 账号间隔等待中… 剩余 180s / 共 480s
[01:31:54] [*] 账号间隔等待中… 剩余 120s / 共 480s
[01:32:54] [*] 账号间隔等待中… 剩余 60s / 共 480s
[01:33:54] [*] 下号代理: socks5h://109.166.36.243:1090
[01:33:54] --- 开始第 71/2000 个账号 ---
[01:33:54] [*] 1. 打开注册页 (尝试 1/3)
[01:33:58] [static-cache] enabled dir=/home/ubuntu/grok-register-panel/log/static-asset-cache hits=12555 misses=304 max_mb=1024
[01:33:58] [*] 出口IP=142.249.204.223 代理=socks5h://109.166.36.243:1090 | AS45691 | DODO-CORE - DODO K.K. | Tokyo
[01:33:58] [*] 指纹 os=windows platform=Win32 webgl=ANGLE (NVIDIA, NVIDIA GeForce GTX 980 Direct3D11 vs_5_0 ps_5_0), or similar fontsWin=True ua=Mozilla/5.0 (Windows NT 10.0; Win64; x64; rv:152.0) Gecko/20100101 Firef… leak=none
[01:33:58] [*] 浏览器已启动
[01:34:07] [*] 当前URL: https://accounts.x.ai/sign-up?redirect=grok-com
[01:34:10] [*] 已点击「使用邮箱注册」按钮（原生事件）: Sign up with email
[01:34:11] [*] 2. 创建邮箱并提交
[01:34:12] [*] 已创建邮箱: aliciag2429scott+3@outlook.com
[01:34:22] [*] 已填写邮箱并提交: aliciag2429scott+3@outlook.com (Sign up)
[01:34:22] [*] 邮箱: aliciag2429scott+3@outlook.com
[01:34:22] [*] 3. 拉取验证码
[01:34:25] [*] Outlook RT 等待验证码… 剩余 177s 邮件 4 封
[01:34:29] [*] Outlook RT 已提取验证码并完成库存记账
[01:34:33] [*] 已填写验证码并提交: 759-175
[01:34:33] [*] 验证码后页面 step=profile path=/sign-up?redirect=grok-com cf=True buttons=['Grok', 'Complete sign up', 'Go back', 'Your privacy choices']
[01:34:33] [*] 验证码: 759-175
[01:34:33] [*] 4. 填写资料
[01:34:47] [*] 已点击资料提交: Kevin Zhao
[01:34:47] [*] 提交后页面 step=profile path=/sign-up?redirect=grok-com hint=You are signing into Grok Complete your sign up aliciag2429scott+3@outlook.com First name Last name Password Complete sign upGo back By cont
[01:34:53] [*] 提交后页面 step=probe-error path=https://accounts.x.ai/sign-up?redirect=grok-com hint=Page.evaluate: Execution context was destroyed, most likely because of a navigation
[01:34:54] [*] 提交后页面 step=unknown path=/account hint=((a,b,c,d,e,f,g,h)=>{let i=document.documentElement,j=["light","dark"];function k(b){var c;(Array.isArray(a)?a:[a]).forEach(a=>{let c="class
[01:34:55] [*] 提交后页面 step=unknown path=/account hint=SpaceXAI Toggle theme KZ Welcome, Kevin. Manage your account. Account Security Sessions Data Return to Redirecting You are being redirected,
[01:34:59] [*] 资料已填: Kevin Zhao
[01:34:59] [*] registered_emails 已更新: aliciag2429scott+3@outlook.com sso=empty
[01:34:59] [*] 5. 等待 sso cookie
[01:34:59] [*] 等待 sso 中... 已等 0s，剩余 29s | url=https://accounts.x.ai/account
[01:34:59] [*] 已获取到 sso cookie
[01:34:59] [*] registered_emails 已更新: aliciag2429scott+3@outlook.com sso=yes
[01:34:59] [*] grok2api Web SSO 上传尝试 1/3
[01:34:59] [*] grok2api 远端上传：登录管理后台（直连，不走代理）
[01:34:59] [+] grok2api 远端登录成功
[01:34:59] [*] grok2api 远端上传：调用 Web SSO 导入接口（直连）
[01:35:00] 【推送Grok2API 成功】
[01:35:00] [+] 已上传 Web SSO: 新增=1, 更新=0, 同步=1, 失败=0
[01:35:00] [*] grok2api Console SSO 上传尝试 1/3
[01:35:00] [*] grok2api 远端上传：登录管理后台（直连，不走代理）
[01:35:00] [+] grok2api 远端登录成功
[01:35:00] [*] grok2api 远端上传：调用 Console SSO 导入接口（直连）
[01:35:01] 【推送Grok2API 成功】
[01:35:01] [+] 已上传 Console SSO: 新增=1, 更新=0, 同步=1, 失败=0
[01:35:01] [风控] 检查新账号注册风控状态 ...
[01:35:02] [风控] ✅ 注册风控状态可用: botFlagSource=0
[01:35:02] [风控] 注册风控状态可用: botFlagSource=0
[01:35:02] [CPA] SSO → 协议 Device Flow 换 token (proxy=socks5h://109.166.36.243:1090) ...
[01:35:02] [CPA] [*] 尝试协议 Device Flow 换 token ...
[01:35:04] [CPA] ✅ sso 有效（协议路径）
[01:35:04] [CPA] 🔑 Device Flow: 申请 device_code / user_code ...
[01:35:06] [CPA] [*] user_code=TP5W-457B interval=5s expires_in=1800s
[01:35:06] [CPA] [*] Device Flow: verify user_code ...
[01:35:07] [CPA] ✅ device/verify OK → https://accounts.x.ai/oauth2/device/consent?user_code=TP5W-457B
[01:35:07] [CPA] [*] Device Flow: approve allow principal_id=(empty) ...
[01:35:08] [CPA] ✅ device/approve 已允许
[01:35:08] [CPA] [*] Device Flow: 轮询 access/refresh token ...
[01:35:09] [CPA] ✅ access_token (expires_in=21600s) + refresh_token
[01:35:09] [CPA] JWT bfs 检测: clean
[01:35:09] [CPA] 已写入 CPA 本地 /home/ubuntu/grok-register-panel/cpa_auth/xai-aliciag2429scott_3@outlook.com.json
[01:35:09] [CPA] 已上传 CPA 远程 http://127.0.0.1:18457/.../xai-aliciag2429scott_3@outlook.com.json
[01:35:09] [CPA] 已写入 Grok2API /home/ubuntu/grok-register-panel/grok2api_auth/g2a-aliciag2429scott_3@outlook.com.json
[01:35:09] [+] 注册成功: aliciag2429scott+3@outlook.com
[01:35:09] [结果] status=ok ip=142.249.204.223 port=1090 email=al***@outlook.com kind=success bot=0 risk=- bfs=-
[01:35:09] [*] 当前统计: 成功 67 | 失败 4 || 注册成功 67 | 注册失败 4 | SSO成功 69 | SSO失败 0 | 早期跳过 0 | G2A成功 69 | G2A失败 0 | CPA成功 67 | CPA失败 0 | 风控通过 67 | 风控 2
[01:35:10] [*] 下一个账号前等待 480 秒...
[01:36:10] [*] 账号间隔等待中… 剩余 420s / 共 480s
[01:37:10] [*] 账号间隔等待中… 剩余 360s / 共 480s
[01:38:10] [*] 账号间隔等待中… 剩余 300s / 共 480s
[01:39:10] [*] 账号间隔等待中… 剩余 240s / 共 480s
[01:40:10] [*] 账号间隔等待中… 剩余 180s / 共 480s
[01:41:10] [*] 账号间隔等待中… 剩余 120s / 共 480s
[01:42:10] [*] 账号间隔等待中… 剩余 60s / 共 480s
[01:43:10] [*] 下号代理: socks5h://15.204.89.179:1178
[01:43:10] --- 开始第 72/2000 个账号 ---
[01:43:10] [*] 1. 打开注册页 (尝试 1/3)
[01:43:15] [static-cache] enabled dir=/home/ubuntu/grok-register-panel/log/static-asset-cache hits=12659 misses=304 max_mb=1024
[01:43:15] [*] 出口IP=12.104.4.66 代理=socks5h://15.204.89.179:1178 | AS7018 | AT&T Enterprises, LLC | Boston
[01:43:15] [*] 指纹 os=windows platform=Win32 webgl=ANGLE (Intel, Intel(R) HD Graphics 400 Direct3D11 vs_5_0 ps_5_0), or similar fontsWin=True ua=Mozilla/5.0 (Windows NT 10.0; Win64; x64; rv:152.0) Gecko/20100101 Firef… leak=none
[01:43:15] [*] 浏览器已启动
[01:43:20] [*] 当前URL: https://accounts.x.ai/sign-up?redirect=grok-com
[01:43:25] [*] 已点击「使用邮箱注册」按钮（原生事件）: Sign up with email
[01:43:26] [*] 2. 创建邮箱并提交
[01:43:27] [*] 已创建邮箱: liamv4547barnett+3@outlook.com
[01:43:37] [*] 已填写邮箱并提交: liamv4547barnett+3@outlook.com (Sign up)
[01:43:37] [*] 邮箱: liamv4547barnett+3@outlook.com
[01:43:37] [*] 3. 拉取验证码
[01:43:42] [*] Outlook RT 等待验证码… 剩余 175s 邮件 4 封
[01:43:47] [*] Outlook RT 已提取验证码并完成库存记账
[01:43:51] [*] 已填写验证码并提交: 906-881
[01:43:51] [*] 验证码后页面 step=profile path=/sign-up?redirect=grok-com cf=True buttons=['Grok', 'Complete sign up', 'Go back', 'Your privacy choices']
[01:43:51] [*] 验证码: 906-881
[01:43:51] [*] 4. 填写资料
[01:44:03] [*] 已点击资料提交: Caleb Sun
[01:44:03] [*] 提交后页面 step=profile path=/sign-up?redirect=grok-com hint=You are signing into Grok Complete your sign up liamv4547barnett+3@outlook.com First name Last name Password Complete sign upGo back By cont
[01:44:16] [*] 资料已填: Caleb Sun
[01:44:16] [*] registered_emails 已更新: liamv4547barnett+3@outlook.com sso=empty
[01:44:16] [*] 5. 等待 sso cookie
[01:44:16] [*] 等待 sso 中... 已等 0s，剩余 29s | url=https://accounts.x.ai/sign-up?redirect=grok-com
[01:44:16] [*] 已获取到 sso cookie
[01:44:16] [*] registered_emails 已更新: liamv4547barnett+3@outlook.com sso=yes
[01:44:16] [*] grok2api Web SSO 上传尝试 1/3
[01:44:16] [*] grok2api 远端上传：登录管理后台（直连，不走代理）
[01:44:16] [+] grok2api 远端登录成功
[01:44:16] [*] grok2api 远端上传：调用 Web SSO 导入接口（直连）
[01:44:17] 【推送Grok2API 成功】
[01:44:17] [+] 已上传 Web SSO: 新增=1, 更新=0, 同步=1, 失败=0
[01:44:17] [*] grok2api Console SSO 上传尝试 1/3
[01:44:17] [*] grok2api 远端上传：登录管理后台（直连，不走代理）
[01:44:17] [+] grok2api 远端登录成功
[01:44:17] [*] grok2api 远端上传：调用 Console SSO 导入接口（直连）
[01:44:17] 【推送Grok2API 成功】
[01:44:17] [+] 已上传 Console SSO: 新增=1, 更新=0, 同步=1, 失败=0
[01:44:17] [风控] 检查新账号注册风控状态 ...
[01:44:19] [风控] ✅ 注册风控状态可用: botFlagSource=0
[01:44:19] [风控] 注册风控状态可用: botFlagSource=0
[01:44:19] [CPA] SSO → 协议 Device Flow 换 token (proxy=socks5h://15.204.89.179:1178) ...
[01:44:19] [CPA] [*] 尝试协议 Device Flow 换 token ...
[01:44:20] [CPA] ✅ sso 有效（协议路径）
[01:44:20] [CPA] 🔑 Device Flow: 申请 device_code / user_code ...
[01:44:20] [CPA] [*] user_code=KTXF-H79W interval=5s expires_in=1800s
[01:44:21] [CPA] [*] Device Flow: verify user_code ...
[01:44:21] [CPA] ✅ device/verify OK → https://accounts.x.ai/oauth2/device/consent?user_code=KTXF-H79W
[01:44:21] [CPA] [*] Device Flow: approve allow principal_id=(empty) ...
[01:44:21] [CPA] ✅ device/approve 已允许
[01:44:21] [CPA] [*] Device Flow: 轮询 access/refresh token ...
[01:44:22] [CPA] ✅ access_token (expires_in=21600s) + refresh_token
[01:44:22] [CPA] JWT bfs 检测: clean
[01:44:22] [CPA] 已写入 CPA 本地 /home/ubuntu/grok-register-panel/cpa_auth/xai-liamv4547barnett_3@outlook.com.json
[01:44:22] [CPA] 已上传 CPA 远程 http://127.0.0.1:18457/.../xai-liamv4547barnett_3@outlook.com.json
[01:44:22] [CPA] 已写入 Grok2API /home/ubuntu/grok-register-panel/grok2api_auth/g2a-liamv4547barnett_3@outlook.com.json
[01:44:22] [+] 注册成功: liamv4547barnett+3@outlook.com
[01:44:22] [结果] status=ok ip=12.104.4.66 port=1178 email=li***@outlook.com kind=success bot=0 risk=- bfs=-
[01:44:22] [*] 当前统计: 成功 68 | 失败 4 || 注册成功 68 | 注册失败 4 | SSO成功 70 | SSO失败 0 | 早期跳过 0 | G2A成功 70 | G2A失败 0 | CPA成功 68 | CPA失败 0 | 风控通过 68 | 风控 2
[01:44:23] [*] 下一个账号前等待 480 秒...
[01:45:23] [*] 账号间隔等待中… 剩余 420s / 共 480s
[01:46:23] [*] 账号间隔等待中… 剩余 360s / 共 480s
[01:47:23] [*] 账号间隔等待中… 剩余 300s / 共 480s
[01:48:23] [*] 账号间隔等待中… 剩余 240s / 共 480s
[01:49:23] [*] 账号间隔等待中… 剩余 180s / 共 480s
[01:50:23] [*] 账号间隔等待中… 剩余 120s / 共 480s
[01:51:23] [*] 账号间隔等待中… 剩余 60s / 共 480s
[01:52:23] [*] 下号代理: socks5h://109.166.36.243:1092
[01:52:23] --- 开始第 73/2000 个账号 ---
[01:52:23] [*] 1. 打开注册页 (尝试 1/3)
[01:52:28] [static-cache] enabled dir=/home/ubuntu/grok-register-panel/log/static-asset-cache hits=12714 misses=304 max_mb=1024
[01:52:28] [*] 出口IP=142.249.204.224 代理=socks5h://109.166.36.243:1092 | AS45691 | DODO-CORE - DODO K.K. | Tokyo
[01:52:28] [*] 指纹 os=windows platform=Win32 webgl=ANGLE (Intel, Intel(R) HD Graphics Direct3D11 vs_5_0 ps_5_0), or similar fontsWin=True ua=Mozilla/5.0 (Windows NT 10.0; Win64; x64; rv:152.0) Gecko/20100101 Firef… leak=none
[01:52:28] [*] 浏览器已启动
[01:52:35] [*] 当前URL: https://accounts.x.ai/sign-up?redirect=grok-com
[01:52:38] [*] 已点击「使用邮箱注册」按钮（原生事件）: Sign up with email
[01:52:39] [*] 2. 创建邮箱并提交
[01:52:40] [*] 已创建邮箱: sophie6769ccooper+3@outlook.com
[01:52:49] [*] 已填写邮箱并提交: sophie6769ccooper+3@outlook.com (Sign up)
[01:52:49] [*] 邮箱: sophie6769ccooper+3@outlook.com
[01:52:49] [*] 3. 拉取验证码
[01:52:53] [*] Outlook RT 等待验证码… 剩余 176s 邮件 4 封
[01:52:57] [*] Outlook RT 已提取验证码并完成库存记账
[01:53:01] [*] 已填写验证码并提交: 693-886
[01:53:01] [*] 验证码后页面 step=profile path=/sign-up?redirect=grok-com cf=True buttons=['Grok', 'Complete sign up', 'Go back', 'Your privacy choices']
[01:53:01] [*] 验证码: 693-886
[01:53:01] [*] 4. 填写资料
[01:53:14] [*] 已点击资料提交: Jason Ren
[01:53:14] [*] 提交后页面 step=profile path=/sign-up?redirect=grok-com hint=You are signing into Grok Complete your sign up sophie6769ccooper+3@outlook.com First name Last name Password Complete sign upGo back By con
[01:53:22] [*] 提交后页面 step=unknown path=/account hint=((a,b,c,d,e,f,g,h)=>{let i=document.documentElement,j=["light","dark"];function k(b){var c;(Array.isArray(a)?a:[a]).forEach(a=>{let c="class
[01:53:22] [*] 提交后页面 step=unknown path=/account hint=SpaceXAI Toggle theme JR Welcome, Jason. Manage your account. Account Security Sessions Data Return to Redirecting You are being redirected,
[01:53:27] [*] 资料已填: Jason Ren
[01:53:27] [*] registered_emails 已更新: sophie6769ccooper+3@outlook.com sso=empty
[01:53:27] [*] 5. 等待 sso cookie
[01:53:27] [*] 等待 sso 中... 已等 0s，剩余 29s | url=https://grok.com/
[01:53:28] [*] 已获取到 sso cookie
[01:53:28] [*] registered_emails 已更新: sophie6769ccooper+3@outlook.com sso=yes
[01:53:28] [*] grok2api Web SSO 上传尝试 1/3
[01:53:28] [*] grok2api 远端上传：登录管理后台（直连，不走代理）
[01:53:28] [+] grok2api 远端登录成功
[01:53:28] [*] grok2api 远端上传：调用 Web SSO 导入接口（直连）
[01:53:29] 【推送Grok2API 成功】
[01:53:29] [+] 已上传 Web SSO: 新增=1, 更新=0, 同步=1, 失败=0
[01:53:29] [*] grok2api Console SSO 上传尝试 1/3
[01:53:29] [*] grok2api 远端上传：登录管理后台（直连，不走代理）
[01:53:29] [+] grok2api 远端登录成功
[01:53:29] [*] grok2api 远端上传：调用 Console SSO 导入接口（直连）
[01:53:30] 【推送Grok2API 成功】
[01:53:30] [+] 已上传 Console SSO: 新增=1, 更新=0, 同步=1, 失败=0
[01:53:30] [风控] 检查新账号注册风控状态 ...
[01:53:31] [风控] ✅ 注册风控状态可用: botFlagSource=0
[01:53:31] [风控] 注册风控状态可用: botFlagSource=0
[01:53:31] [CPA] SSO → 协议 Device Flow 换 token (proxy=socks5h://109.166.36.243:1092) ...
[01:53:31] [CPA] [*] 尝试协议 Device Flow 换 token ...
[01:53:32] [CPA] ✅ sso 有效（协议路径）
[01:53:33] [CPA] 🔑 Device Flow: 申请 device_code / user_code ...
[01:53:33] [CPA] [*] user_code=VDXT-R578 interval=5s expires_in=1800s
[01:53:34] [CPA] [*] Device Flow: verify user_code ...
[01:53:34] [CPA] ✅ device/verify OK → https://accounts.x.ai/oauth2/device/consent?user_code=VDXT-R578
[01:53:34] [CPA] [*] Device Flow: approve allow principal_id=(empty) ...
[01:53:35] [CPA] ✅ device/approve 已允许
[01:53:35] [CPA] [*] Device Flow: 轮询 access/refresh token ...
[01:53:36] [CPA] ✅ access_token (expires_in=21600s) + refresh_token
[01:53:36] [CPA] JWT bfs 检测: clean
[01:53:36] [CPA] 已写入 CPA 本地 /home/ubuntu/grok-register-panel/cpa_auth/xai-sophie6769ccooper_3@outlook.com.json
[01:53:36] [CPA] 已上传 CPA 远程 http://127.0.0.1:18457/.../xai-sophie6769ccooper_3@outlook.com.json
[01:53:36] [CPA] 已写入 Grok2API /home/ubuntu/grok-register-panel/grok2api_auth/g2a-sophie6769ccooper_3@outlook.com.json
[01:53:36] [+] 注册成功: sophie6769ccooper+3@outlook.com
[01:53:36] [结果] status=ok ip=142.249.204.224 port=1092 email=so***@outlook.com kind=success bot=0 risk=- bfs=-
[01:53:36] [*] 当前统计: 成功 69 | 失败 4 || 注册成功 69 | 注册失败 4 | SSO成功 71 | SSO失败 0 | 早期跳过 0 | G2A成功 71 | G2A失败 0 | CPA成功 69 | CPA失败 0 | 风控通过 69 | 风控 2
[01:53:39] [*] 下一个账号前等待 480 秒...
[01:54:39] [*] 账号间隔等待中… 剩余 420s / 共 480s
[01:55:39] [*] 账号间隔等待中… 剩余 360s / 共 480s
[01:56:39] [*] 账号间隔等待中… 剩余 300s / 共 480s
[01:57:39] [*] 账号间隔等待中… 剩余 240s / 共 480s
[01:58:39] [*] 账号间隔等待中… 剩余 180s / 共 480s
[01:59:39] [*] 账号间隔等待中… 剩余 120s / 共 480s
[02:00:39] [*] 账号间隔等待中… 剩余 60s / 共 480s
[02:01:39] [*] 下号代理: socks5h://15.204.89.179:1191
[02:01:39] --- 开始第 74/2000 个账号 ---
[02:01:39] [*] 1. 打开注册页 (尝试 1/3)
[02:01:43] [static-cache] enabled dir=/home/ubuntu/grok-register-panel/log/static-asset-cache hits=12945 misses=317 max_mb=1024
[02:01:43] [*] 出口IP=12.104.4.97 代理=socks5h://15.204.89.179:1191 | AS7018 | AT&T Enterprises, LLC | Boston
[02:01:44] [*] 指纹 os=windows platform=Win32 webgl=ANGLE (AMD, Radeon HD 3200 Graphics Direct3D11 vs_5_0 ps_5_0), or similar fontsWin=True ua=Mozilla/5.0 (Windows NT 10.0; Win64; x64; rv:152.0) Gecko/20100101 Firef… leak=none
[02:01:44] [*] 浏览器已启动
[02:01:52] [*] 当前URL: https://accounts.x.ai/sign-up?redirect=grok-com
[02:01:55] [*] 已点击「使用邮箱注册」按钮（原生事件）: Sign up with email
[02:01:55] [*] 2. 创建邮箱并提交
[02:01:56] [*] 已创建邮箱: amyu57002ferguson+3@outlook.com
[02:02:06] [*] 已填写邮箱并提交: amyu57002ferguson+3@outlook.com (Sign up)
[02:02:06] [*] 邮箱: amyu57002ferguson+3@outlook.com
[02:02:06] [*] 3. 拉取验证码
[02:02:09] [*] Outlook RT 等待验证码… 剩余 176s 邮件 4 封
[02:02:14] [*] Outlook RT 已提取验证码并完成库存记账
[02:02:17] [*] 已填写验证码并提交: 901-608
[02:02:17] [*] 验证码后页面 step=profile path=/sign-up?redirect=grok-com cf=True buttons=['Grok', 'Complete sign up', 'Go back', 'Your privacy choices']
[02:02:17] [*] 验证码: 901-608
[02:02:17] [*] 4. 填写资料
[02:02:30] [*] 已点击资料提交: Alex Fang
[02:02:30] [*] 提交后页面 step=profile path=/sign-up?redirect=grok-com hint=You are signing into Grok Complete your sign up amyu57002ferguson+3@outlook.com First name Last name Password Complete sign upGo back By con
[02:02:36] [*] 提交后页面 step=unknown path=/account hint=((a,b,c,d,e,f,g,h)=>{let i=document.documentElement,j=["light","dark"];function k(b){var c;(Array.isArray(a)?a:[a]).forEach(a=>{let c="class
[02:02:37] [*] 提交后页面 step=unknown path=/account hint=SpaceXAI Toggle theme AF Welcome, Alex. Manage your account. Account Security Sessions Data Return to Redirecting You are being redirected, 
[02:02:41] [*] 提交后页面 step=probe-error path=https://accounts.x.ai/account hint=Page.evaluate: Execution context was destroyed, most likely because of a navigation
[02:02:42] [*] 资料已填: Alex Fang
[02:02:42] [*] registered_emails 已更新: amyu57002ferguson+3@outlook.com sso=empty
[02:02:42] [*] 5. 等待 sso cookie
[02:02:43] [*] 等待 sso 中... 已等 0s，剩余 29s | url=https://accounts.x.ai/account
[02:02:45] [*] 已获取到 sso cookie
[02:02:45] [*] registered_emails 已更新: amyu57002ferguson+3@outlook.com sso=yes
[02:02:45] [*] grok2api Web SSO 上传尝试 1/3
[02:02:45] [*] grok2api 远端上传：登录管理后台（直连，不走代理）
[02:02:45] [+] grok2api 远端登录成功
[02:02:45] [*] grok2api 远端上传：调用 Web SSO 导入接口（直连）
[02:02:46] 【推送Grok2API 成功】
[02:02:46] [+] 已上传 Web SSO: 新增=1, 更新=0, 同步=1, 失败=0
[02:02:46] [*] grok2api Console SSO 上传尝试 1/3
[02:02:46] [*] grok2api 远端上传：登录管理后台（直连，不走代理）
[02:02:47] [+] grok2api 远端登录成功
[02:02:47] [*] grok2api 远端上传：调用 Console SSO 导入接口（直连）
[02:02:47] 【推送Grok2API 成功】
[02:02:47] [+] 已上传 Console SSO: 新增=1, 更新=0, 同步=1, 失败=0
[02:02:47] [风控] 检查新账号注册风控状态 ...
[02:02:48] [风控] ✅ 注册风控状态可用: botFlagSource=0
[02:02:48] [风控] 注册风控状态可用: botFlagSource=0
[02:02:48] [CPA] SSO → 协议 Device Flow 换 token (proxy=socks5h://15.204.89.179:1191) ...
[02:02:48] [CPA] [*] 尝试协议 Device Flow 换 token ...
[02:02:49] [CPA] ✅ sso 有效（协议路径）
[02:02:49] [CPA] 🔑 Device Flow: 申请 device_code / user_code ...
[02:02:50] [CPA] [*] user_code=QAGQ-D382 interval=5s expires_in=1800s
[02:02:50] [CPA] [*] Device Flow: verify user_code ...
[02:02:51] [CPA] ✅ device/verify OK → https://accounts.x.ai/oauth2/device/consent?user_code=QAGQ-D382
[02:02:51] [CPA] [*] Device Flow: approve allow principal_id=(empty) ...
[02:02:51] [CPA] ✅ device/approve 已允许
[02:02:51] [CPA] [*] Device Flow: 轮询 access/refresh token ...
[02:02:51] [CPA] ✅ access_token (expires_in=21600s) + refresh_token
[02:02:51] [CPA] JWT bfs 检测: clean
[02:02:51] [CPA] 已写入 CPA 本地 /home/ubuntu/grok-register-panel/cpa_auth/xai-amyu57002ferguson_3@outlook.com.json
[02:02:51] [CPA] 已上传 CPA 远程 http://127.0.0.1:18457/.../xai-amyu57002ferguson_3@outlook.com.json
[02:02:51] [CPA] 已写入 Grok2API /home/ubuntu/grok-register-panel/grok2api_auth/g2a-amyu57002ferguson_3@outlook.com.json
[02:02:51] [+] 注册成功: amyu57002ferguson+3@outlook.com
[02:02:51] [结果] status=ok ip=12.104.4.97 port=1191 email=am***@outlook.com kind=success bot=0 risk=- bfs=-
[02:02:51] [*] 当前统计: 成功 70 | 失败 4 || 注册成功 70 | 注册失败 4 | SSO成功 72 | SSO失败 0 | 早期跳过 0 | G2A成功 72 | G2A失败 0 | CPA成功 70 | CPA失败 0 | 风控通过 70 | 风控 2
[02:02:51] [*] 已成功 70 个账号，执行定期清理: 关闭浏览器并清理内存
[02:02:53] [*] Python GC 已回收对象数: 25817
[02:02:53] [*] 下一个账号前等待 480 秒...
[02:03:53] [*] 账号间隔等待中… 剩余 420s / 共 480s
[02:04:53] [*] 账号间隔等待中… 剩余 360s / 共 480s
[02:05:53] [*] 账号间隔等待中… 剩余 300s / 共 480s
[02:06:54] [*] 账号间隔等待中… 剩余 240s / 共 480s
[02:07:54] [*] 账号间隔等待中… 剩余 180s / 共 480s
[02:08:54] [*] 账号间隔等待中… 剩余 120s / 共 480s
[02:09:54] [*] 账号间隔等待中… 剩余 60s / 共 480s
[02:10:53] [*] 下号代理: socks5h://109.166.36.243:1091
[02:10:53] --- 开始第 75/2000 个账号 ---
[02:10:53] [*] 1. 打开注册页 (尝试 1/3)
[02:10:58] [static-cache] enabled dir=/home/ubuntu/grok-register-panel/log/static-asset-cache hits=13176 misses=330 max_mb=1024
[02:10:58] [*] 出口IP=142.249.204.75 代理=socks5h://109.166.36.243:1091 | AS45691 | DODO-CORE - DODO K.K. | Tokyo
[02:10:58] [*] 指纹 os=windows platform=Win32 webgl=ANGLE (NVIDIA, NVIDIA GeForce GTX 980 Direct3D11 vs_5_0 ps_5_0), or similar fontsWin=True ua=Mozilla/5.0 (Windows NT 10.0; Win64; x64; rv:152.0) Gecko/20100101 Firef… leak=none
[02:10:58] [*] 浏览器已启动
[02:11:06] [*] 当前URL: https://accounts.x.ai/sign-up?redirect=grok-com
[02:11:09] [*] 已点击「使用邮箱注册」按钮（原生事件）: Sign up with email
[02:11:10] [*] 2. 创建邮箱并提交
[02:11:11] [*] 已创建邮箱: olivier4629392ct+3@outlook.com
[02:11:20] [*] 已填写邮箱并提交: olivier4629392ct+3@outlook.com (Sign up)
[02:11:20] [*] 邮箱: olivier4629392ct+3@outlook.com
[02:11:20] [*] 3. 拉取验证码
[02:11:24] [*] Outlook RT 等待验证码… 剩余 176s 邮件 4 封
[02:11:35] [*] Outlook RT 已提取验证码并完成库存记账
[02:11:39] [*] 已填写验证码并提交: 748-992
[02:11:39] [*] 验证码后页面 step=profile path=/sign-up?redirect=grok-com cf=True buttons=['Grok', 'Complete sign up', 'Go back', 'Your privacy choices']
[02:11:39] [*] 验证码: 748-992
[02:11:39] [*] 4. 填写资料
[02:11:52] [*] 已点击资料提交: Nathan Zeng
[02:11:52] [*] 提交后页面 step=profile path=/sign-up?redirect=grok-com hint=You are signing into Grok Complete your sign up olivier4629392ct+3@outlook.com First name Last name Password Complete sign upGo back By cont
[02:11:58] [*] 提交后页面 step=probe-error path=https://accounts.x.ai/sign-up?redirect=grok-com hint=Page.evaluate: Execution context was destroyed, most likely because of a navigation
[02:11:59] [*] 提交后页面 step=unknown path=/account hint=((a,b,c,d,e,f,g,h)=>{let i=document.documentElement,j=["light","dark"];function k(b){var c;(Array.isArray(a)?a:[a]).forEach(a=>{let c="class
[02:12:00] [*] 提交后页面 step=unknown path=/account hint=SpaceXAI Toggle theme NZ Welcome, Nathan. Manage your account. Account Security Sessions Data Return to Redirecting You are being redirected
[02:12:04] [*] 资料已填: Nathan Zeng
[02:12:04] [*] registered_emails 已更新: olivier4629392ct+3@outlook.com sso=empty
[02:12:04] [*] 5. 等待 sso cookie
[02:12:04] [*] 等待 sso 中... 已等 0s，剩余 29s | url=https://grok.com/
[02:12:05] [*] 已获取到 sso cookie
[02:12:06] [*] registered_emails 已更新: olivier4629392ct+3@outlook.com sso=yes
[02:12:06] [*] grok2api Web SSO 上传尝试 1/3
[02:12:06] [*] grok2api 远端上传：登录管理后台（直连，不走代理）
[02:12:06] [+] grok2api 远端登录成功
[02:12:06] [*] grok2api 远端上传：调用 Web SSO 导入接口（直连）
[02:12:07] 【推送Grok2API 成功】
[02:12:07] [+] 已上传 Web SSO: 新增=1, 更新=0, 同步=1, 失败=0
[02:12:07] [*] grok2api Console SSO 上传尝试 1/3
[02:12:07] [*] grok2api 远端上传：登录管理后台（直连，不走代理）
[02:12:07] [+] grok2api 远端登录成功
[02:12:07] [*] grok2api 远端上传：调用 Console SSO 导入接口（直连）
[02:12:07] 【推送Grok2API 成功】
[02:12:07] [+] 已上传 Console SSO: 新增=1, 更新=0, 同步=1, 失败=0
[02:12:07] [风控] 检查新账号注册风控状态 ...
[02:12:09] [风控] ✅ 注册风控状态可用: botFlagSource=0
[02:12:09] [风控] 注册风控状态可用: botFlagSource=0
[02:12:09] [CPA] SSO → 协议 Device Flow 换 token (proxy=socks5h://109.166.36.243:1091) ...
[02:12:09] [CPA] [*] 尝试协议 Device Flow 换 token ...
[02:12:10] [CPA] ✅ sso 有效（协议路径）
[02:12:10] [CPA] 🔑 Device Flow: 申请 device_code / user_code ...
[02:12:11] [CPA] [*] user_code=79JV-Z55F interval=5s expires_in=1800s
[02:12:11] [CPA] [*] Device Flow: verify user_code ...
[02:12:12] [CPA] ✅ device/verify OK → https://accounts.x.ai/oauth2/device/consent?user_code=79JV-Z55F
[02:12:12] [CPA] [*] Device Flow: approve allow principal_id=(empty) ...
[02:12:13] [CPA] ✅ device/approve 已允许
[02:12:13] [CPA] [*] Device Flow: 轮询 access/refresh token ...
[02:12:13] [CPA] ✅ access_token (expires_in=21600s) + refresh_token
[02:12:13] [CPA] JWT bfs 检测: clean
[02:12:13] [CPA] 已写入 CPA 本地 /home/ubuntu/grok-register-panel/cpa_auth/xai-olivier4629392ct_3@outlook.com.json
[02:12:13] [CPA] 已上传 CPA 远程 http://127.0.0.1:18457/.../xai-olivier4629392ct_3@outlook.com.json
[02:12:13] [CPA] 已写入 Grok2API /home/ubuntu/grok-register-panel/grok2api_auth/g2a-olivier4629392ct_3@outlook.com.json
[02:12:13] [+] 注册成功: olivier4629392ct+3@outlook.com
[02:12:13] [结果] status=ok ip=142.249.204.75 port=1091 email=ol***@outlook.com kind=success bot=0 risk=- bfs=-
[02:12:13] [*] 当前统计: 成功 71 | 失败 4 || 注册成功 71 | 注册失败 4 | SSO成功 73 | SSO失败 0 | 早期跳过 0 | G2A成功 73 | G2A失败 0 | CPA成功 71 | CPA失败 0 | 风控通过 71 | 风控 2
[02:12:15] [*] 下一个账号前等待 480 秒...
[02:13:15] [*] 账号间隔等待中… 剩余 420s / 共 480s
[02:14:16] [*] 账号间隔等待中… 剩余 360s / 共 480s
[02:15:16] [*] 账号间隔等待中… 剩余 300s / 共 480s
[02:16:16] [*] 账号间隔等待中… 剩余 240s / 共 480s
[02:17:16] [*] 账号间隔等待中… 剩余 180s / 共 480s
[02:18:16] [*] 账号间隔等待中… 剩余 120s / 共 480s
[02:19:16] [*] 账号间隔等待中… 剩余 60s / 共 480s
[02:20:15] [*] 下号代理: socks5h://109.166.36.243:1090
[02:20:15] --- 开始第 76/2000 个账号 ---
[02:20:15] [*] 1. 打开注册页 (尝试 1/3)
[02:20:20] [static-cache] enabled dir=/home/ubuntu/grok-register-panel/log/static-asset-cache hits=13409 misses=339 max_mb=1024
[02:20:20] [*] 出口IP=142.249.204.223 代理=socks5h://109.166.36.243:1090 | AS45691 | DODO-CORE - DODO K.K. | Tokyo
[02:20:20] [*] 指纹 os=windows platform=Win32 webgl=ANGLE (Intel, Intel(R) HD Graphics Direct3D11 vs_5_0 ps_5_0), or similar fontsWin=True ua=Mozilla/5.0 (Windows NT 10.0; Win64; x64; rv:152.0) Gecko/20100101 Firef… leak=none
[02:20:20] [*] 浏览器已启动
[02:20:25] [*] 当前URL: https://accounts.x.ai/sign-up?redirect=grok-com
[02:20:31] [*] 已点击「使用邮箱注册」按钮（原生事件）: Sign up with email
[02:20:32] [*] 2. 创建邮箱并提交
[02:20:33] [*] 已创建邮箱: aidan9021699williams+3@outlook.com
[02:20:42] [*] 已填写邮箱并提交: aidan9021699williams+3@outlook.com (Sign up)
[02:20:42] [*] 邮箱: aidan9021699williams+3@outlook.com
[02:20:42] [*] 3. 拉取验证码
[02:20:45] [*] Outlook RT 等待验证码… 剩余 176s 邮件 4 封
[02:20:49] [*] Outlook RT 已提取验证码并完成库存记账
[02:20:54] [*] 已填写验证码并提交: 364-944
[02:20:54] [*] 验证码后页面 step=profile path=/sign-up?redirect=grok-com cf=True buttons=['Grok', 'Complete sign up', 'Go back', 'Your privacy choices']
[02:20:54] [*] 验证码: 364-944
[02:20:54] [*] 4. 填写资料
[02:21:10] [*] 已点击资料提交: Nolan Qin
[02:21:10] [*] 提交后页面 step=profile path=/sign-up?redirect=grok-com hint=You are signing into Grok Complete your sign up aidan9021699williams+3@outlook.com First name Last name Password Complete sign upGo back By 
[02:21:17] [*] 提交后页面 step=probe-error path=https://accounts.x.ai/sign-up?redirect=grok-com hint=Page.evaluate: Execution context was destroyed, most likely because of a navigation
[02:21:18] [*] 提交后页面 step=unknown path=/account hint=((a,b,c,d,e,f,g,h)=>{let i=document.documentElement,j=["light","dark"];function k(b){var c;(Array.isArray(a)?a:[a]).forEach(a=>{let c="class
[02:21:19] [*] 提交后页面 step=unknown path=/account hint=SpaceXAI Toggle theme NQ Welcome, Nolan. Manage your account. Account Security Sessions Data Return to Redirecting You are being redirected,
[02:21:23] [*] 资料已填: Nolan Qin
[02:21:23] [*] registered_emails 已更新: aidan9021699williams+3@outlook.com sso=empty
[02:21:23] [*] 5. 等待 sso cookie
[02:21:23] [*] 等待 sso 中... 已等 0s，剩余 29s | url=https://accounts.x.ai/account
[02:21:23] [*] 已获取到 sso cookie
[02:21:23] [*] registered_emails 已更新: aidan9021699williams+3@outlook.com sso=yes
[02:21:23] [*] grok2api Web SSO 上传尝试 1/3
[02:21:23] [*] grok2api 远端上传：登录管理后台（直连，不走代理）
[02:21:23] [+] grok2api 远端登录成功
[02:21:23] [*] grok2api 远端上传：调用 Web SSO 导入接口（直连）
[02:21:24] 【推送Grok2API 成功】
[02:21:24] [+] 已上传 Web SSO: 新增=1, 更新=0, 同步=1, 失败=0
[02:21:24] [*] grok2api Console SSO 上传尝试 1/3
[02:21:24] [*] grok2api 远端上传：登录管理后台（直连，不走代理）
[02:21:24] [+] grok2api 远端登录成功
[02:21:24] [*] grok2api 远端上传：调用 Console SSO 导入接口（直连）
[02:21:25] 【推送Grok2API 成功】
[02:21:25] [+] 已上传 Console SSO: 新增=1, 更新=0, 同步=1, 失败=0
[02:21:25] [风控] 检查新账号注册风控状态 ...
[02:21:26] [风控] ✅ 注册风控状态可用: botFlagSource=0
[02:21:26] [风控] 注册风控状态可用: botFlagSource=0
[02:21:26] [CPA] SSO → 协议 Device Flow 换 token (proxy=socks5h://109.166.36.243:1090) ...
[02:21:26] [CPA] [*] 尝试协议 Device Flow 换 token ...
[02:21:28] [CPA] ✅ sso 有效（协议路径）
[02:21:28] [CPA] 🔑 Device Flow: 申请 device_code / user_code ...
[02:21:29] [CPA] [*] user_code=GJQR-R68Q interval=5s expires_in=1800s
[02:21:29] [CPA] [*] Device Flow: verify user_code ...
[02:21:30] [CPA] ✅ device/verify OK → https://accounts.x.ai/oauth2/device/consent?user_code=GJQR-R68Q
[02:21:30] [CPA] [*] Device Flow: approve allow principal_id=(empty) ...
[02:21:31] [CPA] ✅ device/approve 已允许
[02:21:31] [CPA] [*] Device Flow: 轮询 access/refresh token ...
[02:21:32] [CPA] ✅ access_token (expires_in=21600s) + refresh_token
[02:21:32] [CPA] JWT bfs 检测: clean
[02:21:32] [CPA] 已写入 CPA 本地 /home/ubuntu/grok-register-panel/cpa_auth/xai-aidan9021699williams_3@outlook.com.json
[02:21:32] [CPA] 已上传 CPA 远程 http://127.0.0.1:18457/.../xai-aidan9021699williams_3@outlook.com.json
[02:21:32] [CPA] 已写入 Grok2API /home/ubuntu/grok-register-panel/grok2api_auth/g2a-aidan9021699williams_3@outlook.com.json
[02:21:32] [+] 注册成功: aidan9021699williams+3@outlook.com
[02:21:32] [结果] status=ok ip=142.249.204.223 port=1090 email=ai***@outlook.com kind=success bot=0 risk=- bfs=-
[02:21:32] [*] 当前统计: 成功 72 | 失败 4 || 注册成功 72 | 注册失败 4 | SSO成功 74 | SSO失败 0 | 早期跳过 0 | G2A成功 74 | G2A失败 0 | CPA成功 72 | CPA失败 0 | 风控通过 72 | 风控 2
[02:21:33] [*] 下一个账号前等待 480 秒...
[02:22:33] [*] 账号间隔等待中… 剩余 420s / 共 480s
[02:23:33] [*] 账号间隔等待中… 剩余 360s / 共 480s
[02:24:33] [*] 账号间隔等待中… 剩余 300s / 共 480s
[02:25:33] [*] 账号间隔等待中… 剩余 240s / 共 480s
[02:26:33] [*] 账号间隔等待中… 剩余 180s / 共 480s
[02:27:33] [*] 账号间隔等待中… 剩余 120s / 共 480s
[02:28:33] [*] 账号间隔等待中… 剩余 60s / 共 480s
[02:29:33] [*] 下号代理: socks5h://15.204.89.179:1178
[02:29:33] --- 开始第 77/2000 个账号 ---
[02:29:33] [*] 1. 打开注册页 (尝试 1/3)
[02:29:37] [static-cache] enabled dir=/home/ubuntu/grok-register-panel/log/static-asset-cache hits=13512 misses=339 max_mb=1024
[02:29:37] [*] 出口IP=12.104.4.66 代理=socks5h://15.204.89.179:1178 | AS7018 | AT&T Enterprises, LLC | Boston
[02:29:37] [*] 指纹 os=windows platform=Win32 webgl=ANGLE (Intel, Intel(R) HD Graphics Direct3D11 vs_5_0 ps_5_0), or similar fontsWin=True ua=Mozilla/5.0 (Windows NT 10.0; Win64; x64; rv:152.0) Gecko/20100101 Firef… leak=none
[02:29:37] [*] 浏览器已启动
[02:29:44] [*] 当前URL: https://accounts.x.ai/sign-up?redirect=grok-com
[02:29:48] [*] 已点击「使用邮箱注册」按钮（原生事件）: Sign up with email
[02:29:49] [*] 2. 创建邮箱并提交
[02:29:50] [*] 已创建邮箱: irene2979833stanley+3@outlook.com
[02:29:59] [*] 已填写邮箱并提交: irene2979833stanley+3@outlook.com (Sign up)
[02:29:59] [*] 邮箱: irene2979833stanley+3@outlook.com
[02:29:59] [*] 3. 拉取验证码
[02:30:03] [*] Outlook RT 等待验证码… 剩余 176s 邮件 4 封
[02:30:09] [*] Outlook RT 已提取验证码并完成库存记账
[02:30:13] [*] 已填写验证码并提交: 730-651
[02:30:13] [*] 验证码后页面 step=profile path=/sign-up?redirect=grok-com cf=True buttons=['Grok', 'Complete sign up', 'Go back', 'Your privacy choices']
[02:30:13] [*] 验证码: 730-651
[02:30:13] [*] 4. 填写资料
[02:30:26] [*] 已点击资料提交: Aron Zhou
[02:30:26] [*] 提交后页面 step=profile path=/sign-up?redirect=grok-com hint=You are signing into Grok Complete your sign up irene2979833stanley+3@outlook.com First name Last name Password Complete sign upGo back By c
[02:30:32] [*] 提交后页面 step=unknown path=/account hint=((a,b,c,d,e,f,g,h)=>{let i=document.documentElement,j=["light","dark"];function k(b){var c;(Array.isArray(a)?a:[a]).forEach(a=>{let c="class
[02:30:33] [*] 提交后页面 step=unknown path=/account hint=SpaceXAI Toggle theme AZ Welcome, Aron. Manage your account. Account Security Sessions Data Return to Redirecting You are being redirected, 
[02:30:38] [*] 提交后页面 step=unknown path=/ hint=Skip to main content
[02:30:38] [*] 资料已填: Aron Zhou
[02:30:38] [*] registered_emails 已更新: irene2979833stanley+3@outlook.com sso=empty
[02:30:38] [*] 5. 等待 sso cookie
[02:30:38] [*] 等待 sso 中... 已等 0s，剩余 29s | url=https://grok.com/
[02:30:38] [*] 已获取到 sso cookie
[02:30:38] [*] registered_emails 已更新: irene2979833stanley+3@outlook.com sso=yes
[02:30:38] [*] grok2api Web SSO 上传尝试 1/3
[02:30:38] [*] grok2api 远端上传：登录管理后台（直连，不走代理）
[02:30:38] [+] grok2api 远端登录成功
[02:30:38] [*] grok2api 远端上传：调用 Web SSO 导入接口（直连）
[02:30:39] 【推送Grok2API 成功】
[02:30:39] [+] 已上传 Web SSO: 新增=1, 更新=0, 同步=1, 失败=0
[02:30:39] [*] grok2api Console SSO 上传尝试 1/3
[02:30:39] [*] grok2api 远端上传：登录管理后台（直连，不走代理）
[02:30:39] [+] grok2api 远端登录成功
[02:30:39] [*] grok2api 远端上传：调用 Console SSO 导入接口（直连）
[02:30:40] 【推送Grok2API 成功】
[02:30:40] [+] 已上传 Console SSO: 新增=1, 更新=0, 同步=1, 失败=0
[02:30:40] [风控] 检查新账号注册风控状态 ...
[02:30:41] [风控] ✅ 注册风控状态可用: botFlagSource=0
[02:30:41] [风控] 注册风控状态可用: botFlagSource=0
[02:30:41] [CPA] SSO → 协议 Device Flow 换 token (proxy=socks5h://15.204.89.179:1178) ...
[02:30:41] [CPA] [*] 尝试协议 Device Flow 换 token ...
[02:30:42] [CPA] ✅ sso 有效（协议路径）
[02:30:42] [CPA] 🔑 Device Flow: 申请 device_code / user_code ...
[02:30:43] [CPA] [*] user_code=N5C3-4R5B interval=5s expires_in=1800s
[02:30:43] [CPA] [*] Device Flow: verify user_code ...
[02:30:43] [CPA] ✅ device/verify OK → https://accounts.x.ai/oauth2/device/consent?user_code=N5C3-4R5B
[02:30:43] [CPA] [*] Device Flow: approve allow principal_id=(empty) ...
[02:30:44] [CPA] ✅ device/approve 已允许
[02:30:44] [CPA] [*] Device Flow: 轮询 access/refresh token ...
[02:30:44] [CPA] ✅ access_token (expires_in=21600s) + refresh_token
[02:30:44] [CPA] JWT bfs 检测: clean
[02:30:44] [CPA] 已写入 CPA 本地 /home/ubuntu/grok-register-panel/cpa_auth/xai-irene2979833stanley_3@outlook.com.json
[02:30:44] [CPA] 已上传 CPA 远程 http://127.0.0.1:18457/.../xai-irene2979833stanley_3@outlook.com.json
[02:30:44] [CPA] 已写入 Grok2API /home/ubuntu/grok-register-panel/grok2api_auth/g2a-irene2979833stanley_3@outlook.com.json
[02:30:44] [+] 注册成功: irene2979833stanley+3@outlook.com
[02:30:44] [结果] status=ok ip=12.104.4.66 port=1178 email=ir***@outlook.com kind=success bot=0 risk=- bfs=-
[02:30:44] [*] 当前统计: 成功 73 | 失败 4 || 注册成功 73 | 注册失败 4 | SSO成功 75 | SSO失败 0 | 早期跳过 0 | G2A成功 75 | G2A失败 0 | CPA成功 73 | CPA失败 0 | 风控通过 73 | 风控 2
[02:30:45] [*] 下一个账号前等待 480 秒...
[02:31:45] [*] 账号间隔等待中… 剩余 420s / 共 480s
[02:32:45] [*] 账号间隔等待中… 剩余 360s / 共 480s
[02:33:45] [*] 账号间隔等待中… 剩余 300s / 共 480s
[02:34:46] [*] 账号间隔等待中… 剩余 240s / 共 480s
[02:35:46] [*] 账号间隔等待中… 剩余 180s / 共 480s
[02:36:46] [*] 账号间隔等待中… 剩余 120s / 共 480s
[02:37:46] [*] 账号间隔等待中… 剩余 60s / 共 480s
[02:38:45] [*] 下号代理: socks5h://109.166.36.243:1092
[02:38:45] --- 开始第 78/2000 个账号 ---
[02:38:45] [*] 1. 打开注册页 (尝试 1/3)
[02:38:50] [static-cache] enabled dir=/home/ubuntu/grok-register-panel/log/static-asset-cache hits=13746 misses=348 max_mb=1024
[02:38:50] [*] 出口IP=142.249.204.224 代理=socks5h://109.166.36.243:1092 | AS45691 | DODO-CORE - DODO K.K. | Tokyo
[02:38:50] [*] 指纹 os=windows platform=Win32 webgl=ANGLE (AMD, Radeon HD 3200 Graphics Direct3D11 vs_5_0 ps_5_0), or similar fontsWin=True ua=Mozilla/5.0 (Windows NT 10.0; Win64; x64; rv:152.0) Gecko/20100101 Firef… leak=none
[02:38:50] [*] 浏览器已启动
[02:38:57] [*] 当前URL: https://accounts.x.ai/sign-up?redirect=grok-com
[02:39:02] [*] 已点击「使用邮箱注册」按钮（原生事件）: Sign up with email
[02:39:03] [*] 2. 创建邮箱并提交
[02:39:04] [*] 已创建邮箱: jean42jx603hart+3@outlook.com
[02:39:14] [*] 已填写邮箱并提交: jean42jx603hart+3@outlook.com (Sign up)
[02:39:14] [*] 邮箱: jean42jx603hart+3@outlook.com
[02:39:14] [*] 3. 拉取验证码
[02:39:18] [*] Outlook RT 等待验证码… 剩余 176s 邮件 4 封
[02:39:23] [*] Outlook RT 已提取验证码并完成库存记账
[02:39:27] [*] 已填写验证码并提交: 891-707
[02:39:27] [*] 验证码后页面 step=profile path=/sign-up?redirect=grok-com cf=True buttons=['Grok', 'Complete sign up', 'Go back', 'Your privacy choices']
[02:39:27] [*] 验证码: 891-707
[02:39:27] [*] 4. 填写资料
[02:39:44] [*] 已点击资料提交: Marcus Han
[02:39:44] [*] 提交后页面 step=profile path=/sign-up?redirect=grok-com hint=You are signing into Grok Complete your sign up jean42jx603hart+3@outlook.com First name Last name Password Complete sign upGo back By conti
[02:39:51] [*] 提交后页面 step=unknown path=/account hint=((a,b,c,d,e,f,g,h)=>{let i=document.documentElement,j=["light","dark"];function k(b){var c;(Array.isArray(a)?a:[a]).forEach(a=>{let c="class
[02:39:52] [*] 提交后页面 step=unknown path=/account hint=SpaceXAI Toggle theme MH Welcome, Marcus. Manage your account. Account Security Sessions Data Return to Redirecting You are being redirected
[02:39:55] [*] 提交后页面 step=probe-error path=https://accounts.x.ai/account hint=Page.evaluate: Execution context was destroyed, most likely because of a navigation
[02:39:56] [*] 资料已填: Marcus Han
[02:39:56] [*] registered_emails 已更新: jean42jx603hart+3@outlook.com sso=empty
[02:39:56] [*] 5. 等待 sso cookie
[02:39:57] [*] 等待 sso 中... 已等 0s，剩余 29s | url=https://accounts.x.ai/account
[02:39:57] [*] 已获取到 sso cookie
[02:39:58] [*] registered_emails 已更新: jean42jx603hart+3@outlook.com sso=yes
[02:39:58] [*] grok2api Web SSO 上传尝试 1/3
[02:39:58] [*] grok2api 远端上传：登录管理后台（直连，不走代理）
[02:39:58] [+] grok2api 远端登录成功
[02:39:58] [*] grok2api 远端上传：调用 Web SSO 导入接口（直连）
[02:39:59] 【推送Grok2API 成功】
[02:39:59] [+] 已上传 Web SSO: 新增=1, 更新=0, 同步=1, 失败=0
[02:39:59] [*] grok2api Console SSO 上传尝试 1/3
[02:39:59] [*] grok2api 远端上传：登录管理后台（直连，不走代理）
[02:39:59] [+] grok2api 远端登录成功
[02:39:59] [*] grok2api 远端上传：调用 Console SSO 导入接口（直连）
[02:39:59] 【推送Grok2API 成功】
[02:39:59] [+] 已上传 Console SSO: 新增=1, 更新=0, 同步=1, 失败=0
[02:39:59] [风控] 检查新账号注册风控状态 ...
[02:40:01] [风控] ✅ 注册风控状态可用: botFlagSource=0
[02:40:01] [风控] 注册风控状态可用: botFlagSource=0
[02:40:01] [CPA] SSO → 协议 Device Flow 换 token (proxy=socks5h://109.166.36.243:1092) ...
[02:40:01] [CPA] [*] 尝试协议 Device Flow 换 token ...
[02:40:02] [CPA] ✅ sso 有效（协议路径）
[02:40:02] [CPA] 🔑 Device Flow: 申请 device_code / user_code ...
[02:40:03] [CPA] [*] user_code=XWTY-NG9A interval=5s expires_in=1800s
[02:40:03] [CPA] [*] Device Flow: verify user_code ...
[02:40:04] [CPA] ✅ device/verify OK → https://accounts.x.ai/oauth2/device/consent?user_code=XWTY-NG9A
[02:40:04] [CPA] [*] Device Flow: approve allow principal_id=(empty) ...
[02:40:05] [CPA] ✅ device/approve 已允许
[02:40:05] [CPA] [*] Device Flow: 轮询 access/refresh token ...
[02:40:06] [CPA] ✅ access_token (expires_in=21600s) + refresh_token
[02:40:06] [CPA] JWT bfs 检测: clean
[02:40:06] [CPA] 已写入 CPA 本地 /home/ubuntu/grok-register-panel/cpa_auth/xai-jean42jx603hart_3@outlook.com.json
[02:40:06] [CPA] 已上传 CPA 远程 http://127.0.0.1:18457/.../xai-jean42jx603hart_3@outlook.com.json
[02:40:06] [CPA] 已写入 Grok2API /home/ubuntu/grok-register-panel/grok2api_auth/g2a-jean42jx603hart_3@outlook.com.json
[02:40:06] [+] 注册成功: jean42jx603hart+3@outlook.com
[02:40:06] [结果] status=ok ip=142.249.204.224 port=1092 email=je***@outlook.com kind=success bot=0 risk=- bfs=-
[02:40:06] [*] 当前统计: 成功 74 | 失败 4 || 注册成功 74 | 注册失败 4 | SSO成功 76 | SSO失败 0 | 早期跳过 0 | G2A成功 76 | G2A失败 0 | CPA成功 74 | CPA失败 0 | 风控通过 74 | 风控 2
[02:40:07] [*] 下一个账号前等待 480 秒...
[02:41:07] [*] 账号间隔等待中… 剩余 420s / 共 480s
[02:42:07] [*] 账号间隔等待中… 剩余 360s / 共 480s
[02:43:07] [*] 账号间隔等待中… 剩余 300s / 共 480s
[02:44:07] [*] 账号间隔等待中… 剩余 240s / 共 480s
[02:45:07] [*] 账号间隔等待中… 剩余 180s / 共 480s
[02:46:07] [*] 账号间隔等待中… 剩余 120s / 共 480s
[02:47:07] [*] 账号间隔等待中… 剩余 60s / 共 480s
[02:48:07] [*] 下号代理: socks5h://15.204.89.179:1191
[02:48:07] --- 开始第 79/2000 个账号 ---
[02:48:07] [*] 1. 打开注册页 (尝试 1/3)
[02:48:12] [static-cache] enabled dir=/home/ubuntu/grok-register-panel/log/static-asset-cache hits=13979 misses=359 max_mb=1024
[02:48:12] [*] 出口IP=12.104.4.97 代理=socks5h://15.204.89.179:1191 | AS7018 | AT&T Enterprises, LLC | Boston
[02:48:13] [*] 指纹 os=windows platform=Win32 webgl=ANGLE (Intel, Intel(R) HD Graphics 400 Direct3D11 vs_5_0 ps_5_0), or similar fontsWin=True ua=Mozilla/5.0 (Windows NT 10.0; Win64; x64; rv:152.0) Gecko/20100101 Firef… leak=none
[02:48:13] [*] 浏览器已启动
[02:48:20] [*] 当前URL: https://accounts.x.ai/sign-up?redirect=grok-com
[02:48:24] [*] 已点击「使用邮箱注册」按钮（原生事件）: Sign up with email
[02:48:24] [*] 2. 创建邮箱并提交
[02:48:26] [*] 已创建邮箱: isabellau4675margaret+3@outlook.com
[02:48:36] [*] 已填写邮箱并提交: isabellau4675margaret+3@outlook.com (Sign up)
[02:48:36] [*] 邮箱: isabellau4675margaret+3@outlook.com
[02:48:36] [*] 3. 拉取验证码
[02:48:39] [*] Outlook RT 等待验证码… 剩余 176s 邮件 4 封
[02:48:44] [*] Outlook RT 已提取验证码并完成库存记账
[02:48:47] [*] 已填写验证码并提交: 604-858
[02:48:47] [*] 验证码后页面 step=profile path=/sign-up?redirect=grok-com cf=True buttons=['Grok', 'Complete sign up', 'Go back', 'Your privacy choices']
[02:48:47] [*] 验证码: 604-858
[02:48:47] [*] 4. 填写资料
[02:49:00] [*] 已点击资料提交: Felix Yan
[02:49:00] [*] 提交后页面 step=profile path=/sign-up?redirect=grok-com hint=You are signing into Grok Complete your sign up isabellau4675margaret+3@outlook.com First name Last name Password Complete sign upGo back By
[02:49:07] [*] 提交后页面 step=unknown path=/account hint=((a,b,c,d,e,f,g,h)=>{let i=document.documentElement,j=["light","dark"];function k(b){var c;(Array.isArray(a)?a:[a]).forEach(a=>{let c="class
[02:49:07] [*] 提交后页面 step=unknown path=/account hint=SpaceXAI Toggle theme FY Welcome, Felix. Manage your account. Account Security Sessions Data Return to Redirecting You are being redirected,
[02:49:12] [*] 提交后页面 step=unknown path=/ hint=Skip to main content
[02:49:12] [*] 资料已填: Felix Yan
[02:49:13] [*] registered_emails 已更新: isabellau4675margaret+3@outlook.com sso=empty
[02:49:13] [*] 5. 等待 sso cookie
[02:49:13] [*] 等待 sso 中... 已等 0s，剩余 29s | url=https://grok.com/
[02:49:13] [*] 已获取到 sso cookie
[02:49:13] [*] registered_emails 已更新: isabellau4675margaret+3@outlook.com sso=yes
[02:49:13] [*] grok2api Web SSO 上传尝试 1/3
[02:49:13] [*] grok2api 远端上传：登录管理后台（直连，不走代理）
[02:49:13] [+] grok2api 远端登录成功
[02:49:13] [*] grok2api 远端上传：调用 Web SSO 导入接口（直连）
[02:49:14] 【推送Grok2API 成功】
[02:49:14] [+] 已上传 Web SSO: 新增=1, 更新=0, 同步=1, 失败=0
[02:49:14] [*] grok2api Console SSO 上传尝试 1/3
[02:49:14] [*] grok2api 远端上传：登录管理后台（直连，不走代理）
[02:49:15] [+] grok2api 远端登录成功
[02:49:15] [*] grok2api 远端上传：调用 Console SSO 导入接口（直连）
[02:49:15] 【推送Grok2API 成功】
[02:49:15] [+] 已上传 Console SSO: 新增=1, 更新=0, 同步=1, 失败=0
[02:49:15] [风控] 检查新账号注册风控状态 ...
[02:49:16] [风控] ✅ 注册风控状态可用: botFlagSource=0
[02:49:16] [风控] 注册风控状态可用: botFlagSource=0
[02:49:16] [CPA] SSO → 协议 Device Flow 换 token (proxy=socks5h://15.204.89.179:1191) ...
[02:49:16] [CPA] [*] 尝试协议 Device Flow 换 token ...
[02:49:17] [CPA] ✅ sso 有效（协议路径）
[02:49:17] [CPA] 🔑 Device Flow: 申请 device_code / user_code ...
[02:49:18] [CPA] [*] user_code=GW69-RDXH interval=5s expires_in=1800s
[02:49:18] [CPA] [*] Device Flow: verify user_code ...
[02:49:19] [CPA] ✅ device/verify OK → https://accounts.x.ai/oauth2/device/consent?user_code=GW69-RDXH
[02:49:19] [CPA] [*] Device Flow: approve allow principal_id=(empty) ...
[02:49:19] [CPA] ✅ device/approve 已允许
[02:49:19] [CPA] [*] Device Flow: 轮询 access/refresh token ...
[02:49:19] [CPA] ✅ access_token (expires_in=21600s) + refresh_token
[02:49:19] [CPA] JWT bfs 检测: clean
[02:49:19] [CPA] 已写入 CPA 本地 /home/ubuntu/grok-register-panel/cpa_auth/xai-isabellau4675margaret_3@outlook.com.json
[02:49:19] [CPA] 已上传 CPA 远程 http://127.0.0.1:18457/.../xai-isabellau4675margaret_3@outlook.com.json
[02:49:19] [CPA] 已写入 Grok2API /home/ubuntu/grok-register-panel/grok2api_auth/g2a-isabellau4675margaret_3@outlook.com.json
[02:49:19] [+] 注册成功: isabellau4675margaret+3@outlook.com
[02:49:19] [结果] status=ok ip=12.104.4.97 port=1191 email=is***@outlook.com kind=success bot=0 risk=- bfs=-
[02:49:19] [*] 当前统计: 成功 75 | 失败 4 || 注册成功 75 | 注册失败 4 | SSO成功 77 | SSO失败 0 | 早期跳过 0 | G2A成功 77 | G2A失败 0 | CPA成功 75 | CPA失败 0 | 风控通过 75 | 风控 2
[02:49:19] [*] 已成功 75 个账号，执行定期清理: 关闭浏览器并清理内存
[02:49:20] [*] Python GC 已回收对象数: 28869
[02:49:21] [*] 下一个账号前等待 480 秒...
[02:50:21] [*] 账号间隔等待中… 剩余 420s / 共 480s
[02:51:21] [*] 账号间隔等待中… 剩余 360s / 共 480s
[02:52:21] [*] 账号间隔等待中… 剩余 300s / 共 480s
[02:53:21] [*] 账号间隔等待中… 剩余 240s / 共 480s
[02:54:21] [*] 账号间隔等待中… 剩余 180s / 共 480s
[02:55:21] [*] 账号间隔等待中… 剩余 120s / 共 480s
[02:56:21] [*] 账号间隔等待中… 剩余 60s / 共 480s
[02:57:21] [*] 下号代理: socks5h://109.166.36.243:1091
[02:57:21] --- 开始第 80/2000 个账号 ---
[02:57:21] [*] 1. 打开注册页 (尝试 1/3)
[02:57:26] [static-cache] enabled dir=/home/ubuntu/grok-register-panel/log/static-asset-cache hits=14212 misses=370 max_mb=1024
[02:57:26] [*] 出口IP=142.249.204.75 代理=socks5h://109.166.36.243:1091 | AS45691 | DODO-CORE - DODO K.K. | Tokyo
[02:57:26] [*] 指纹 os=windows platform=Win32 webgl=ANGLE (NVIDIA, NVIDIA GeForce GTX 980 Direct3D11 vs_5_0 ps_5_0), or similar fontsWin=True ua=Mozilla/5.0 (Windows NT 10.0; Win64; x64; rv:152.0) Gecko/20100101 Firef… leak=none
[02:57:26] [*] 浏览器已启动
[02:57:33] [*] 当前URL: https://accounts.x.ai/sign-up?redirect=grok-com
[02:57:37] [*] 已点击「使用邮箱注册」按钮（原生事件）: Sign up with email
[02:57:37] [*] 2. 创建邮箱并提交
[02:57:39] [*] 已创建邮箱: jerrya9185pearson+3@outlook.com
[02:57:48] [*] 已填写邮箱并提交: jerrya9185pearson+3@outlook.com (Sign up)
[02:57:48] [*] 邮箱: jerrya9185pearson+3@outlook.com
[02:57:48] [*] 3. 拉取验证码
[02:57:51] [*] Outlook RT 等待验证码… 剩余 177s 邮件 4 封
[02:57:56] [*] Outlook RT 已提取验证码并完成库存记账
[02:57:59] [*] 已填写验证码并提交: 017-804
[02:57:59] [*] 验证码后页面 step=profile path=/sign-up?redirect=grok-com cf=True buttons=['Grok', 'Complete sign up', 'Go back', 'Your privacy choices']
[02:57:59] [*] 验证码: 017-804
[02:57:59] [*] 4. 填写资料
[02:58:12] [*] 已点击资料提交: Robin Wang
[02:58:12] [*] 提交后页面 step=profile path=/sign-up?redirect=grok-com hint=You are signing into Grok Complete your sign up jerrya9185pearson+3@outlook.com First name Last name Password Complete sign upGo back By con
[02:58:19] [*] 提交后页面 step=probe-error path=https://accounts.x.ai/sign-up?redirect=grok-com hint=Page.evaluate: Execution context was destroyed, most likely because of a navigation
[02:58:20] [*] 提交后页面 step=unknown path=/account hint=((a,b,c,d,e,f,g,h)=>{let i=document.documentElement,j=["light","dark"];function k(b){var c;(Array.isArray(a)?a:[a]).forEach(a=>{let c="class
[02:58:21] [*] 提交后页面 step=unknown path=/account hint=SpaceXAI Toggle theme RW Welcome, Robin. Manage your account. Account Security Sessions Data Return to Redirecting You are being redirected,
[02:58:24] [*] 提交后页面 step=probe-error path=https://accounts.x.ai/account hint=Page.evaluate: Execution context was destroyed, most likely because of a navigation
[02:58:25] [*] 资料已填: Robin Wang
[02:58:25] [*] registered_emails 已更新: jerrya9185pearson+3@outlook.com sso=empty
[02:58:25] [*] 5. 等待 sso cookie
[02:58:26] [*] 等待 sso 中... 已等 0s，剩余 29s | url=https://accounts.x.ai/account
[02:58:26] [*] 已获取到 sso cookie
[02:58:26] [*] registered_emails 已更新: jerrya9185pearson+3@outlook.com sso=yes
[02:58:26] [*] grok2api Web SSO 上传尝试 1/3
[02:58:26] [*] grok2api 远端上传：登录管理后台（直连，不走代理）
[02:58:26] [+] grok2api 远端登录成功
[02:58:26] [*] grok2api 远端上传：调用 Web SSO 导入接口（直连）
[02:58:27] 【推送Grok2API 成功】
[02:58:27] [+] 已上传 Web SSO: 新增=1, 更新=0, 同步=1, 失败=0
[02:58:27] [*] grok2api Console SSO 上传尝试 1/3
[02:58:27] [*] grok2api 远端上传：登录管理后台（直连，不走代理）
[02:58:27] [+] grok2api 远端登录成功
[02:58:27] [*] grok2api 远端上传：调用 Console SSO 导入接口（直连）
[02:58:28] 【推送Grok2API 成功】
[02:58:28] [+] 已上传 Console SSO: 新增=1, 更新=0, 同步=1, 失败=0
[02:58:28] [风控] 检查新账号注册风控状态 ...
[02:58:29] [风控] ✅ 注册风控状态可用: botFlagSource=0
[02:58:29] [风控] 注册风控状态可用: botFlagSource=0
[02:58:29] [CPA] SSO → 协议 Device Flow 换 token (proxy=socks5h://109.166.36.243:1091) ...
[02:58:29] [CPA] [*] 尝试协议 Device Flow 换 token ...
[02:58:31] [CPA] ✅ sso 有效（协议路径）
[02:58:31] [CPA] 🔑 Device Flow: 申请 device_code / user_code ...
[02:58:32] [CPA] [*] user_code=3K4H-7K47 interval=5s expires_in=1800s
[02:58:32] [CPA] [*] Device Flow: verify user_code ...
[02:58:33] [CPA] ✅ device/verify OK → https://accounts.x.ai/oauth2/device/consent?user_code=3K4H-7K47
[02:58:33] [CPA] [*] Device Flow: approve allow principal_id=(empty) ...
[02:58:33] [CPA] ✅ device/approve 已允许
[02:58:33] [CPA] [*] Device Flow: 轮询 access/refresh token ...
[02:58:34] [CPA] ✅ access_token (expires_in=21600s) + refresh_token
[02:58:34] [CPA] JWT bfs 检测: clean
[02:58:34] [CPA] 已写入 CPA 本地 /home/ubuntu/grok-register-panel/cpa_auth/xai-jerrya9185pearson_3@outlook.com.json
[02:58:34] [CPA] 已上传 CPA 远程 http://127.0.0.1:18457/.../xai-jerrya9185pearson_3@outlook.com.json
[02:58:34] [CPA] 已写入 Grok2API /home/ubuntu/grok-register-panel/grok2api_auth/g2a-jerrya9185pearson_3@outlook.com.json
[02:58:34] [+] 注册成功: jerrya9185pearson+3@outlook.com
[02:58:34] [结果] status=ok ip=142.249.204.75 port=1091 email=je***@outlook.com kind=success bot=0 risk=- bfs=-
[02:58:34] [*] 当前统计: 成功 76 | 失败 4 || 注册成功 76 | 注册失败 4 | SSO成功 78 | SSO失败 0 | 早期跳过 0 | G2A成功 78 | G2A失败 0 | CPA成功 76 | CPA失败 0 | 风控通过 76 | 风控 2
[02:58:35] [*] 下一个账号前等待 480 秒...
[02:59:35] [*] 账号间隔等待中… 剩余 420s / 共 480s
[03:00:35] [*] 账号间隔等待中… 剩余 360s / 共 480s
[03:01:35] [*] 账号间隔等待中… 剩余 300s / 共 480s
[03:02:35] [*] 账号间隔等待中… 剩余 240s / 共 480s
[03:03:35] [*] 账号间隔等待中… 剩余 180s / 共 480s
[03:04:35] [*] 账号间隔等待中… 剩余 120s / 共 480s
[03:05:35] [*] 账号间隔等待中… 剩余 60s / 共 480s
[03:06:35] [*] 下号代理: socks5h://109.166.36.243:1090
[03:06:35] --- 开始第 81/2000 个账号 ---
[03:06:35] [*] 1. 打开注册页 (尝试 1/3)
[03:06:39] [static-cache] enabled dir=/home/ubuntu/grok-register-panel/log/static-asset-cache hits=14445 misses=381 max_mb=1024
[03:06:39] [*] 出口IP=142.249.204.223 代理=socks5h://109.166.36.243:1090 | AS45691 | DODO-CORE - DODO K.K. | Tokyo
[03:06:40] [*] 指纹 os=windows platform=Win32 webgl=ANGLE (NVIDIA, NVIDIA GeForce GTX 980 Direct3D11 vs_5_0 ps_5_0), or similar fontsWin=True ua=Mozilla/5.0 (Windows NT 10.0; Win64; x64; rv:152.0) Gecko/20100101 Firef… leak=none
[03:06:40] [*] 浏览器已启动
[03:06:48] [*] 当前URL: https://accounts.x.ai/sign-up?redirect=grok-com
[03:06:51] [*] 已点击「使用邮箱注册」按钮（原生事件）: Sign up with email
[03:06:52] [*] 2. 创建邮箱并提交
[03:06:53] [*] 已创建邮箱: almatnh264lucero+3@outlook.com
[03:07:02] [*] 已填写邮箱并提交: almatnh264lucero+3@outlook.com (Sign up)
[03:07:02] [*] 邮箱: almatnh264lucero+3@outlook.com
[03:07:02] [*] 3. 拉取验证码
[03:07:05] [*] Outlook RT 等待验证码… 剩余 177s 邮件 4 封
[03:07:14] [*] Outlook RT 已提取验证码并完成库存记账
[03:07:17] [*] 已填写验证码并提交: 818-647
[03:07:17] [*] 验证码后页面 step=profile path=/sign-up?redirect=grok-com cf=True buttons=['Grok', 'Complete sign up', 'Go back', 'Your privacy choices']
[03:07:17] [*] 验证码: 818-647
[03:07:17] [*] 4. 填写资料
[03:07:30] [*] 已点击资料提交: Julian Wang
[03:07:30] [*] 提交后页面 step=profile path=/sign-up?redirect=grok-com hint=You are signing into Grok Complete your sign up almatnh264lucero+3@outlook.com First name Last name Password Complete sign upGo back By cont
[03:07:37] [*] 提交后页面 step=unknown path=/account hint=((a,b,c,d,e,f,g,h)=>{let i=document.documentElement,j=["light","dark"];function k(b){var c;(Array.isArray(a)?a:[a]).forEach(a=>{let c="class
[03:07:38] [*] 提交后页面 step=unknown path=/account hint=SpaceXAI Toggle theme JW Welcome, Julian. Manage your account. Account Security Sessions Data Return to Redirecting You are being redirected
[03:07:43] [*] 资料已填: Julian Wang
[03:07:43] [*] registered_emails 已更新: almatnh264lucero+3@outlook.com sso=empty
[03:07:43] [*] 5. 等待 sso cookie
[03:07:43] [*] 等待 sso 中... 已等 0s，剩余 29s | url=https://grok.com/
[03:07:43] [*] 已获取到 sso cookie
[03:07:44] [*] registered_emails 已更新: almatnh264lucero+3@outlook.com sso=yes
[03:07:44] [*] grok2api Web SSO 上传尝试 1/3
[03:07:44] [*] grok2api 远端上传：登录管理后台（直连，不走代理）
[03:07:44] [+] grok2api 远端登录成功
[03:07:44] [*] grok2api 远端上传：调用 Web SSO 导入接口（直连）
[03:07:45] 【推送Grok2API 成功】
[03:07:45] [+] 已上传 Web SSO: 新增=1, 更新=0, 同步=1, 失败=0
[03:07:45] [*] grok2api Console SSO 上传尝试 1/3
[03:07:45] [*] grok2api 远端上传：登录管理后台（直连，不走代理）
[03:07:45] [+] grok2api 远端登录成功
[03:07:45] [*] grok2api 远端上传：调用 Console SSO 导入接口（直连）
[03:07:45] 【推送Grok2API 成功】
[03:07:45] [+] 已上传 Console SSO: 新增=1, 更新=0, 同步=1, 失败=0
[03:07:45] [风控] 检查新账号注册风控状态 ...
[03:07:47] [风控] ✅ 注册风控状态可用: botFlagSource=0
[03:07:47] [风控] 注册风控状态可用: botFlagSource=0
[03:07:47] [CPA] SSO → 协议 Device Flow 换 token (proxy=socks5h://109.166.36.243:1090) ...
[03:07:47] [CPA] [*] 尝试协议 Device Flow 换 token ...
[03:07:48] [CPA] ✅ sso 有效（协议路径）
[03:07:48] [CPA] 🔑 Device Flow: 申请 device_code / user_code ...
[03:07:49] [CPA] [*] user_code=6WED-R53E interval=5s expires_in=1800s
[03:07:50] [CPA] [*] Device Flow: verify user_code ...
[03:07:51] [CPA] ✅ device/verify OK → https://accounts.x.ai/oauth2/device/consent?user_code=6WED-R53E
[03:07:51] [CPA] [*] Device Flow: approve allow principal_id=(empty) ...
[03:07:52] [CPA] ✅ device/approve 已允许
[03:07:52] [CPA] [*] Device Flow: 轮询 access/refresh token ...
[03:07:52] [CPA] ✅ access_token (expires_in=21600s) + refresh_token
[03:07:52] [CPA] JWT bfs 检测: clean
[03:07:52] [CPA] 已写入 CPA 本地 /home/ubuntu/grok-register-panel/cpa_auth/xai-almatnh264lucero_3@outlook.com.json
[03:07:52] [CPA] 已上传 CPA 远程 http://127.0.0.1:18457/.../xai-almatnh264lucero_3@outlook.com.json
[03:07:52] [CPA] 已写入 Grok2API /home/ubuntu/grok-register-panel/grok2api_auth/g2a-almatnh264lucero_3@outlook.com.json
[03:07:52] [+] 注册成功: almatnh264lucero+3@outlook.com
[03:07:52] [结果] status=ok ip=142.249.204.223 port=1090 email=al***@outlook.com kind=success bot=0 risk=- bfs=-
[03:07:52] [*] 当前统计: 成功 77 | 失败 4 || 注册成功 77 | 注册失败 4 | SSO成功 79 | SSO失败 0 | 早期跳过 0 | G2A成功 79 | G2A失败 0 | CPA成功 77 | CPA失败 0 | 风控通过 77 | 风控 2
[03:07:54] [*] 下一个账号前等待 480 秒...
[03:08:54] [*] 账号间隔等待中… 剩余 420s / 共 480s
[03:09:54] [*] 账号间隔等待中… 剩余 360s / 共 480s
[03:10:54] [*] 账号间隔等待中… 剩余 300s / 共 480s
[03:11:54] [*] 账号间隔等待中… 剩余 240s / 共 480s
[03:12:54] [*] 账号间隔等待中… 剩余 180s / 共 480s
[03:13:54] [*] 账号间隔等待中… 剩余 120s / 共 480s
[03:14:54] [*] 账号间隔等待中… 剩余 60s / 共 480s
[03:15:54] [*] 下号代理: socks5h://15.204.89.179:1178
[03:15:54] --- 开始第 82/2000 个账号 ---
[03:15:54] [*] 1. 打开注册页 (尝试 1/3)
[03:15:58] [static-cache] enabled dir=/home/ubuntu/grok-register-panel/log/static-asset-cache hits=14667 misses=403 max_mb=1024
[03:15:58] [*] 出口IP=12.104.4.66 代理=socks5h://15.204.89.179:1178 | AS7018 | AT&T Enterprises, LLC | Boston
[03:15:58] [*] 指纹 os=windows platform=Win32 webgl=ANGLE (AMD, Radeon HD 3200 Graphics Direct3D11 vs_5_0 ps_5_0), or similar fontsWin=True ua=Mozilla/5.0 (Windows NT 10.0; Win64; x64; rv:152.0) Gecko/20100101 Firef… leak=none
[03:15:58] [*] 浏览器已启动
[03:16:05] [*] 当前URL: https://accounts.x.ai/sign-up?redirect=grok-com
[03:16:09] [*] 已点击「使用邮箱注册」按钮（原生事件）: Sign up with email
[03:16:10] [*] 2. 创建邮箱并提交
[03:16:11] [*] 已创建邮箱: sarahtmv769willis+3@outlook.com
[03:16:21] [*] 已填写邮箱并提交: sarahtmv769willis+3@outlook.com (Sign up)
[03:16:21] [*] 邮箱: sarahtmv769willis+3@outlook.com
[03:16:21] [*] 3. 拉取验证码
[03:16:24] [*] Outlook RT 等待验证码… 剩余 176s 邮件 4 封
[03:16:29] [*] Outlook RT 已提取验证码并完成库存记账
[03:16:33] [*] 已填写验证码并提交: 328-803
[03:16:33] [*] 验证码后页面 step=profile path=/sign-up?redirect=grok-com cf=True buttons=['Grok', 'Complete sign up', 'Go back', 'Your privacy choices']
[03:16:33] [*] 验证码: 328-803
[03:16:33] [*] 4. 填写资料
[03:16:46] [*] 已点击资料提交: Yuri Jiang
[03:16:46] [*] 提交后页面 step=profile path=/sign-up?redirect=grok-com hint=You are signing into Grok Complete your sign up sarahtmv769willis+3@outlook.com First name Last name Password Complete sign upGo back By con
[03:16:52] [*] 提交后页面 step=unknown path=/account hint=((a,b,c,d,e,f,g,h)=>{let i=document.documentElement,j=["light","dark"];function k(b){var c;(Array.isArray(a)?a:[a]).forEach(a=>{let c="class
[03:16:53] [*] 提交后页面 step=unknown path=/account hint=SpaceXAI Toggle theme YJ Welcome, Yuri. Manage your account. Account Security Sessions Data Return to Redirecting You are being redirected, 
[03:16:56] [*] 提交后页面 step=probe-error path=https://accounts.x.ai/account hint=Page.evaluate: Execution context was destroyed, most likely because of a navigation
[03:16:58] [*] 资料已填: Yuri Jiang
[03:16:58] [*] registered_emails 已更新: sarahtmv769willis+3@outlook.com sso=empty
[03:16:58] [*] 5. 等待 sso cookie
[03:16:58] [*] 等待 sso 中... 已等 0s，剩余 29s | url=https://grok.com/
[03:16:59] [*] 已获取到 sso cookie
[03:16:59] [*] registered_emails 已更新: sarahtmv769willis+3@outlook.com sso=yes
[03:16:59] [*] grok2api Web SSO 上传尝试 1/3
[03:16:59] [*] grok2api 远端上传：登录管理后台（直连，不走代理）
[03:16:59] [+] grok2api 远端登录成功
[03:16:59] [*] grok2api 远端上传：调用 Web SSO 导入接口（直连）
[03:17:01] 【推送Grok2API 成功】
[03:17:01] [+] 已上传 Web SSO: 新增=1, 更新=0, 同步=1, 失败=0
[03:17:01] [*] grok2api Console SSO 上传尝试 1/3
[03:17:01] [*] grok2api 远端上传：登录管理后台（直连，不走代理）
[03:17:01] [+] grok2api 远端登录成功
[03:17:01] [*] grok2api 远端上传：调用 Console SSO 导入接口（直连）
[03:17:02] 【推送Grok2API 成功】
[03:17:02] [+] 已上传 Console SSO: 新增=1, 更新=0, 同步=1, 失败=0
[03:17:02] [风控] 检查新账号注册风控状态 ...
[03:17:03] [风控] ✅ 注册风控状态可用: botFlagSource=0
[03:17:03] [风控] 注册风控状态可用: botFlagSource=0
[03:17:03] [CPA] SSO → 协议 Device Flow 换 token (proxy=socks5h://15.204.89.179:1178) ...
[03:17:03] [CPA] [*] 尝试协议 Device Flow 换 token ...
[03:17:03] [CPA] ✅ sso 有效（协议路径）
[03:17:03] [CPA] 🔑 Device Flow: 申请 device_code / user_code ...
[03:17:04] [CPA] [*] user_code=X872-Q5PV interval=5s expires_in=1800s
[03:17:04] [CPA] [*] Device Flow: verify user_code ...
[03:17:05] [CPA] ✅ device/verify OK → https://accounts.x.ai/oauth2/device/consent?user_code=X872-Q5PV
[03:17:05] [CPA] [*] Device Flow: approve allow principal_id=(empty) ...
[03:17:05] [CPA] ✅ device/approve 已允许
[03:17:05] [CPA] [*] Device Flow: 轮询 access/refresh token ...
[03:17:06] [CPA] ✅ access_token (expires_in=21600s) + refresh_token
[03:17:06] [CPA] JWT bfs 检测: clean
[03:17:06] [CPA] 已写入 CPA 本地 /home/ubuntu/grok-register-panel/cpa_auth/xai-sarahtmv769willis_3@outlook.com.json
[03:17:06] [CPA] 已上传 CPA 远程 http://127.0.0.1:18457/.../xai-sarahtmv769willis_3@outlook.com.json
[03:17:06] [CPA] 已写入 Grok2API /home/ubuntu/grok-register-panel/grok2api_auth/g2a-sarahtmv769willis_3@outlook.com.json
[03:17:06] [+] 注册成功: sarahtmv769willis+3@outlook.com
[03:17:06] [结果] status=ok ip=12.104.4.66 port=1178 email=sa***@outlook.com kind=success bot=0 risk=- bfs=-
[03:17:06] [*] 当前统计: 成功 78 | 失败 4 || 注册成功 78 | 注册失败 4 | SSO成功 80 | SSO失败 0 | 早期跳过 0 | G2A成功 80 | G2A失败 0 | CPA成功 78 | CPA失败 0 | 风控通过 78 | 风控 2
[03:17:07] [*] 下一个账号前等待 480 秒...
[03:18:07] [*] 账号间隔等待中… 剩余 420s / 共 480s
[03:19:07] [*] 账号间隔等待中… 剩余 360s / 共 480s
[03:20:07] [*] 账号间隔等待中… 剩余 300s / 共 480s
[03:21:07] [*] 账号间隔等待中… 剩余 240s / 共 480s
[03:22:07] [*] 账号间隔等待中… 剩余 180s / 共 480s
[03:23:07] [*] 账号间隔等待中… 剩余 120s / 共 480s
[03:24:07] [*] 账号间隔等待中… 剩余 60s / 共 480s
[03:25:07] [*] 下号代理: socks5h://109.166.36.243:1092
[03:25:07] --- 开始第 83/2000 个账号 ---
[03:25:07] [*] 1. 打开注册页 (尝试 1/3)
[03:25:12] [static-cache] enabled dir=/home/ubuntu/grok-register-panel/log/static-asset-cache hits=14888 misses=425 max_mb=1024
[03:25:12] [*] 出口IP=142.249.204.224 代理=socks5h://109.166.36.243:1092 | AS45691 | DODO-CORE - DODO K.K. | Tokyo
[03:25:12] [*] 指纹 os=windows platform=Win32 webgl=ANGLE (NVIDIA, NVIDIA GeForce GTX 980 Direct3D11 vs_5_0 ps_5_0), or similar fontsWin=True ua=Mozilla/5.0 (Windows NT 10.0; Win64; x64; rv:152.0) Gecko/20100101 Firef… leak=none
[03:25:12] [*] 浏览器已启动
[03:25:20] [*] 当前URL: https://accounts.x.ai/sign-up?redirect=grok-com
[03:25:23] [*] 已点击「使用邮箱注册」按钮（原生事件）: Sign up with email
[03:25:24] [*] 2. 创建邮箱并提交
[03:25:25] [*] 已创建邮箱: keira2335039wilson+3@outlook.com
[03:25:34] [*] 已填写邮箱并提交: keira2335039wilson+3@outlook.com (Sign up)
[03:25:34] [*] 邮箱: keira2335039wilson+3@outlook.com
[03:25:34] [*] 3. 拉取验证码
[03:25:37] [*] Outlook RT 等待验证码… 剩余 176s 邮件 4 封
[03:25:42] [*] Outlook RT 已提取验证码并完成库存记账
[03:25:47] [*] 已填写验证码并提交: 935-725
[03:25:47] [*] 验证码后页面 step=profile path=/sign-up?redirect=grok-com cf=True buttons=['Grok', 'Complete sign up', 'Go back', 'Your privacy choices']
[03:25:47] [*] 验证码: 935-725
[03:25:47] [*] 4. 填写资料
[03:25:59] [*] 已点击资料提交: Aiden Jin
[03:25:59] [*] 提交后页面 step=profile path=/sign-up?redirect=grok-com hint=You are signing into Grok Complete your sign up keira2335039wilson+3@outlook.com First name Last name Password Complete sign upGo back By co
[03:26:06] [*] 提交后页面 step=unknown path=/account hint=((a,b,c,d,e,f,g,h)=>{let i=document.documentElement,j=["light","dark"];function k(b){var c;(Array.isArray(a)?a:[a]).forEach(a=>{let c="class
[03:26:07] [*] 提交后页面 step=unknown path=/account hint=SpaceXAI Toggle theme AJ Welcome, Aiden. Manage your account. Account Security Sessions Data Return to Redirecting You are being redirected,
[03:26:11] [*] 提交后页面 step=probe-error path=https://accounts.x.ai/account hint=Page.evaluate: Execution context was destroyed, most likely because of a navigation
[03:26:12] [*] 资料已填: Aiden Jin
[03:26:13] [*] registered_emails 已更新: keira2335039wilson+3@outlook.com sso=empty
[03:26:13] [*] 5. 等待 sso cookie
[03:26:13] [*] 等待 sso 中... 已等 0s，剩余 29s | url=https://grok.com/
[03:26:14] [*] 已获取到 sso cookie
[03:26:14] [*] registered_emails 已更新: keira2335039wilson+3@outlook.com sso=yes
[03:26:14] [*] grok2api Web SSO 上传尝试 1/3
[03:26:14] [*] grok2api 远端上传：登录管理后台（直连，不走代理）
[03:26:14] [+] grok2api 远端登录成功
[03:26:14] [*] grok2api 远端上传：调用 Web SSO 导入接口（直连）
[03:26:15] 【推送Grok2API 成功】
[03:26:15] [+] 已上传 Web SSO: 新增=1, 更新=0, 同步=1, 失败=0
[03:26:15] [*] grok2api Console SSO 上传尝试 1/3
[03:26:15] [*] grok2api 远端上传：登录管理后台（直连，不走代理）
[03:26:15] [+] grok2api 远端登录成功
[03:26:15] [*] grok2api 远端上传：调用 Console SSO 导入接口（直连）
[03:26:16] 【推送Grok2API 成功】
[03:26:16] [+] 已上传 Console SSO: 新增=1, 更新=0, 同步=1, 失败=0
[03:26:16] [风控] 检查新账号注册风控状态 ...
[03:26:18] [风控] ✅ 注册风控状态可用: botFlagSource=0
[03:26:18] [风控] 注册风控状态可用: botFlagSource=0
[03:26:18] [CPA] SSO → 协议 Device Flow 换 token (proxy=socks5h://109.166.36.243:1092) ...
[03:26:18] [CPA] [*] 尝试协议 Device Flow 换 token ...
[03:26:19] [CPA] ✅ sso 有效（协议路径）
[03:26:19] [CPA] 🔑 Device Flow: 申请 device_code / user_code ...
[03:26:20] [CPA] [*] user_code=EE9J-MFW4 interval=5s expires_in=1800s
[03:26:21] [CPA] [*] Device Flow: verify user_code ...
[03:26:22] [CPA] ✅ device/verify OK → https://accounts.x.ai/oauth2/device/consent?user_code=EE9J-MFW4
[03:26:22] [CPA] [*] Device Flow: approve allow principal_id=(empty) ...
[03:26:22] [CPA] ✅ device/approve 已允许
[03:26:22] [CPA] [*] Device Flow: 轮询 access/refresh token ...
[03:26:23] [CPA] ✅ access_token (expires_in=21600s) + refresh_token
[03:26:23] [CPA] JWT bfs 检测: clean
[03:26:23] [CPA] 已写入 CPA 本地 /home/ubuntu/grok-register-panel/cpa_auth/xai-keira2335039wilson_3@outlook.com.json
[03:26:23] [CPA] 已上传 CPA 远程 http://127.0.0.1:18457/.../xai-keira2335039wilson_3@outlook.com.json
[03:26:23] [CPA] 已写入 Grok2API /home/ubuntu/grok-register-panel/grok2api_auth/g2a-keira2335039wilson_3@outlook.com.json
[03:26:23] [+] 注册成功: keira2335039wilson+3@outlook.com
[03:26:23] [结果] status=ok ip=142.249.204.224 port=1092 email=ke***@outlook.com kind=success bot=0 risk=- bfs=-
[03:26:23] [*] 当前统计: 成功 79 | 失败 4 || 注册成功 79 | 注册失败 4 | SSO成功 81 | SSO失败 0 | 早期跳过 0 | G2A成功 81 | G2A失败 0 | CPA成功 79 | CPA失败 0 | 风控通过 79 | 风控 2
[03:26:24] [*] 下一个账号前等待 480 秒...
[03:27:24] [*] 账号间隔等待中… 剩余 420s / 共 480s
[03:28:24] [*] 账号间隔等待中… 剩余 360s / 共 480s
[03:29:24] [*] 账号间隔等待中… 剩余 300s / 共 480s
[03:30:24] [*] 账号间隔等待中… 剩余 240s / 共 480s
[03:31:24] [*] 账号间隔等待中… 剩余 180s / 共 480s
[03:32:24] [*] 账号间隔等待中… 剩余 120s / 共 480s
[03:33:24] [*] 账号间隔等待中… 剩余 60s / 共 480s
[03:34:24] [*] 下号代理: socks5h://15.204.89.179:1191
[03:34:24] --- 开始第 84/2000 个账号 ---
[03:34:24] [*] 1. 打开注册页 (尝试 1/3)
[03:34:29] [static-cache] enabled dir=/home/ubuntu/grok-register-panel/log/static-asset-cache hits=15119 misses=439 max_mb=1024
[03:34:29] [*] 出口IP=12.104.4.97 代理=socks5h://15.204.89.179:1191 | AS7018 | AT&T Enterprises, LLC | Boston
[03:34:29] [*] 指纹 os=windows platform=Win32 webgl=ANGLE (NVIDIA, NVIDIA GeForce GTX 980 Direct3D11 vs_5_0 ps_5_0), or similar fontsWin=True ua=Mozilla/5.0 (Windows NT 10.0; Win64; x64; rv:152.0) Gecko/20100101 Firef… leak=none
[03:34:29] [*] 浏览器已启动
[03:34:36] [*] 当前URL: https://accounts.x.ai/sign-up?redirect=grok-com
[03:34:40] [*] 已点击「使用邮箱注册」按钮（原生事件）: Sign up with email
[03:34:41] [*] 2. 创建邮箱并提交
[03:34:42] [*] 已创建邮箱: sofia14nd540green+3@outlook.com
[03:34:52] [*] 已填写邮箱并提交: sofia14nd540green+3@outlook.com (Sign up)
[03:34:52] [*] 邮箱: sofia14nd540green+3@outlook.com
[03:34:52] [*] 3. 拉取验证码
[03:34:55] [*] Outlook RT 等待验证码… 剩余 176s 邮件 4 封
[03:35:01] [*] Outlook RT 已提取验证码并完成库存记账
[03:35:05] [*] 已填写验证码并提交: 555-875
[03:35:05] [*] 验证码后页面 step=profile path=/sign-up?redirect=grok-com cf=True buttons=['Grok', 'Complete sign up', 'Go back', 'Your privacy choices']
[03:35:05] [*] 验证码: 555-875
[03:35:05] [*] 4. 填写资料
[03:35:18] [*] 已点击资料提交: Tristan Fu
[03:35:18] [*] 提交后页面 step=profile path=/sign-up?redirect=grok-com hint=You are signing into Grok Complete your sign up sofia14nd540green+3@outlook.com First name Last name Password Complete sign upGo back By con
[03:35:30] [*] 资料已填: Tristan Fu
[03:35:30] [*] registered_emails 已更新: sofia14nd540green+3@outlook.com sso=empty
[03:35:30] [*] 5. 等待 sso cookie
[03:35:30] [*] 等待 sso 中... 已等 0s，剩余 29s | url=https://accounts.x.ai/sign-up?redirect=grok-com
[03:35:30] [*] 已获取到 sso cookie
[03:35:30] [*] registered_emails 已更新: sofia14nd540green+3@outlook.com sso=yes
[03:35:30] [*] grok2api Web SSO 上传尝试 1/3
[03:35:30] [*] grok2api 远端上传：登录管理后台（直连，不走代理）
[03:35:30] [+] grok2api 远端登录成功
[03:35:30] [*] grok2api 远端上传：调用 Web SSO 导入接口（直连）
[03:35:31] 【推送Grok2API 成功】
[03:35:31] [+] 已上传 Web SSO: 新增=1, 更新=0, 同步=1, 失败=0
[03:35:31] [*] grok2api Console SSO 上传尝试 1/3
[03:35:31] [*] grok2api 远端上传：登录管理后台（直连，不走代理）
[03:35:31] [+] grok2api 远端登录成功
[03:35:31] [*] grok2api 远端上传：调用 Console SSO 导入接口（直连）
[03:35:32] 【推送Grok2API 成功】
[03:35:32] [+] 已上传 Console SSO: 新增=1, 更新=0, 同步=1, 失败=0
[03:35:32] [风控] 检查新账号注册风控状态 ...
[03:35:33] [风控] ✅ 注册风控状态可用: botFlagSource=0
[03:35:33] [风控] 注册风控状态可用: botFlagSource=0
[03:35:33] [CPA] SSO → 协议 Device Flow 换 token (proxy=socks5h://15.204.89.179:1191) ...
[03:35:33] [CPA] [*] 尝试协议 Device Flow 换 token ...
[03:35:34] [CPA] ✅ sso 有效（协议路径）
[03:35:34] [CPA] 🔑 Device Flow: 申请 device_code / user_code ...
[03:35:35] [CPA] [*] user_code=GFJW-83PN interval=5s expires_in=1800s
[03:35:35] [CPA] [*] Device Flow: verify user_code ...
[03:35:36] [CPA] ✅ device/verify OK → https://accounts.x.ai/oauth2/device/consent?user_code=GFJW-83PN
[03:35:36] [CPA] [*] Device Flow: approve allow principal_id=(empty) ...
[03:35:36] [CPA] ✅ device/approve 已允许
[03:35:36] [CPA] [*] Device Flow: 轮询 access/refresh token ...
[03:35:37] [CPA] ✅ access_token (expires_in=21600s) + refresh_token
[03:35:37] [CPA] JWT bfs 检测: clean
[03:35:37] [CPA] 已写入 CPA 本地 /home/ubuntu/grok-register-panel/cpa_auth/xai-sofia14nd540green_3@outlook.com.json
[03:35:37] [CPA] 已上传 CPA 远程 http://127.0.0.1:18457/.../xai-sofia14nd540green_3@outlook.com.json
[03:35:37] [CPA] 已写入 Grok2API /home/ubuntu/grok-register-panel/grok2api_auth/g2a-sofia14nd540green_3@outlook.com.json
[03:35:37] [+] 注册成功: sofia14nd540green+3@outlook.com
[03:35:37] [结果] status=ok ip=12.104.4.97 port=1191 email=so***@outlook.com kind=success bot=0 risk=- bfs=-
[03:35:37] [*] 当前统计: 成功 80 | 失败 4 || 注册成功 80 | 注册失败 4 | SSO成功 82 | SSO失败 0 | 早期跳过 0 | G2A成功 82 | G2A失败 0 | CPA成功 80 | CPA失败 0 | 风控通过 80 | 风控 2
[03:35:37] [*] 已成功 80 个账号，执行定期清理: 关闭浏览器并清理内存
[03:35:37] [*] Python GC 已回收对象数: 6960
[03:35:38] [*] 下一个账号前等待 480 秒...
[03:36:38] [*] 账号间隔等待中… 剩余 420s / 共 480s
[03:37:38] [*] 账号间隔等待中… 剩余 360s / 共 480s
[03:38:38] [*] 账号间隔等待中… 剩余 300s / 共 480s
[03:39:38] [*] 账号间隔等待中… 剩余 240s / 共 480s
[03:40:38] [*] 账号间隔等待中… 剩余 180s / 共 480s
[03:41:38] [*] 账号间隔等待中… 剩余 120s / 共 480s
[03:42:38] [*] 账号间隔等待中… 剩余 60s / 共 480s
[03:43:38] [*] 下号代理: socks5h://109.166.36.243:1091
[03:43:38] --- 开始第 85/2000 个账号 ---
[03:43:38] [*] 1. 打开注册页 (尝试 1/3)
[03:43:43] [static-cache] enabled dir=/home/ubuntu/grok-register-panel/log/static-asset-cache hits=15174 misses=439 max_mb=1024
[03:43:43] [*] 出口IP=142.249.204.75 代理=socks5h://109.166.36.243:1091 | AS45691 | DODO-CORE - DODO K.K. | Tokyo
[03:43:43] [*] 指纹 os=windows platform=Win32 webgl=ANGLE (AMD, Radeon HD 3200 Graphics Direct3D11 vs_5_0 ps_5_0), or similar fontsWin=True ua=Mozilla/5.0 (Windows NT 10.0; Win64; x64; rv:152.0) Gecko/20100101 Firef… leak=none
[03:43:43] [*] 浏览器已启动
[03:43:49] [*] 当前URL: https://accounts.x.ai/sign-up?redirect=grok-com
[03:43:54] [*] 已点击「使用邮箱注册」按钮（原生事件）: Sign up with email
[03:43:54] [*] 2. 创建邮箱并提交
[03:43:56] [*] 已创建邮箱: ritthyx14666bishop+3@outlook.com
[03:44:05] [*] 已填写邮箱并提交: ritthyx14666bishop+3@outlook.com (Sign up)
[03:44:05] [*] 邮箱: ritthyx14666bishop+3@outlook.com
[03:44:05] [*] 3. 拉取验证码
[03:44:09] [*] Outlook RT 等待验证码… 剩余 176s 邮件 4 封
[03:44:14] [*] Outlook RT 已提取验证码并完成库存记账
[03:44:17] [*] 已填写验证码并提交: 667-278
[03:44:17] [*] 验证码后页面 step=profile path=/sign-up?redirect=grok-com cf=True buttons=['Grok', 'Complete sign up', 'Go back', 'Your privacy choices']
[03:44:17] [*] 验证码: 667-278
[03:44:17] [*] 4. 填写资料
[03:44:29] [*] 已点击资料提交: Dylan Xu
[03:44:29] [*] 提交后页面 step=profile path=/sign-up?redirect=grok-com hint=You are signing into Grok Complete your sign up ritthyx14666bishop+3@outlook.com First name Last name Password Complete sign upGo back By co
[03:44:36] [*] 提交后页面 step=unknown path=/account hint=((a,b,c,d,e,f,g,h)=>{let i=document.documentElement,j=["light","dark"];function k(b){var c;(Array.isArray(a)?a:[a]).forEach(a=>{let c="class
[03:44:37] [*] 提交后页面 step=unknown path=/account hint=SpaceXAI Toggle theme DX Welcome, Dylan. Manage your account. Account Security Sessions Data Return to Redirecting You are being redirected,
[03:44:40] [*] 提交后页面 step=probe-error path=https://accounts.x.ai/account hint=Page.evaluate: Execution context was destroyed, most likely because of a navigation
[03:44:42] [*] 资料已填: Dylan Xu
[03:44:42] [*] registered_emails 已更新: ritthyx14666bishop+3@outlook.com sso=empty
[03:44:42] [*] 5. 等待 sso cookie
[03:44:42] [*] 等待 sso 中... 已等 0s，剩余 29s | url=https://grok.com/
[03:44:43] [*] 已获取到 sso cookie
[03:44:43] [*] registered_emails 已更新: ritthyx14666bishop+3@outlook.com sso=yes
[03:44:43] [*] grok2api Web SSO 上传尝试 1/3
[03:44:43] [*] grok2api 远端上传：登录管理后台（直连，不走代理）
[03:44:43] [+] grok2api 远端登录成功
[03:44:43] [*] grok2api 远端上传：调用 Web SSO 导入接口（直连）
[03:44:45] 【推送Grok2API 成功】
[03:44:45] [+] 已上传 Web SSO: 新增=1, 更新=0, 同步=1, 失败=0
[03:44:45] [*] grok2api Console SSO 上传尝试 1/3
[03:44:45] [*] grok2api 远端上传：登录管理后台（直连，不走代理）
[03:44:45] [+] grok2api 远端登录成功
[03:44:45] [*] grok2api 远端上传：调用 Console SSO 导入接口（直连）
[03:44:45] 【推送Grok2API 成功】
[03:44:45] [+] 已上传 Console SSO: 新增=1, 更新=0, 同步=1, 失败=0
[03:44:45] [风控] 检查新账号注册风控状态 ...
[03:44:47] [风控] ✅ 注册风控状态可用: botFlagSource=0
[03:44:47] [风控] 注册风控状态可用: botFlagSource=0
[03:44:47] [CPA] SSO → 协议 Device Flow 换 token (proxy=socks5h://109.166.36.243:1091) ...
[03:44:47] [CPA] [*] 尝试协议 Device Flow 换 token ...
[03:44:48] [CPA] ✅ sso 有效（协议路径）
[03:44:48] [CPA] 🔑 Device Flow: 申请 device_code / user_code ...
[03:44:49] [CPA] [*] user_code=WGM4-YAS7 interval=5s expires_in=1800s
[03:44:50] [CPA] [*] Device Flow: verify user_code ...
[03:44:51] [CPA] ✅ device/verify OK → https://accounts.x.ai/oauth2/device/consent?user_code=WGM4-YAS7
[03:44:51] [CPA] [*] Device Flow: approve allow principal_id=(empty) ...
[03:44:52] [CPA] ✅ device/approve 已允许
[03:44:52] [CPA] [*] Device Flow: 轮询 access/refresh token ...
[03:44:52] [CPA] ✅ access_token (expires_in=21600s) + refresh_token
[03:44:52] [CPA] JWT bfs 检测: clean
[03:44:52] [CPA] 已写入 CPA 本地 /home/ubuntu/grok-register-panel/cpa_auth/xai-ritthyx14666bishop_3@outlook.com.json
[03:44:52] [CPA] 已上传 CPA 远程 http://127.0.0.1:18457/.../xai-ritthyx14666bishop_3@outlook.com.json
[03:44:52] [CPA] 已写入 Grok2API /home/ubuntu/grok-register-panel/grok2api_auth/g2a-ritthyx14666bishop_3@outlook.com.json
[03:44:52] [+] 注册成功: ritthyx14666bishop+3@outlook.com
[03:44:52] [结果] status=ok ip=142.249.204.75 port=1091 email=ri***@outlook.com kind=success bot=0 risk=- bfs=-
[03:44:52] [*] 当前统计: 成功 81 | 失败 4 || 注册成功 81 | 注册失败 4 | SSO成功 83 | SSO失败 0 | 早期跳过 0 | G2A成功 83 | G2A失败 0 | CPA成功 81 | CPA失败 0 | 风控通过 81 | 风控 2
[03:44:53] [*] 下一个账号前等待 480 秒...
[03:45:53] [*] 账号间隔等待中… 剩余 420s / 共 480s
[03:46:53] [*] 账号间隔等待中… 剩余 360s / 共 480s
[03:47:53] [*] 账号间隔等待中… 剩余 300s / 共 480s
[03:48:53] [*] 账号间隔等待中… 剩余 240s / 共 480s
[03:49:53] [*] 账号间隔等待中… 剩余 180s / 共 480s
[03:50:53] [*] 账号间隔等待中… 剩余 120s / 共 480s
[03:51:53] [*] 账号间隔等待中… 剩余 60s / 共 480s
[03:52:53] [*] 下号代理: socks5h://109.166.36.243:1090
[03:52:53] --- 开始第 86/2000 个账号 ---
[03:52:53] [*] 1. 打开注册页 (尝试 1/3)
[03:52:58] [static-cache] enabled dir=/home/ubuntu/grok-register-panel/log/static-asset-cache hits=15406 misses=451 max_mb=1024
[03:52:58] [*] 出口IP=142.249.204.223 代理=socks5h://109.166.36.243:1090 | AS45691 | DODO-CORE - DODO K.K. | Tokyo
[03:52:58] [*] 指纹 os=windows platform=Win32 webgl=ANGLE (NVIDIA, NVIDIA GeForce GTX 980 Direct3D11 vs_5_0 ps_5_0), or similar fontsWin=True ua=Mozilla/5.0 (Windows NT 10.0; Win64; x64; rv:152.0) Gecko/20100101 Firef… leak=none
[03:52:58] [*] 浏览器已启动
[03:53:05] [*] 当前URL: https://accounts.x.ai/sign-up?redirect=grok-com
[03:53:09] [*] 已点击「使用邮箱注册」按钮（原生事件）: Sign up with email
[03:53:09] [*] 2. 创建邮箱并提交
[03:53:11] [*] 已创建邮箱: kristen4847gcoleman+3@outlook.com
[03:53:20] [*] 已填写邮箱并提交: kristen4847gcoleman+3@outlook.com (Sign up)
[03:53:20] [*] 邮箱: kristen4847gcoleman+3@outlook.com
[03:53:20] [*] 3. 拉取验证码
[03:53:23] [*] Outlook RT 等待验证码… 剩余 176s 邮件 4 封
[03:53:28] [*] Outlook RT 已提取验证码并完成库存记账
[03:53:31] [*] 已填写验证码并提交: 892-138
[03:53:31] [*] 验证码后页面 step=profile path=/sign-up?redirect=grok-com cf=True buttons=['Grok', 'Complete sign up', 'Go back', 'Your privacy choices']
[03:53:31] [*] 验证码: 892-138
[03:53:31] [*] 4. 填写资料
[03:53:45] [*] 已点击资料提交: Aaron Xiong
[03:53:45] [*] 提交后页面 step=profile path=/sign-up?redirect=grok-com hint=You are signing into Grok Complete your sign up kristen4847gcoleman+3@outlook.com First name Last name Password Complete sign upGo back By c
[03:53:52] [*] 提交后页面 step=probe-error path=https://accounts.x.ai/sign-up?redirect=grok-com hint=Page.evaluate: Execution context was destroyed, most likely because of a navigation
[03:53:52] [*] 提交后页面 step=unknown path=/account hint=((a,b,c,d,e,f,g,h)=>{let i=document.documentElement,j=["light","dark"];function k(b){var c;(Array.isArray(a)?a:[a]).forEach(a=>{let c="class
[03:53:53] [*] 提交后页面 step=unknown path=/account hint=SpaceXAI Toggle theme AX Welcome, Aaron. Manage your account. Account Security Sessions Data Return to Redirecting You are being redirected,
[03:53:57] [*] 提交后页面 step=probe-error path=https://accounts.x.ai/account hint=Page.evaluate: Execution context was destroyed, most likely because of a navigation
[03:53:59] [*] 资料已填: Aaron Xiong
[03:53:59] [*] registered_emails 已更新: kristen4847gcoleman+3@outlook.com sso=empty
[03:53:59] [*] 5. 等待 sso cookie
[03:53:59] [*] 等待 sso 中... 已等 0s，剩余 29s | url=https://grok.com/
[03:53:59] [*] 已获取到 sso cookie
[03:54:00] [*] registered_emails 已更新: kristen4847gcoleman+3@outlook.com sso=yes
[03:54:00] [*] grok2api Web SSO 上传尝试 1/3
[03:54:00] [*] grok2api 远端上传：登录管理后台（直连，不走代理）
[03:54:00] [+] grok2api 远端登录成功
[03:54:00] [*] grok2api 远端上传：调用 Web SSO 导入接口（直连）
[03:54:01] 【推送Grok2API 成功】
[03:54:01] [+] 已上传 Web SSO: 新增=1, 更新=0, 同步=1, 失败=0
[03:54:01] [*] grok2api Console SSO 上传尝试 1/3
[03:54:01] [*] grok2api 远端上传：登录管理后台（直连，不走代理）
[03:54:01] [+] grok2api 远端登录成功
[03:54:01] [*] grok2api 远端上传：调用 Console SSO 导入接口（直连）
[03:54:02] 【推送Grok2API 成功】
[03:54:02] [+] 已上传 Console SSO: 新增=1, 更新=0, 同步=1, 失败=0
[03:54:02] [风控] 检查新账号注册风控状态 ...
[03:54:03] [风控] ✅ 注册风控状态可用: botFlagSource=0
[03:54:03] [风控] 注册风控状态可用: botFlagSource=0
[03:54:03] [CPA] SSO → 协议 Device Flow 换 token (proxy=socks5h://109.166.36.243:1090) ...
[03:54:03] [CPA] [*] 尝试协议 Device Flow 换 token ...
[03:54:05] [CPA] ✅ sso 有效（协议路径）
[03:54:05] [CPA] 🔑 Device Flow: 申请 device_code / user_code ...
[03:54:06] [CPA] [*] user_code=W4DN-7KJY interval=5s expires_in=1800s
[03:54:06] [CPA] [*] Device Flow: verify user_code ...
[03:54:07] [CPA] ✅ device/verify OK → https://accounts.x.ai/oauth2/device/consent?user_code=W4DN-7KJY
[03:54:07] [CPA] [*] Device Flow: approve allow principal_id=(empty) ...
[03:54:08] [CPA] ✅ device/approve 已允许
[03:54:08] [CPA] [*] Device Flow: 轮询 access/refresh token ...
[03:54:08] [CPA] ✅ access_token (expires_in=21600s) + refresh_token
[03:54:08] [CPA] JWT bfs 检测: clean
[03:54:08] [CPA] 已写入 CPA 本地 /home/ubuntu/grok-register-panel/cpa_auth/xai-kristen4847gcoleman_3@outlook.com.json
[03:54:08] [CPA] 已上传 CPA 远程 http://127.0.0.1:18457/.../xai-kristen4847gcoleman_3@outlook.com.json
[03:54:08] [CPA] 已写入 Grok2API /home/ubuntu/grok-register-panel/grok2api_auth/g2a-kristen4847gcoleman_3@outlook.com.json
[03:54:08] [+] 注册成功: kristen4847gcoleman+3@outlook.com
[03:54:08] [结果] status=ok ip=142.249.204.223 port=1090 email=kr***@outlook.com kind=success bot=0 risk=- bfs=-
[03:54:08] [*] 当前统计: 成功 82 | 失败 4 || 注册成功 82 | 注册失败 4 | SSO成功 84 | SSO失败 0 | 早期跳过 0 | G2A成功 84 | G2A失败 0 | CPA成功 82 | CPA失败 0 | 风控通过 82 | 风控 2
[03:54:10] [*] 下一个账号前等待 480 秒...
[03:55:10] [*] 账号间隔等待中… 剩余 420s / 共 480s
[03:56:10] [*] 账号间隔等待中… 剩余 360s / 共 480s
[03:57:10] [*] 账号间隔等待中… 剩余 300s / 共 480s
[03:58:10] [*] 账号间隔等待中… 剩余 240s / 共 480s
[03:59:10] [*] 账号间隔等待中… 剩余 180s / 共 480s
[04:00:10] [*] 账号间隔等待中… 剩余 120s / 共 480s
[04:01:10] [*] 账号间隔等待中… 剩余 60s / 共 480s
[04:02:10] [*] 下号代理: socks5h://15.204.89.179:1178
[04:02:10] --- 开始第 87/2000 个账号 ---
[04:02:10] [*] 1. 打开注册页 (尝试 1/3)
[04:02:15] [static-cache] enabled dir=/home/ubuntu/grok-register-panel/log/static-asset-cache hits=15638 misses=463 max_mb=1024
[04:02:15] [*] 出口IP=12.104.4.66 代理=socks5h://15.204.89.179:1178 | AS7018 | AT&T Enterprises, LLC | Boston
[04:02:15] [*] 指纹 os=windows platform=Win32 webgl=ANGLE (Intel, Intel(R) HD Graphics Direct3D11 vs_5_0 ps_5_0), or similar fontsWin=True ua=Mozilla/5.0 (Windows NT 10.0; Win64; x64; rv:152.0) Gecko/20100101 Firef… leak=none
[04:02:15] [*] 浏览器已启动
[04:02:22] [*] 当前URL: https://accounts.x.ai/sign-up?redirect=grok-com
[04:02:26] [*] 已点击「使用邮箱注册」按钮（原生事件）: Sign up with email
[04:02:27] [*] 2. 创建邮箱并提交
[04:02:28] [*] 已创建邮箱: diana1415pbrown+3@outlook.com
[04:02:37] [*] 已填写邮箱并提交: diana1415pbrown+3@outlook.com (Sign up)
[04:02:37] [*] 邮箱: diana1415pbrown+3@outlook.com
[04:02:37] [*] 3. 拉取验证码
[04:02:41] [*] Outlook RT 等待验证码… 剩余 175s 邮件 4 封
[04:03:01] [*] Outlook RT 等待验证码… 剩余 156s 邮件 4 封
[04:03:14] [*] Outlook RT 已提取验证码并完成库存记账
[04:03:18] [*] 已填写验证码并提交: 534-855
[04:03:18] [*] 验证码后页面 step=profile path=/sign-up?redirect=grok-com cf=True buttons=['Grok', 'Complete sign up', 'Go back', 'Your privacy choices']
[04:03:18] [*] 验证码: 534-855
[04:03:18] [*] 4. 填写资料
[04:03:32] [*] 已点击资料提交: Julian Liu
[04:03:32] [*] 提交后页面 step=profile path=/sign-up?redirect=grok-com hint=You are signing into Grok Complete your sign up diana1415pbrown+3@outlook.com First name Last name Password Complete sign upGo back By conti
[04:03:39] [*] 提交后页面 step=unknown path=/account hint=((a,b,c,d,e,f,g,h)=>{let i=document.documentElement,j=["light","dark"];function k(b){var c;(Array.isArray(a)?a:[a]).forEach(a=>{let c="class
[04:03:40] [*] 提交后页面 step=unknown path=/account hint=SpaceXAI Toggle theme JL Welcome, Julian. Manage your account. Account Security Sessions Data Return to Redirecting You are being redirected
[04:03:43] [*] 提交后页面 step=probe-error path=https://accounts.x.ai/account hint=Page.evaluate: Execution context was destroyed, most likely because of a navigation
[04:03:46] [*] 资料已填: Julian Liu
[04:03:46] [*] registered_emails 已更新: diana1415pbrown+3@outlook.com sso=empty
[04:03:46] [*] 5. 等待 sso cookie
[04:03:46] [*] 等待 sso 中... 已等 0s，剩余 29s | url=https://grok.com/
[04:03:47] [*] 已获取到 sso cookie
[04:03:47] [*] registered_emails 已更新: diana1415pbrown+3@outlook.com sso=yes
[04:03:47] [*] grok2api Web SSO 上传尝试 1/3
[04:03:47] [*] grok2api 远端上传：登录管理后台（直连，不走代理）
[04:03:47] [+] grok2api 远端登录成功
[04:03:47] [*] grok2api 远端上传：调用 Web SSO 导入接口（直连）
[04:03:48] 【推送Grok2API 成功】
[04:03:48] [+] 已上传 Web SSO: 新增=1, 更新=0, 同步=1, 失败=0
[04:03:48] [*] grok2api Console SSO 上传尝试 1/3
[04:03:48] [*] grok2api 远端上传：登录管理后台（直连，不走代理）
[04:03:48] [+] grok2api 远端登录成功
[04:03:48] [*] grok2api 远端上传：调用 Console SSO 导入接口（直连）
[04:03:49] 【推送Grok2API 成功】
[04:03:49] [+] 已上传 Console SSO: 新增=1, 更新=0, 同步=1, 失败=0
[04:03:49] [风控] 检查新账号注册风控状态 ...
[04:03:50] [风控] ✅ 注册风控状态可用: botFlagSource=0
[04:03:50] [风控] 注册风控状态可用: botFlagSource=0
[04:03:50] [CPA] SSO → 协议 Device Flow 换 token (proxy=socks5h://15.204.89.179:1178) ...
[04:03:50] [CPA] [*] 尝试协议 Device Flow 换 token ...
[04:03:51] [CPA] ✅ sso 有效（协议路径）
[04:03:51] [CPA] 🔑 Device Flow: 申请 device_code / user_code ...
[04:03:52] [CPA] [*] user_code=XEBD-RC5F interval=5s expires_in=1800s
[04:03:52] [CPA] [*] Device Flow: verify user_code ...
[04:03:52] [CPA] ✅ device/verify OK → https://accounts.x.ai/oauth2/device/consent?user_code=XEBD-RC5F
[04:03:52] [CPA] [*] Device Flow: approve allow principal_id=(empty) ...
[04:03:53] [CPA] ✅ device/approve 已允许
[04:03:53] [CPA] [*] Device Flow: 轮询 access/refresh token ...
[04:03:53] [CPA] ✅ access_token (expires_in=21600s) + refresh_token
[04:03:53] [CPA] JWT bfs 检测: clean
[04:03:53] [CPA] 已写入 CPA 本地 /home/ubuntu/grok-register-panel/cpa_auth/xai-diana1415pbrown_3@outlook.com.json
[04:03:53] [CPA] 已上传 CPA 远程 http://127.0.0.1:18457/.../xai-diana1415pbrown_3@outlook.com.json
[04:03:53] [CPA] 已写入 Grok2API /home/ubuntu/grok-register-panel/grok2api_auth/g2a-diana1415pbrown_3@outlook.com.json
[04:03:53] [+] 注册成功: diana1415pbrown+3@outlook.com
[04:03:53] [结果] status=ok ip=12.104.4.66 port=1178 email=di***@outlook.com kind=success bot=0 risk=- bfs=-
[04:03:53] [*] 当前统计: 成功 83 | 失败 4 || 注册成功 83 | 注册失败 4 | SSO成功 85 | SSO失败 0 | 早期跳过 0 | G2A成功 85 | G2A失败 0 | CPA成功 83 | CPA失败 0 | 风控通过 83 | 风控 2
[04:03:54] [*] 下一个账号前等待 480 秒...
[04:04:54] [*] 账号间隔等待中… 剩余 420s / 共 480s
[04:05:54] [*] 账号间隔等待中… 剩余 360s / 共 480s
[04:06:54] [*] 账号间隔等待中… 剩余 300s / 共 480s
[04:07:54] [*] 账号间隔等待中… 剩余 240s / 共 480s
[04:08:54] [*] 账号间隔等待中… 剩余 180s / 共 480s
[04:09:54] [*] 账号间隔等待中… 剩余 120s / 共 480s
[04:10:55] [*] 账号间隔等待中… 剩余 60s / 共 480s
[04:11:54] [*] 下号代理: socks5h://109.166.36.243:1092
[04:11:54] --- 开始第 88/2000 个账号 ---
[04:11:54] [*] 1. 打开注册页 (尝试 1/3)
[04:12:00] [static-cache] enabled dir=/home/ubuntu/grok-register-panel/log/static-asset-cache hits=15869 misses=475 max_mb=1024
[04:12:00] [*] 出口IP=142.249.204.224 代理=socks5h://109.166.36.243:1092 | AS45691 | DODO-CORE - DODO K.K. | Tokyo
[04:12:01] [*] 指纹 os=windows platform=Win32 webgl=ANGLE (Intel, Intel(R) HD Graphics Direct3D11 vs_5_0 ps_5_0), or similar fontsWin=True ua=Mozilla/5.0 (Windows NT 10.0; Win64; x64; rv:152.0) Gecko/20100101 Firef… leak=none
[04:12:01] [*] 浏览器已启动
[04:12:09] [*] 当前URL: https://accounts.x.ai/sign-up?redirect=grok-com
[04:12:13] [*] 已点击「使用邮箱注册」按钮（原生事件）: Sign up with email
[04:12:14] [*] 2. 创建邮箱并提交
[04:12:15] [*] 已创建邮箱: vincentsqi787thompson+3@outlook.com
[04:12:25] [*] 已填写邮箱并提交: vincentsqi787thompson+3@outlook.com (Sign up)
[04:12:25] [*] 邮箱: vincentsqi787thompson+3@outlook.com
[04:12:25] [*] 3. 拉取验证码
[04:12:28] [*] Outlook RT 等待验证码… 剩余 176s 邮件 4 封
[04:12:38] [*] Outlook RT 已提取验证码并完成库存记账
[04:12:42] [*] 已填写验证码并提交: 019-190
[04:12:42] [*] 验证码后页面 step=profile path=/sign-up?redirect=grok-com cf=True buttons=['Grok', 'Complete sign up', 'Go back', 'Your privacy choices']
[04:12:42] [*] 验证码: 019-190
[04:12:42] [*] 4. 填写资料
[04:12:56] [*] 已点击资料提交: Lucas Yan
[04:12:56] [*] 提交后页面 step=profile path=/sign-up?redirect=grok-com hint=You are signing into Grok Complete your sign up vincentsqi787thompson+3@outlook.com First name Last name Password Complete sign upGo back By
[04:13:02] [*] 提交后页面 step=probe-error path=https://accounts.x.ai/sign-up?redirect=grok-com hint=Page.evaluate: Execution context was destroyed, most likely because of a navigation
[04:13:03] [*] 提交后页面 step=unknown path=/account hint=((a,b,c,d,e,f,g,h)=>{let i=document.documentElement,j=["light","dark"];function k(b){var c;(Array.isArray(a)?a:[a]).forEach(a=>{let c="class
[04:13:04] [*] 提交后页面 step=unknown path=/account hint=SpaceXAI Toggle theme LY Welcome, Lucas. Manage your account. Account Security Sessions Data Return to Redirecting You are being redirected,
[04:13:08] [*] 提交后页面 step=probe-error path=https://accounts.x.ai/account hint=Page.evaluate: Execution context was destroyed, most likely because of a navigation
[04:13:08] [*] 资料已填: Lucas Yan
[04:13:08] [*] registered_emails 已更新: vincentsqi787thompson+3@outlook.com sso=empty
[04:13:08] [*] 5. 等待 sso cookie
[04:13:09] [*] 等待 sso 中... 已等 0s，剩余 29s | url=https://accounts.x.ai/account
[04:13:09] [*] 已获取到 sso cookie
[04:13:09] [*] registered_emails 已更新: vincentsqi787thompson+3@outlook.com sso=yes
[04:13:09] [*] grok2api Web SSO 上传尝试 1/3
[04:13:09] [*] grok2api 远端上传：登录管理后台（直连，不走代理）
[04:13:09] [+] grok2api 远端登录成功
[04:13:09] [*] grok2api 远端上传：调用 Web SSO 导入接口（直连）
[04:13:10] 【推送Grok2API 成功】
[04:13:10] [+] 已上传 Web SSO: 新增=1, 更新=0, 同步=1, 失败=0
[04:13:10] [*] grok2api Console SSO 上传尝试 1/3
[04:13:10] [*] grok2api 远端上传：登录管理后台（直连，不走代理）
[04:13:10] [+] grok2api 远端登录成功
[04:13:10] [*] grok2api 远端上传：调用 Console SSO 导入接口（直连）
[04:13:11] 【推送Grok2API 成功】
[04:13:11] [+] 已上传 Console SSO: 新增=1, 更新=0, 同步=1, 失败=0
[04:13:11] [风控] 检查新账号注册风控状态 ...
[04:13:13] [风控] ✅ 注册风控状态可用: botFlagSource=0
[04:13:13] [风控] 注册风控状态可用: botFlagSource=0
[04:13:13] [CPA] SSO → 协议 Device Flow 换 token (proxy=socks5h://109.166.36.243:1092) ...
[04:13:13] [CPA] [*] 尝试协议 Device Flow 换 token ...
[04:13:15] [CPA] ✅ sso 有效（协议路径）
[04:13:15] [CPA] 🔑 Device Flow: 申请 device_code / user_code ...
[04:13:15] [CPA] [*] user_code=P2Z2-F5P2 interval=5s expires_in=1800s
[04:13:16] [CPA] [*] Device Flow: verify user_code ...
[04:13:17] [CPA] ✅ device/verify OK → https://accounts.x.ai/oauth2/device/consent?user_code=P2Z2-F5P2
[04:13:17] [CPA] [*] Device Flow: approve allow principal_id=(empty) ...
[04:13:18] [CPA] ✅ device/approve 已允许
[04:13:18] [CPA] [*] Device Flow: 轮询 access/refresh token ...
[04:13:18] [CPA] ✅ access_token (expires_in=21600s) + refresh_token
[04:13:18] [CPA] JWT bfs 检测: clean
[04:13:18] [CPA] 已写入 CPA 本地 /home/ubuntu/grok-register-panel/cpa_auth/xai-vincentsqi787thompson_3@outlook.com.json
[04:13:18] [CPA] 已上传 CPA 远程 http://127.0.0.1:18457/.../xai-vincentsqi787thompson_3@outlook.com.json
[04:13:18] [CPA] 已写入 Grok2API /home/ubuntu/grok-register-panel/grok2api_auth/g2a-vincentsqi787thompson_3@outlook.com.json
[04:13:18] [+] 注册成功: vincentsqi787thompson+3@outlook.com
[04:13:18] [结果] status=ok ip=142.249.204.224 port=1092 email=vi***@outlook.com kind=success bot=0 risk=- bfs=-
[04:13:18] [*] 当前统计: 成功 84 | 失败 4 || 注册成功 84 | 注册失败 4 | SSO成功 86 | SSO失败 0 | 早期跳过 0 | G2A成功 86 | G2A失败 0 | CPA成功 84 | CPA失败 0 | 风控通过 84 | 风控 2
[04:13:20] [*] 下一个账号前等待 480 秒...
[04:14:20] [*] 账号间隔等待中… 剩余 420s / 共 480s
[04:15:20] [*] 账号间隔等待中… 剩余 360s / 共 480s
[04:16:20] [*] 账号间隔等待中… 剩余 300s / 共 480s
[04:17:20] [*] 账号间隔等待中… 剩余 240s / 共 480s
[04:18:20] [*] 账号间隔等待中… 剩余 180s / 共 480s
[04:19:20] [*] 账号间隔等待中… 剩余 120s / 共 480s
[04:20:20] [*] 账号间隔等待中… 剩余 60s / 共 480s
[04:21:20] [*] 下号代理: socks5h://15.204.89.179:1191
[04:21:20] --- 开始第 89/2000 个账号 ---
[04:21:20] [*] 1. 打开注册页 (尝试 1/3)
[04:21:24] [static-cache] enabled dir=/home/ubuntu/grok-register-panel/log/static-asset-cache hits=16056 misses=532 max_mb=1024
[04:21:24] [*] 出口IP=12.104.4.97 代理=socks5h://15.204.89.179:1191 | AS7018 | AT&T Enterprises, LLC | Boston
[04:21:24] [*] 指纹 os=windows platform=Win32 webgl=ANGLE (NVIDIA, NVIDIA GeForce GTX 980 Direct3D11 vs_5_0 ps_5_0), or similar fontsWin=True ua=Mozilla/5.0 (Windows NT 10.0; Win64; x64; rv:152.0) Gecko/20100101 Firef… leak=none
[04:21:24] [*] 浏览器已启动
[04:21:31] [*] 当前URL: https://accounts.x.ai/sign-up?redirect=grok-com
[04:21:35] [*] 已点击「使用邮箱注册」按钮（原生事件）: Sign up with email
[04:21:36] [*] 2. 创建邮箱并提交
[04:21:37] [*] 已创建邮箱: luclia1193961martins+3@outlook.com
[04:21:46] [*] 已填写邮箱并提交: luclia1193961martins+3@outlook.com (Sign up)
[04:21:46] [*] 邮箱: luclia1193961martins+3@outlook.com
[04:21:46] [*] 3. 拉取验证码
[04:21:50] [*] Outlook RT 等待验证码… 剩余 175s 邮件 4 封
[04:21:55] [*] Outlook RT 已提取验证码并完成库存记账
[04:21:59] [*] 已填写验证码并提交: 531-866
[04:21:59] [*] 验证码后页面 step=profile path=/sign-up?redirect=grok-com cf=True buttons=['Grok', 'Complete sign up', 'Go back', 'Your privacy choices']
[04:21:59] [*] 验证码: 531-866
[04:21:59] [*] 4. 填写资料
[04:22:14] [*] 已点击资料提交: Adam Yao
[04:22:14] [*] 提交后页面 step=profile path=/sign-up?redirect=grok-com hint=You are signing into Grok Complete your sign up luclia1193961martins+3@outlook.com First name Last name Password Complete sign upGo back By 
[04:22:20] [*] 提交后页面 step=unknown path=/account hint=((a,b,c,d,e,f,g,h)=>{let i=document.documentElement,j=["light","dark"];function k(b){var c;(Array.isArray(a)?a:[a]).forEach(a=>{let c="class
[04:22:20] [*] 提交后页面 step=unknown path=/account hint=SpaceXAI Toggle theme AY Welcome, Adam. Manage your account. Account Security Sessions Data Return to Redirecting You are being redirected, 
[04:22:24] [*] 提交后页面 step=probe-error path=https://accounts.x.ai/account hint=Page.evaluate: Execution context was destroyed, most likely because of a navigation
[04:22:28] [*] 资料已填: Adam Yao
[04:22:28] [*] registered_emails 已更新: luclia1193961martins+3@outlook.com sso=empty
[04:22:28] [*] 5. 等待 sso cookie
[04:22:28] [*] 等待 sso 中... 已等 0s，剩余 29s | url=https://grok.com/
[04:22:32] [*] 已获取到 sso cookie
[04:22:32] [*] registered_emails 已更新: luclia1193961martins+3@outlook.com sso=yes
[04:22:32] [*] grok2api Web SSO 上传尝试 1/3
[04:22:32] [*] grok2api 远端上传：登录管理后台（直连，不走代理）
[04:22:32] [+] grok2api 远端登录成功
[04:22:32] [*] grok2api 远端上传：调用 Web SSO 导入接口（直连）
[04:22:33] 【推送Grok2API 成功】
[04:22:33] [+] 已上传 Web SSO: 新增=1, 更新=0, 同步=1, 失败=0
[04:22:33] [*] grok2api Console SSO 上传尝试 1/3
[04:22:33] [*] grok2api 远端上传：登录管理后台（直连，不走代理）
[04:22:33] [+] grok2api 远端登录成功
[04:22:33] [*] grok2api 远端上传：调用 Console SSO 导入接口（直连）
[04:22:34] 【推送Grok2API 成功】
[04:22:34] [+] 已上传 Console SSO: 新增=1, 更新=0, 同步=1, 失败=0
[04:22:34] [风控] 检查新账号注册风控状态 ...
[04:22:35] [风控] ✅ 注册风控状态可用: botFlagSource=0
[04:22:35] [风控] 注册风控状态可用: botFlagSource=0
[04:22:35] [CPA] SSO → 协议 Device Flow 换 token (proxy=socks5h://15.204.89.179:1191) ...
[04:22:35] [CPA] [*] 尝试协议 Device Flow 换 token ...
[04:22:36] [CPA] ✅ sso 有效（协议路径）
[04:22:36] [CPA] 🔑 Device Flow: 申请 device_code / user_code ...
[04:22:36] [CPA] [*] user_code=ZPFJ-TK7K interval=5s expires_in=1800s
[04:22:37] [CPA] [*] Device Flow: verify user_code ...
[04:22:37] [CPA] ✅ device/verify OK → https://accounts.x.ai/oauth2/device/consent?user_code=ZPFJ-TK7K
[04:22:37] [CPA] [*] Device Flow: approve allow principal_id=(empty) ...
[04:22:37] [CPA] ✅ device/approve 已允许
[04:22:37] [CPA] [*] Device Flow: 轮询 access/refresh token ...
[04:22:38] [CPA] ✅ access_token (expires_in=21600s) + refresh_token
[04:22:38] [CPA] JWT bfs 检测: clean
[04:22:38] [CPA] 已写入 CPA 本地 /home/ubuntu/grok-register-panel/cpa_auth/xai-luclia1193961martins_3@outlook.com.json
[04:22:38] [CPA] 已上传 CPA 远程 http://127.0.0.1:18457/.../xai-luclia1193961martins_3@outlook.com.json
[04:22:38] [CPA] 已写入 Grok2API /home/ubuntu/grok-register-panel/grok2api_auth/g2a-luclia1193961martins_3@outlook.com.json
[04:22:38] [+] 注册成功: luclia1193961martins+3@outlook.com
[04:22:38] [结果] status=ok ip=12.104.4.97 port=1191 email=lu***@outlook.com kind=success bot=0 risk=- bfs=-
[04:22:38] [*] 当前统计: 成功 85 | 失败 4 || 注册成功 85 | 注册失败 4 | SSO成功 87 | SSO失败 0 | 早期跳过 0 | G2A成功 87 | G2A失败 0 | CPA成功 85 | CPA失败 0 | 风控通过 85 | 风控 2
[04:22:38] [*] 已成功 85 个账号，执行定期清理: 关闭浏览器并清理内存
[04:22:39] [*] Python GC 已回收对象数: 31608
[04:22:40] [*] 下一个账号前等待 480 秒...
[04:23:40] [*] 账号间隔等待中… 剩余 420s / 共 480s
[04:24:40] [*] 账号间隔等待中… 剩余 360s / 共 480s
[04:25:40] [*] 账号间隔等待中… 剩余 300s / 共 480s
[04:26:40] [*] 账号间隔等待中… 剩余 240s / 共 480s
[04:27:40] [*] 账号间隔等待中… 剩余 180s / 共 480s
[04:28:40] [*] 账号间隔等待中… 剩余 120s / 共 480s
[04:29:40] [*] 账号间隔等待中… 剩余 60s / 共 480s
[04:30:40] [*] 下号代理: socks5h://109.166.36.243:1091
[04:30:40] --- 开始第 90/2000 个账号 ---
[04:30:40] [*] 1. 打开注册页 (尝试 1/3)
[04:30:45] [static-cache] enabled dir=/home/ubuntu/grok-register-panel/log/static-asset-cache hits=16242 misses=589 max_mb=1024
[04:30:45] [*] 出口IP=142.249.204.75 代理=socks5h://109.166.36.243:1091 | AS45691 | DODO-CORE - DODO K.K. | Tokyo
[04:30:45] [*] 指纹 os=windows platform=Win32 webgl=ANGLE (NVIDIA, NVIDIA GeForce GTX 980 Direct3D11 vs_5_0 ps_5_0), or similar fontsWin=True ua=Mozilla/5.0 (Windows NT 10.0; Win64; x64; rv:152.0) Gecko/20100101 Firef… leak=none
[04:30:45] [*] 浏览器已启动
[04:30:51] [*] 当前URL: https://accounts.x.ai/sign-up?redirect=grok-com
[04:30:56] [*] 已点击「使用邮箱注册」按钮（原生事件）: Sign up with email
[04:30:56] [*] 2. 创建邮箱并提交
[04:30:58] [*] 已创建邮箱: victoria25bl381armas+3@outlook.com
[04:31:08] [*] 已填写邮箱并提交: victoria25bl381armas+3@outlook.com (Sign up)
[04:31:08] [*] 邮箱: victoria25bl381armas+3@outlook.com
[04:31:08] [*] 3. 拉取验证码
[04:31:11] [*] Outlook RT 等待验证码… 剩余 177s 邮件 4 封
[04:31:16] [*] Outlook RT 已提取验证码并完成库存记账
[04:31:19] [*] 已填写验证码并提交: 028-826
[04:31:19] [*] 验证码后页面 step=profile path=/sign-up?redirect=grok-com cf=True buttons=['Grok', 'Complete sign up', 'Go back', 'Your privacy choices']
[04:31:19] [*] 验证码: 028-826
[04:31:19] [*] 4. 填写资料
[04:31:32] [*] 已点击资料提交: Noah Guo
[04:31:32] [*] 提交后页面 step=profile path=/sign-up?redirect=grok-com hint=You are signing into Grok Complete your sign up victoria25bl381armas+3@outlook.com First name Last name Password Complete sign upGo back By 
[04:31:39] [*] 提交后页面 step=unknown path=/account hint=((a,b,c,d,e,f,g,h)=>{let i=document.documentElement,j=["light","dark"];function k(b){var c;(Array.isArray(a)?a:[a]).forEach(a=>{let c="class
[04:31:40] [*] 提交后页面 step=unknown path=/account hint=SpaceXAI Toggle theme NG Welcome, Noah. Manage your account. Account Security Sessions Data Return to Redirecting You are being redirected, 
[04:31:46] [*] 资料已填: Noah Guo
[04:31:46] [*] registered_emails 已更新: victoria25bl381armas+3@outlook.com sso=empty
[04:31:46] [*] 5. 等待 sso cookie
[04:31:46] [*] 等待 sso 中... 已等 0s，剩余 29s | url=https://grok.com/
[04:31:48] [*] 已获取到 sso cookie
[04:31:48] [*] registered_emails 已更新: victoria25bl381armas+3@outlook.com sso=yes
[04:31:48] [*] grok2api Web SSO 上传尝试 1/3
[04:31:48] [*] grok2api 远端上传：登录管理后台（直连，不走代理）
[04:31:48] [+] grok2api 远端登录成功
[04:31:48] [*] grok2api 远端上传：调用 Web SSO 导入接口（直连）
[04:31:49] 【推送Grok2API 成功】
[04:31:49] [+] 已上传 Web SSO: 新增=1, 更新=0, 同步=1, 失败=0
[04:31:49] [*] grok2api Console SSO 上传尝试 1/3
[04:31:49] [*] grok2api 远端上传：登录管理后台（直连，不走代理）
[04:31:49] [+] grok2api 远端登录成功
[04:31:49] [*] grok2api 远端上传：调用 Console SSO 导入接口（直连）
[04:31:50] 【推送Grok2API 成功】
[04:31:50] [+] 已上传 Console SSO: 新增=1, 更新=0, 同步=1, 失败=0
[04:31:50] [风控] 检查新账号注册风控状态 ...
[04:31:52] [风控] ✅ 注册风控状态可用: botFlagSource=0
[04:31:52] [风控] 注册风控状态可用: botFlagSource=0
[04:31:52] [CPA] SSO → 协议 Device Flow 换 token (proxy=socks5h://109.166.36.243:1091) ...
[04:31:52] [CPA] [*] 尝试协议 Device Flow 换 token ...
[04:31:53] [CPA] ✅ sso 有效（协议路径）
[04:31:53] [CPA] 🔑 Device Flow: 申请 device_code / user_code ...
[04:31:54] [CPA] [*] user_code=GJAT-BRVP interval=5s expires_in=1800s
[04:31:55] [CPA] [*] Device Flow: verify user_code ...
[04:31:55] [CPA] ✅ device/verify OK → https://accounts.x.ai/oauth2/device/consent?user_code=GJAT-BRVP
[04:31:55] [CPA] [*] Device Flow: approve allow principal_id=(empty) ...
[04:31:56] [CPA] ✅ device/approve 已允许
[04:31:56] [CPA] [*] Device Flow: 轮询 access/refresh token ...
[04:31:57] [CPA] ✅ access_token (expires_in=21600s) + refresh_token
[04:31:57] [CPA] JWT bfs 检测: clean
[04:31:57] [CPA] 已写入 CPA 本地 /home/ubuntu/grok-register-panel/cpa_auth/xai-victoria25bl381armas_3@outlook.com.json
[04:31:57] [CPA] 已上传 CPA 远程 http://127.0.0.1:18457/.../xai-victoria25bl381armas_3@outlook.com.json
[04:31:57] [CPA] 已写入 Grok2API /home/ubuntu/grok-register-panel/grok2api_auth/g2a-victoria25bl381armas_3@outlook.com.json
[04:31:57] [+] 注册成功: victoria25bl381armas+3@outlook.com
[04:31:57] [结果] status=ok ip=142.249.204.75 port=1091 email=vi***@outlook.com kind=success bot=0 risk=- bfs=-
[04:31:57] [*] 当前统计: 成功 86 | 失败 4 || 注册成功 86 | 注册失败 4 | SSO成功 88 | SSO失败 0 | 早期跳过 0 | G2A成功 88 | G2A失败 0 | CPA成功 86 | CPA失败 0 | 风控通过 86 | 风控 2
[04:31:59] [*] 下一个账号前等待 480 秒...
[04:32:59] [*] 账号间隔等待中… 剩余 420s / 共 480s
[04:33:59] [*] 账号间隔等待中… 剩余 360s / 共 480s
[04:34:59] [*] 账号间隔等待中… 剩余 300s / 共 480s
[04:35:59] [*] 账号间隔等待中… 剩余 240s / 共 480s
[04:36:59] [*] 账号间隔等待中… 剩余 180s / 共 480s
[04:37:59] [*] 账号间隔等待中… 剩余 120s / 共 480s
[04:38:59] [*] 账号间隔等待中… 剩余 60s / 共 480s
[04:39:59] [*] 下号代理: socks5h://109.166.36.243:1090
[04:39:59] --- 开始第 91/2000 个账号 ---
[04:39:59] [*] 1. 打开注册页 (尝试 1/3)
[04:40:05] [static-cache] enabled dir=/home/ubuntu/grok-register-panel/log/static-asset-cache hits=16486 misses=589 max_mb=1024
[04:40:05] [*] 出口IP=142.249.204.223 代理=socks5h://109.166.36.243:1090 | AS45691 | DODO-CORE - DODO K.K. | Tokyo
[04:40:05] [*] 指纹 os=windows platform=Win32 webgl=ANGLE (Intel, Intel(R) HD Graphics 400 Direct3D11 vs_5_0 ps_5_0), or similar fontsWin=True ua=Mozilla/5.0 (Windows NT 10.0; Win64; x64; rv:152.0) Gecko/20100101 Firef… leak=none
[04:40:05] [*] 浏览器已启动
[04:40:16] [*] 当前URL: https://accounts.x.ai/sign-up?redirect=grok-com
[04:40:21] [*] 已点击「使用邮箱注册」按钮（原生事件）: Sign up with email
[04:40:22] [*] 2. 创建邮箱并提交
[04:40:23] [*] 已创建邮箱: briansvy908bradley+3@outlook.com
[04:40:35] [*] 已填写邮箱并提交: briansvy908bradley+3@outlook.com (Sign up)
[04:40:35] [*] 邮箱: briansvy908bradley+3@outlook.com
[04:40:35] [*] 3. 拉取验证码
[04:40:38] [*] Outlook RT 等待验证码… 剩余 176s 邮件 4 封
[04:40:42] [*] Outlook RT 已提取验证码并完成库存记账
[04:40:47] [*] 已填写验证码并提交: 471-846
[04:40:47] [*] 验证码后页面 step=profile path=/sign-up?redirect=grok-com cf=True buttons=['Grok', 'Complete sign up', 'Go back', 'Your privacy choices']
[04:40:47] [*] 验证码: 471-846
[04:40:47] [*] 4. 填写资料
[04:41:03] [*] 已点击资料提交: Nathan Wang
[04:41:03] [*] 提交后页面 step=profile path=/sign-up?redirect=grok-com hint=You are signing into Grok Complete your sign up briansvy908bradley+3@outlook.com First name Last name Password Complete sign upGo back By co
[04:41:11] [*] 提交后页面 step=probe-error path=https://accounts.x.ai/sign-up?redirect=grok-com hint=Page.evaluate: Execution context was destroyed, most likely because of a navigation
[04:41:12] [*] 提交后页面 step=unknown path=/account hint=((a,b,c,d,e,f,g,h)=>{let i=document.documentElement,j=["light","dark"];function k(b){var c;(Array.isArray(a)?a:[a]).forEach(a=>{let c="class
[04:41:14] [*] 提交后页面 step=unknown path=/account hint=SpaceXAI Toggle theme NW Welcome, Nathan. Manage your account. Account Security Sessions Data Return to Redirecting You are being redirected
[04:41:16] [*] 资料已填: Nathan Wang
[04:41:16] [*] registered_emails 已更新: briansvy908bradley+3@outlook.com sso=empty
[04:41:16] [*] 5. 等待 sso cookie
[04:41:16] [*] 等待 sso 中... 已等 0s，剩余 29s | url=https://accounts.x.ai/account
[04:41:16] [*] 已获取到 sso cookie
[04:41:16] [*] registered_emails 已更新: briansvy908bradley+3@outlook.com sso=yes
[04:41:16] [*] grok2api Web SSO 上传尝试 1/3
[04:41:16] [*] grok2api 远端上传：登录管理后台（直连，不走代理）
[04:41:17] [+] grok2api 远端登录成功
[04:41:17] [*] grok2api 远端上传：调用 Web SSO 导入接口（直连）
[04:41:18] 【推送Grok2API 成功】
[04:41:18] [+] 已上传 Web SSO: 新增=1, 更新=0, 同步=1, 失败=0
[04:41:18] [*] grok2api Console SSO 上传尝试 1/3
[04:41:18] [*] grok2api 远端上传：登录管理后台（直连，不走代理）
[04:41:18] [+] grok2api 远端登录成功
[04:41:18] [*] grok2api 远端上传：调用 Console SSO 导入接口（直连）
[04:41:18] 【推送Grok2API 成功】
[04:41:18] [+] 已上传 Console SSO: 新增=1, 更新=0, 同步=1, 失败=0
[04:41:18] [风控] 检查新账号注册风控状态 ...
[04:41:20] [风控] ✅ 注册风控状态可用: botFlagSource=0
[04:41:20] [风控] 注册风控状态可用: botFlagSource=0
[04:41:20] [CPA] SSO → 协议 Device Flow 换 token (proxy=socks5h://109.166.36.243:1090) ...
[04:41:20] [CPA] [*] 尝试协议 Device Flow 换 token ...
[04:41:21] [CPA] ✅ sso 有效（协议路径）
[04:41:21] [CPA] 🔑 Device Flow: 申请 device_code / user_code ...
[04:41:22] [CPA] [*] user_code=WMN2-VQNW interval=5s expires_in=1800s
[04:41:23] [CPA] [*] Device Flow: verify user_code ...
[04:41:24] [CPA] ✅ device/verify OK → https://accounts.x.ai/oauth2/device/consent?user_code=WMN2-VQNW
[04:41:24] [CPA] [*] Device Flow: approve allow principal_id=(empty) ...
[04:41:25] [CPA] ✅ device/approve 已允许
[04:41:25] [CPA] [*] Device Flow: 轮询 access/refresh token ...
[04:41:25] [CPA] ✅ access_token (expires_in=21600s) + refresh_token
[04:41:25] [CPA] JWT bfs 检测: clean
[04:41:25] [CPA] 已写入 CPA 本地 /home/ubuntu/grok-register-panel/cpa_auth/xai-briansvy908bradley_3@outlook.com.json
[04:41:25] [CPA] 已上传 CPA 远程 http://127.0.0.1:18457/.../xai-briansvy908bradley_3@outlook.com.json
[04:41:25] [CPA] 已写入 Grok2API /home/ubuntu/grok-register-panel/grok2api_auth/g2a-briansvy908bradley_3@outlook.com.json
[04:41:25] [+] 注册成功: briansvy908bradley+3@outlook.com
[04:41:25] [结果] status=ok ip=142.249.204.223 port=1090 email=br***@outlook.com kind=success bot=0 risk=- bfs=-
[04:41:25] [*] 当前统计: 成功 87 | 失败 4 || 注册成功 87 | 注册失败 4 | SSO成功 89 | SSO失败 0 | 早期跳过 0 | G2A成功 89 | G2A失败 0 | CPA成功 87 | CPA失败 0 | 风控通过 87 | 风控 2
[04:41:26] [*] 下一个账号前等待 480 秒...
[04:42:26] [*] 账号间隔等待中… 剩余 420s / 共 480s
[04:43:26] [*] 账号间隔等待中… 剩余 360s / 共 480s
[04:44:26] [*] 账号间隔等待中… 剩余 300s / 共 480s
[04:45:27] [*] 账号间隔等待中… 剩余 240s / 共 480s
[04:46:27] [*] 账号间隔等待中… 剩余 180s / 共 480s
[04:47:27] [*] 账号间隔等待中… 剩余 120s / 共 480s
[04:48:27] [*] 账号间隔等待中… 剩余 60s / 共 480s
[04:49:26] [*] 下号代理: socks5h://15.204.89.179:1178
[04:49:26] --- 开始第 92/2000 个账号 ---
[04:49:26] [*] 1. 打开注册页 (尝试 1/3)
[04:49:30] [static-cache] enabled dir=/home/ubuntu/grok-register-panel/log/static-asset-cache hits=16589 misses=590 max_mb=1024
[04:49:30] [*] 出口IP=12.104.4.66 代理=socks5h://15.204.89.179:1178 | AS7018 | AT&T Enterprises, LLC | Boston
[04:49:31] [*] 指纹 os=windows platform=Win32 webgl=ANGLE (NVIDIA, NVIDIA GeForce GTX 980 Direct3D11 vs_5_0 ps_5_0), or similar fontsWin=True ua=Mozilla/5.0 (Windows NT 10.0; Win64; x64; rv:152.0) Gecko/20100101 Firef… leak=none
[04:49:31] [*] 浏览器已启动
[04:49:38] [*] 当前URL: https://accounts.x.ai/sign-up?redirect=grok-com
[04:49:41] [*] 已点击「使用邮箱注册」按钮（原生事件）: Sign up with email
[04:49:42] [*] 2. 创建邮箱并提交
[04:49:43] [*] 已创建邮箱: marcela35742dfogaa+3@outlook.com
[04:49:53] [*] 已填写邮箱并提交: marcela35742dfogaa+3@outlook.com (Sign up)
[04:49:53] [*] 邮箱: marcela35742dfogaa+3@outlook.com
[04:49:53] [*] 3. 拉取验证码
[04:49:57] [*] Outlook RT 已提取验证码并完成库存记账
[04:50:00] [*] 已填写验证码并提交: 368-371
[04:50:00] [*] 验证码后页面 step=profile path=/sign-up?redirect=grok-com cf=True buttons=['Grok', 'Complete sign up', 'Go back', 'Your privacy choices']
[04:50:00] [*] 验证码: 368-371
[04:50:00] [*] 4. 填写资料
[04:50:13] [*] 已点击资料提交: Aron Mao
[04:50:13] [*] 提交后页面 step=profile path=/sign-up?redirect=grok-com hint=You are signing into Grok Complete your sign up marcela35742dfogaa+3@outlook.com First name Last name Password Complete sign upGo back By co
[04:50:18] [*] 提交后页面 step=probe-error path=https://accounts.x.ai/sign-up?redirect=grok-com hint=Page.evaluate: Execution context was destroyed, most likely because of a navigation
[04:50:19] [*] 提交后页面 step=unknown path=/account hint=((a,b,c,d,e,f,g,h)=>{let i=document.documentElement,j=["light","dark"];function k(b){var c;(Array.isArray(a)?a:[a]).forEach(a=>{let c="class
[04:50:20] [*] 提交后页面 step=unknown path=/account hint=SpaceXAI Toggle theme AM Welcome, Aron. Manage your account. Account Security Sessions Data Return to Redirecting You are being redirected, 
[04:50:25] [*] 资料已填: Aron Mao
[04:50:25] [*] registered_emails 已更新: marcela35742dfogaa+3@outlook.com sso=empty
[04:50:25] [*] 5. 等待 sso cookie
[04:50:25] [*] 等待 sso 中... 已等 0s，剩余 29s | url=https://grok.com/
[04:50:26] [*] 已获取到 sso cookie
[04:50:26] [*] registered_emails 已更新: marcela35742dfogaa+3@outlook.com sso=yes
[04:50:26] [*] grok2api Web SSO 上传尝试 1/3
[04:50:26] [*] grok2api 远端上传：登录管理后台（直连，不走代理）
[04:50:26] [+] grok2api 远端登录成功
[04:50:26] [*] grok2api 远端上传：调用 Web SSO 导入接口（直连）
[04:50:27] 【推送Grok2API 成功】
[04:50:27] [+] 已上传 Web SSO: 新增=1, 更新=0, 同步=1, 失败=0
[04:50:27] [*] grok2api Console SSO 上传尝试 1/3
[04:50:27] [*] grok2api 远端上传：登录管理后台（直连，不走代理）
[04:50:27] [+] grok2api 远端登录成功
[04:50:27] [*] grok2api 远端上传：调用 Console SSO 导入接口（直连）
[04:50:28] 【推送Grok2API 成功】
[04:50:28] [+] 已上传 Console SSO: 新增=1, 更新=0, 同步=1, 失败=0
[04:50:28] [风控] 检查新账号注册风控状态 ...
[04:50:29] [风控] ✅ 注册风控状态可用: botFlagSource=0
[04:50:29] [风控] 注册风控状态可用: botFlagSource=0
[04:50:29] [CPA] SSO → 协议 Device Flow 换 token (proxy=socks5h://15.204.89.179:1178) ...
[04:50:29] [CPA] [*] 尝试协议 Device Flow 换 token ...
[04:50:30] [CPA] ✅ sso 有效（协议路径）
[04:50:30] [CPA] 🔑 Device Flow: 申请 device_code / user_code ...
[04:50:31] [CPA] [*] user_code=CRWH-EJTF interval=5s expires_in=1800s
[04:50:31] [CPA] [*] Device Flow: verify user_code ...
[04:50:31] [CPA] ✅ device/verify OK → https://accounts.x.ai/oauth2/device/consent?user_code=CRWH-EJTF
[04:50:31] [CPA] [*] Device Flow: approve allow principal_id=(empty) ...
[04:50:32] [CPA] ✅ device/approve 已允许
[04:50:32] [CPA] [*] Device Flow: 轮询 access/refresh token ...
[04:50:32] [CPA] ✅ access_token (expires_in=21600s) + refresh_token
[04:50:32] [CPA] JWT bfs 检测: clean
[04:50:32] [CPA] 已写入 CPA 本地 /home/ubuntu/grok-register-panel/cpa_auth/xai-marcela35742dfogaa_3@outlook.com.json
[04:50:32] [CPA] 已上传 CPA 远程 http://127.0.0.1:18457/.../xai-marcela35742dfogaa_3@outlook.com.json
[04:50:32] [CPA] 已写入 Grok2API /home/ubuntu/grok-register-panel/grok2api_auth/g2a-marcela35742dfogaa_3@outlook.com.json
[04:50:32] [+] 注册成功: marcela35742dfogaa+3@outlook.com
[04:50:32] [结果] status=ok ip=12.104.4.66 port=1178 email=ma***@outlook.com kind=success bot=0 risk=- bfs=-
[04:50:32] [*] 当前统计: 成功 88 | 失败 4 || 注册成功 88 | 注册失败 4 | SSO成功 90 | SSO失败 0 | 早期跳过 0 | G2A成功 90 | G2A失败 0 | CPA成功 88 | CPA失败 0 | 风控通过 88 | 风控 2
[04:50:34] [*] 下一个账号前等待 480 秒...
[04:51:34] [*] 账号间隔等待中… 剩余 420s / 共 480s
[04:52:34] [*] 账号间隔等待中… 剩余 360s / 共 480s
[04:53:34] [*] 账号间隔等待中… 剩余 300s / 共 480s
[04:54:34] [*] 账号间隔等待中… 剩余 240s / 共 480s
[04:55:34] [*] 账号间隔等待中… 剩余 180s / 共 480s
[04:56:34] [*] 账号间隔等待中… 剩余 120s / 共 480s
[04:57:34] [*] 账号间隔等待中… 剩余 60s / 共 480s
[04:58:34] [*] 下号代理: socks5h://109.166.36.243:1092
[04:58:34] --- 开始第 93/2000 个账号 ---
[04:58:34] [*] 1. 打开注册页 (尝试 1/3)
[04:58:38] [static-cache] enabled dir=/home/ubuntu/grok-register-panel/log/static-asset-cache hits=16833 misses=590 max_mb=1024
[04:58:38] [*] 出口IP=142.249.204.224 代理=socks5h://109.166.36.243:1092 | AS45691 | DODO-CORE - DODO K.K. | Tokyo
[04:58:38] [*] 指纹 os=windows platform=Win32 webgl=ANGLE (NVIDIA, NVIDIA GeForce GTX 980 Direct3D11 vs_5_0 ps_5_0), or similar fontsWin=True ua=Mozilla/5.0 (Windows NT 10.0; Win64; x64; rv:152.0) Gecko/20100101 Firef… leak=none
[04:58:38] [*] 浏览器已启动
[04:58:47] [*] 当前URL: https://accounts.x.ai/sign-up?redirect=grok-com
[04:58:50] [*] 已点击「使用邮箱注册」按钮（原生事件）: Sign up with email
[04:58:51] [*] 2. 创建邮箱并提交
[04:58:52] [*] 已创建邮箱: williamz7333morin+3@outlook.com
[04:59:01] [*] 已填写邮箱并提交: williamz7333morin+3@outlook.com (Sign up)
[04:59:01] [*] 邮箱: williamz7333morin+3@outlook.com
[04:59:01] [*] 3. 拉取验证码
[04:59:04] [*] Outlook RT 等待验证码… 剩余 176s 邮件 4 封
[04:59:09] [*] Outlook RT 已提取验证码并完成库存记账
[04:59:12] [*] 已填写验证码并提交: 994-034
[04:59:12] [*] 验证码后页面 step=profile path=/sign-up?redirect=grok-com cf=True buttons=['Grok', 'Complete sign up', 'Go back', 'Your privacy choices']
[04:59:12] [*] 验证码: 994-034
[04:59:12] [*] 4. 填写资料
[04:59:26] [*] 已点击资料提交: Mason Xie
[04:59:26] [*] 提交后页面 step=profile path=/sign-up?redirect=grok-com hint=You are signing into Grok Complete your sign up williamz7333morin+3@outlook.com First name Last name Password Complete sign upGo back By con
[04:59:33] [*] 提交后页面 step=probe-error path=https://accounts.x.ai/sign-up?redirect=grok-com hint=Page.evaluate: Execution context was destroyed, most likely because of a navigation
[04:59:33] [*] 提交后页面 step=unknown path=/account hint=((a,b,c,d,e,f,g,h)=>{let i=document.documentElement,j=["light","dark"];function k(b){var c;(Array.isArray(a)?a:[a]).forEach(a=>{let c="class
[04:59:34] [*] 提交后页面 step=unknown path=/account hint=SpaceXAI Toggle theme MX Welcome, Mason. Manage your account. Account Security Sessions Data Return to Redirecting You are being redirected,
[04:59:38] [*] 提交后页面 step=probe-error path=https://accounts.x.ai/account hint=Page.evaluate: Execution context was destroyed, most likely because of a navigation
[04:59:38] [*] 资料已填: Mason Xie
[04:59:38] [*] registered_emails 已更新: williamz7333morin+3@outlook.com sso=empty
[04:59:38] [*] 5. 等待 sso cookie
[04:59:39] [*] 等待 sso 中... 已等 0s，剩余 29s | url=https://accounts.x.ai/account
[04:59:40] [*] 已获取到 sso cookie
[04:59:40] [*] registered_emails 已更新: williamz7333morin+3@outlook.com sso=yes
[04:59:40] [*] grok2api Web SSO 上传尝试 1/3
[04:59:40] [*] grok2api 远端上传：登录管理后台（直连，不走代理）
[04:59:40] [+] grok2api 远端登录成功
[04:59:40] [*] grok2api 远端上传：调用 Web SSO 导入接口（直连）
[04:59:41] 【推送Grok2API 成功】
[04:59:41] [+] 已上传 Web SSO: 新增=1, 更新=0, 同步=1, 失败=0
[04:59:41] [*] grok2api Console SSO 上传尝试 1/3
[04:59:41] [*] grok2api 远端上传：登录管理后台（直连，不走代理）
[04:59:41] [+] grok2api 远端登录成功
[04:59:41] [*] grok2api 远端上传：调用 Console SSO 导入接口（直连）
[04:59:42] 【推送Grok2API 成功】
[04:59:42] [+] 已上传 Console SSO: 新增=1, 更新=0, 同步=1, 失败=0
[04:59:42] [风控] 检查新账号注册风控状态 ...
[04:59:43] [风控] ✅ 注册风控状态可用: botFlagSource=0
[04:59:44] [风控] 注册风控状态可用: botFlagSource=0
[04:59:44] [CPA] SSO → 协议 Device Flow 换 token (proxy=socks5h://109.166.36.243:1092) ...
[04:59:44] [CPA] [*] 尝试协议 Device Flow 换 token ...
[04:59:45] [CPA] ✅ sso 有效（协议路径）
[04:59:45] [CPA] 🔑 Device Flow: 申请 device_code / user_code ...
[04:59:46] [CPA] [*] user_code=MF47-5ZJR interval=5s expires_in=1800s
[04:59:46] [CPA] [*] Device Flow: verify user_code ...
[04:59:47] [CPA] ✅ device/verify OK → https://accounts.x.ai/oauth2/device/consent?user_code=MF47-5ZJR
[04:59:47] [CPA] [*] Device Flow: approve allow principal_id=(empty) ...
[04:59:48] [CPA] ✅ device/approve 已允许
[04:59:48] [CPA] [*] Device Flow: 轮询 access/refresh token ...
[04:59:49] [CPA] ✅ access_token (expires_in=21600s) + refresh_token
[04:59:49] [CPA] JWT bfs 检测: clean
[04:59:49] [CPA] 已写入 CPA 本地 /home/ubuntu/grok-register-panel/cpa_auth/xai-williamz7333morin_3@outlook.com.json
[04:59:49] [CPA] 已上传 CPA 远程 http://127.0.0.1:18457/.../xai-williamz7333morin_3@outlook.com.json
[04:59:49] [CPA] 已写入 Grok2API /home/ubuntu/grok-register-panel/grok2api_auth/g2a-williamz7333morin_3@outlook.com.json
[04:59:49] [+] 注册成功: williamz7333morin+3@outlook.com
[04:59:49] [结果] status=ok ip=142.249.204.224 port=1092 email=wi***@outlook.com kind=success bot=0 risk=- bfs=-
[04:59:49] [*] 当前统计: 成功 89 | 失败 4 || 注册成功 89 | 注册失败 4 | SSO成功 91 | SSO失败 0 | 早期跳过 0 | G2A成功 91 | G2A失败 0 | CPA成功 89 | CPA失败 0 | 风控通过 89 | 风控 2
[04:59:50] [*] 下一个账号前等待 480 秒...
[05:00:50] [*] 账号间隔等待中… 剩余 420s / 共 480s
[05:01:50] [*] 账号间隔等待中… 剩余 360s / 共 480s
[05:02:50] [*] 账号间隔等待中… 剩余 300s / 共 480s
[05:03:50] [*] 账号间隔等待中… 剩余 240s / 共 480s
[05:04:50] [*] 账号间隔等待中… 剩余 180s / 共 480s
[05:05:50] [*] 账号间隔等待中… 剩余 120s / 共 480s
[05:06:50] [*] 账号间隔等待中… 剩余 60s / 共 480s
[05:07:50] [*] 下号代理: socks5h://15.204.89.179:1191
[05:07:50] --- 开始第 94/2000 个账号 ---
[05:07:50] [*] 1. 打开注册页 (尝试 1/3)
[05:07:54] [static-cache] enabled dir=/home/ubuntu/grok-register-panel/log/static-asset-cache hits=17077 misses=590 max_mb=1024
[05:07:54] [*] 出口IP=12.104.4.97 代理=socks5h://15.204.89.179:1191 | AS7018 | AT&T Enterprises, LLC | Boston
[05:07:54] [*] 指纹 os=windows platform=Win32 webgl=ANGLE (Intel, Intel(R) HD Graphics Direct3D11 vs_5_0 ps_5_0) fontsWin=True ua=Mozilla/5.0 (Windows NT 10.0; Win64; x64; rv:152.0) Gecko/20100101 Firef… leak=none
[05:07:54] [*] 浏览器已启动
[05:08:01] [*] 当前URL: https://accounts.x.ai/sign-up?redirect=grok-com
[05:08:06] [*] 已点击「使用邮箱注册」按钮（原生事件）: Sign up with email
[05:08:06] [*] 2. 创建邮箱并提交
[05:08:07] [*] 已创建邮箱: norma16jh974laureano+3@outlook.com
[05:08:17] [*] 已填写邮箱并提交: norma16jh974laureano+3@outlook.com (Sign up)
[05:08:17] [*] 邮箱: norma16jh974laureano+3@outlook.com
[05:08:17] [*] 3. 拉取验证码
[05:08:21] [*] Outlook RT 等待验证码… 剩余 176s 邮件 4 封
[05:08:26] [*] Outlook RT 已提取验证码并完成库存记账
[05:08:29] [*] 已填写验证码并提交: 968-970
[05:08:29] [*] 验证码后页面 step=profile path=/sign-up?redirect=grok-com cf=True buttons=['Grok', 'Complete sign up', 'Go back', 'Your privacy choices']
[05:08:29] [*] 验证码: 968-970
[05:08:29] [*] 4. 填写资料
[05:08:41] [*] 已点击资料提交: Hunter Song
[05:08:41] [*] 提交后页面 step=profile path=/sign-up?redirect=grok-com hint=You are signing into Grok Complete your sign up norma16jh974laureano+3@outlook.com First name Last name Password Complete sign upGo back By 
[05:08:48] [*] 提交后页面 step=unknown path=/account hint=((a,b,c,d,e,f,g,h)=>{let i=document.documentElement,j=["light","dark"];function k(b){var c;(Array.isArray(a)?a:[a]).forEach(a=>{let c="class
[05:08:49] [*] 提交后页面 step=unknown path=/account hint=SpaceXAI Toggle theme HS Welcome, Hunter. Manage your account. Account Security Sessions Data Return to Redirecting You are being redirected
[05:08:54] [*] 资料已填: Hunter Song
[05:08:54] [*] registered_emails 已更新: norma16jh974laureano+3@outlook.com sso=empty
[05:08:54] [*] 5. 等待 sso cookie
[05:08:54] [*] 等待 sso 中... 已等 0s，剩余 29s | url=https://grok.com/
[05:08:54] [*] 已获取到 sso cookie
[05:08:54] [*] registered_emails 已更新: norma16jh974laureano+3@outlook.com sso=yes
[05:08:54] [*] grok2api Web SSO 上传尝试 1/3
[05:08:54] [*] grok2api 远端上传：登录管理后台（直连，不走代理）
[05:08:55] [+] grok2api 远端登录成功
[05:08:55] [*] grok2api 远端上传：调用 Web SSO 导入接口（直连）
[05:08:56] 【推送Grok2API 成功】
[05:08:56] [+] 已上传 Web SSO: 新增=1, 更新=0, 同步=1, 失败=0
[05:08:56] [*] grok2api Console SSO 上传尝试 1/3
[05:08:56] [*] grok2api 远端上传：登录管理后台（直连，不走代理）
[05:08:56] [+] grok2api 远端登录成功
[05:08:56] [*] grok2api 远端上传：调用 Console SSO 导入接口（直连）
[05:08:56] 【推送Grok2API 成功】
[05:08:56] [+] 已上传 Console SSO: 新增=1, 更新=0, 同步=1, 失败=0
[05:08:56] [风控] 检查新账号注册风控状态 ...
[05:08:57] [风控] ✅ 注册风控状态可用: botFlagSource=0
[05:08:57] [风控] 注册风控状态可用: botFlagSource=0
[05:08:57] [CPA] SSO → 协议 Device Flow 换 token (proxy=socks5h://15.204.89.179:1191) ...
[05:08:57] [CPA] [*] 尝试协议 Device Flow 换 token ...
[05:08:58] [CPA] ✅ sso 有效（协议路径）
[05:08:58] [CPA] 🔑 Device Flow: 申请 device_code / user_code ...
[05:08:59] [CPA] [*] user_code=8DSG-NHDX interval=5s expires_in=1800s
[05:08:59] [CPA] [*] Device Flow: verify user_code ...
[05:09:00] [CPA] ✅ device/verify OK → https://accounts.x.ai/oauth2/device/consent?user_code=8DSG-NHDX
[05:09:00] [CPA] [*] Device Flow: approve allow principal_id=(empty) ...
[05:09:01] [CPA] ✅ device/approve 已允许
[05:09:01] [CPA] [*] Device Flow: 轮询 access/refresh token ...
[05:09:01] [CPA] ✅ access_token (expires_in=21600s) + refresh_token
[05:09:01] [CPA] JWT bfs 检测: clean
[05:09:01] [CPA] 已写入 CPA 本地 /home/ubuntu/grok-register-panel/cpa_auth/xai-norma16jh974laureano_3@outlook.com.json
[05:09:01] [CPA] 已上传 CPA 远程 http://127.0.0.1:18457/.../xai-norma16jh974laureano_3@outlook.com.json
[05:09:01] [CPA] 已写入 Grok2API /home/ubuntu/grok-register-panel/grok2api_auth/g2a-norma16jh974laureano_3@outlook.com.json
[05:09:01] [+] 注册成功: norma16jh974laureano+3@outlook.com
[05:09:01] [结果] status=ok ip=12.104.4.97 port=1191 email=no***@outlook.com kind=success bot=0 risk=- bfs=-
[05:09:01] [*] 当前统计: 成功 90 | 失败 4 || 注册成功 90 | 注册失败 4 | SSO成功 92 | SSO失败 0 | 早期跳过 0 | G2A成功 92 | G2A失败 0 | CPA成功 90 | CPA失败 0 | 风控通过 90 | 风控 2
[05:09:01] [*] 已成功 90 个账号，执行定期清理: 关闭浏览器并清理内存
[05:09:02] [*] Python GC 已回收对象数: 25998
[05:09:02] [*] 下一个账号前等待 480 秒...
[05:10:02] [*] 账号间隔等待中… 剩余 420s / 共 480s
[05:11:02] [*] 账号间隔等待中… 剩余 360s / 共 480s
[05:12:02] [*] 账号间隔等待中… 剩余 300s / 共 480s
[05:13:02] [*] 账号间隔等待中… 剩余 240s / 共 480s
[05:14:03] [*] 账号间隔等待中… 剩余 180s / 共 480s
[05:15:03] [*] 账号间隔等待中… 剩余 120s / 共 480s
[05:16:03] [*] 账号间隔等待中… 剩余 60s / 共 480s
[05:17:02] [*] 下号代理: socks5h://109.166.36.243:1091
[05:17:02] --- 开始第 95/2000 个账号 ---
[05:17:02] [*] 1. 打开注册页 (尝试 1/3)
[05:17:07] [static-cache] enabled dir=/home/ubuntu/grok-register-panel/log/static-asset-cache hits=17320 misses=590 max_mb=1024
[05:17:07] [*] 出口IP=142.249.204.75 代理=socks5h://109.166.36.243:1091 | AS45691 | DODO-CORE - DODO K.K. | Tokyo
[05:17:07] [*] 指纹 os=windows platform=Win32 webgl=ANGLE (NVIDIA, NVIDIA GeForce GTX 980 Direct3D11 vs_5_0 ps_5_0), or similar fontsWin=True ua=Mozilla/5.0 (Windows NT 10.0; Win64; x64; rv:152.0) Gecko/20100101 Firef… leak=none
[05:17:07] [*] 浏览器已启动
[05:17:12] [*] 当前URL: https://accounts.x.ai/sign-up?redirect=grok-com
[05:17:17] [*] 已点击「使用邮箱注册」按钮（原生事件）: Sign up with email
[05:17:18] [*] 2. 创建邮箱并提交
[05:17:19] [*] 已创建邮箱: kyle5474yhicks+3@outlook.com
[05:17:27] [*] 已填写邮箱并提交: kyle5474yhicks+3@outlook.com (Sign up)
[05:17:27] [*] 邮箱: kyle5474yhicks+3@outlook.com
[05:17:27] [*] 3. 拉取验证码
[05:17:31] [*] Outlook RT 等待验证码… 剩余 176s 邮件 4 封
[05:17:36] [*] Outlook RT 已提取验证码并完成库存记账
[05:17:40] [*] 已填写验证码并提交: 019-502
[05:17:40] [*] 验证码后页面 step=profile path=/sign-up?redirect=grok-com cf=True buttons=['Grok', 'Complete sign up', 'Go back', 'Your privacy choices']
[05:17:40] [*] 验证码: 019-502
[05:17:40] [*] 4. 填写资料
[05:17:52] [*] 已点击资料提交: Aiden Bai
[05:17:52] [*] 提交后页面 step=profile path=/sign-up?redirect=grok-com hint=You are signing into Grok Complete your sign up kyle5474yhicks+3@outlook.com First name Last name Password Complete sign upGo back By contin
[05:17:59] [*] 提交后页面 step=unknown path=/account hint=((a,b,c,d,e,f,g,h)=>{let i=document.documentElement,j=["light","dark"];function k(b){var c;(Array.isArray(a)?a:[a]).forEach(a=>{let c="class
[05:17:59] [*] 提交后页面 step=unknown path=/account hint=SpaceXAI Toggle theme AB Welcome, Aiden. Manage your account. Account Security Sessions Data Return to Redirecting You are being redirected,
[05:18:03] [*] 提交后页面 step=probe-error path=https://accounts.x.ai/account hint=Page.evaluate: Execution context was destroyed, most likely because of a navigation
[05:18:05] [*] 资料已填: Aiden Bai
[05:18:05] [*] registered_emails 已更新: kyle5474yhicks+3@outlook.com sso=empty
[05:18:05] [*] 5. 等待 sso cookie
[05:18:05] [*] 等待 sso 中... 已等 0s，剩余 29s | url=https://grok.com/
[05:18:06] [*] 已获取到 sso cookie
[05:18:06] [*] registered_emails 已更新: kyle5474yhicks+3@outlook.com sso=yes
[05:18:06] [*] grok2api Web SSO 上传尝试 1/3
[05:18:06] [*] grok2api 远端上传：登录管理后台（直连，不走代理）
[05:18:06] [+] grok2api 远端登录成功
[05:18:06] [*] grok2api 远端上传：调用 Web SSO 导入接口（直连）
[05:18:06] 【推送Grok2API 成功】
[05:18:06] [+] 已上传 Web SSO: 新增=1, 更新=0, 同步=1, 失败=0
[05:18:06] [*] grok2api Console SSO 上传尝试 1/3
[05:18:06] [*] grok2api 远端上传：登录管理后台（直连，不走代理）
[05:18:07] [+] grok2api 远端登录成功
[05:18:07] [*] grok2api 远端上传：调用 Console SSO 导入接口（直连）
[05:18:07] 【推送Grok2API 成功】
[05:18:07] [+] 已上传 Console SSO: 新增=1, 更新=0, 同步=1, 失败=0
[05:18:07] [风控] 检查新账号注册风控状态 ...
[05:18:09] [风控] ✅ 注册风控状态可用: botFlagSource=0
[05:18:09] [风控] 注册风控状态可用: botFlagSource=0
[05:18:09] [CPA] SSO → 协议 Device Flow 换 token (proxy=socks5h://109.166.36.243:1091) ...
[05:18:09] [CPA] [*] 尝试协议 Device Flow 换 token ...
[05:18:10] [CPA] ✅ sso 有效（协议路径）
[05:18:10] [CPA] 🔑 Device Flow: 申请 device_code / user_code ...
[05:18:11] [CPA] [*] user_code=ANQ9-B5RZ interval=5s expires_in=1800s
[05:18:12] [CPA] [*] Device Flow: verify user_code ...
[05:18:13] [CPA] ✅ device/verify OK → https://accounts.x.ai/oauth2/device/consent?user_code=ANQ9-B5RZ
[05:18:13] [CPA] [*] Device Flow: approve allow principal_id=(empty) ...
[05:18:14] [CPA] ✅ device/approve 已允许
[05:18:14] [CPA] [*] Device Flow: 轮询 access/refresh token ...
[05:18:14] [CPA] ✅ access_token (expires_in=21600s) + refresh_token
[05:18:14] [CPA] JWT bfs 检测: clean
[05:18:14] [CPA] 已写入 CPA 本地 /home/ubuntu/grok-register-panel/cpa_auth/xai-kyle5474yhicks_3@outlook.com.json
[05:18:14] [CPA] 已上传 CPA 远程 http://127.0.0.1:18457/.../xai-kyle5474yhicks_3@outlook.com.json
[05:18:14] [CPA] 已写入 Grok2API /home/ubuntu/grok-register-panel/grok2api_auth/g2a-kyle5474yhicks_3@outlook.com.json
[05:18:14] [+] 注册成功: kyle5474yhicks+3@outlook.com
[05:18:14] [结果] status=ok ip=142.249.204.75 port=1091 email=ky***@outlook.com kind=success bot=0 risk=- bfs=-
[05:18:14] [*] 当前统计: 成功 91 | 失败 4 || 注册成功 91 | 注册失败 4 | SSO成功 93 | SSO失败 0 | 早期跳过 0 | G2A成功 93 | G2A失败 0 | CPA成功 91 | CPA失败 0 | 风控通过 91 | 风控 2
[05:18:16] [*] 下一个账号前等待 480 秒...
[05:19:16] [*] 账号间隔等待中… 剩余 420s / 共 480s
[05:20:16] [*] 账号间隔等待中… 剩余 360s / 共 480s
[05:21:16] [*] 账号间隔等待中… 剩余 300s / 共 480s
[05:22:16] [*] 账号间隔等待中… 剩余 240s / 共 480s
[05:23:16] [*] 账号间隔等待中… 剩余 180s / 共 480s
[05:24:16] [*] 账号间隔等待中… 剩余 120s / 共 480s
[05:25:16] [*] 账号间隔等待中… 剩余 60s / 共 480s
[05:26:16] [*] 下号代理: socks5h://109.166.36.243:1090
[05:26:16] --- 开始第 96/2000 个账号 ---
[05:26:16] [*] 1. 打开注册页 (尝试 1/3)
[05:26:20] [static-cache] enabled dir=/home/ubuntu/grok-register-panel/log/static-asset-cache hits=17564 misses=590 max_mb=1024
[05:26:20] [*] 出口IP=142.249.204.223 代理=socks5h://109.166.36.243:1090 | AS45691 | DODO-CORE - DODO K.K. | Tokyo
[05:26:21] [*] 指纹 os=windows platform=Win32 webgl=ANGLE (NVIDIA, NVIDIA GeForce GTX 980 Direct3D11 vs_5_0 ps_5_0), or similar fontsWin=True ua=Mozilla/5.0 (Windows NT 10.0; Win64; x64; rv:152.0) Gecko/20100101 Firef… leak=none
[05:26:21] [*] 浏览器已启动
[05:26:27] [*] 当前URL: https://accounts.x.ai/sign-up?redirect=grok-com
[05:26:31] [*] 已点击「使用邮箱注册」按钮（原生事件）: Sign up with email
[05:26:31] [*] 2. 创建邮箱并提交
[05:26:33] [*] 已创建邮箱: jeremy2762rlo+3@outlook.com
[05:26:41] [*] 已填写邮箱并提交: jeremy2762rlo+3@outlook.com (Sign up)
[05:26:41] [*] 邮箱: jeremy2762rlo+3@outlook.com
[05:26:41] [*] 3. 拉取验证码
[05:26:44] [*] Outlook RT 等待验证码… 剩余 176s 邮件 4 封
[05:26:50] [*] Outlook RT 已提取验证码并完成库存记账
[05:26:53] [*] 已填写验证码并提交: 414-117
[05:26:53] [*] 验证码后页面 step=profile path=/sign-up?redirect=grok-com cf=True buttons=['Grok', 'Complete sign up', 'Go back', 'Your privacy choices']
[05:26:53] [*] 验证码: 414-117
[05:26:53] [*] 4. 填写资料
[05:27:05] [*] 已点击资料提交: Adam Fang
[05:27:05] [*] 提交后页面 step=profile path=/sign-up?redirect=grok-com hint=You are signing into Grok Complete your sign up jeremy2762rlo+3@outlook.com First name Last name Password Complete sign upGo back By continu
[05:27:12] [*] 提交后页面 step=unknown path=/account hint=((a,b,c,d,e,f,g,h)=>{let i=document.documentElement,j=["light","dark"];function k(b){var c;(Array.isArray(a)?a:[a]).forEach(a=>{let c="class
[05:27:13] [*] 提交后页面 step=unknown path=/account hint=SpaceXAI Toggle theme AF Welcome, Adam. Manage your account. Account Security Sessions Data Return to Redirecting You are being redirected, 
[05:27:18] [*] 资料已填: Adam Fang
[05:27:18] [*] registered_emails 已更新: jeremy2762rlo+3@outlook.com sso=empty
[05:27:18] [*] 5. 等待 sso cookie
[05:27:18] [*] 等待 sso 中... 已等 0s，剩余 29s | url=https://grok.com/
[05:27:19] [*] 已获取到 sso cookie
[05:27:19] [*] registered_emails 已更新: jeremy2762rlo+3@outlook.com sso=yes
[05:27:19] [*] grok2api Web SSO 上传尝试 1/3
[05:27:19] [*] grok2api 远端上传：登录管理后台（直连，不走代理）
[05:27:19] [+] grok2api 远端登录成功
[05:27:19] [*] grok2api 远端上传：调用 Web SSO 导入接口（直连）
[05:27:20] 【推送Grok2API 成功】
[05:27:20] [+] 已上传 Web SSO: 新增=1, 更新=0, 同步=1, 失败=0
[05:27:20] [*] grok2api Console SSO 上传尝试 1/3
[05:27:20] [*] grok2api 远端上传：登录管理后台（直连，不走代理）
[05:27:20] [+] grok2api 远端登录成功
[05:27:20] [*] grok2api 远端上传：调用 Console SSO 导入接口（直连）
[05:27:21] 【推送Grok2API 成功】
[05:27:21] [+] 已上传 Console SSO: 新增=1, 更新=0, 同步=1, 失败=0
[05:27:21] [风控] 检查新账号注册风控状态 ...
[05:27:22] [风控] ✅ 注册风控状态可用: botFlagSource=0
[05:27:22] [风控] 注册风控状态可用: botFlagSource=0
[05:27:22] [CPA] SSO → 协议 Device Flow 换 token (proxy=socks5h://109.166.36.243:1090) ...
[05:27:22] [CPA] [*] 尝试协议 Device Flow 换 token ...
[05:27:24] [CPA] ✅ sso 有效（协议路径）
[05:27:24] [CPA] 🔑 Device Flow: 申请 device_code / user_code ...
[05:27:24] [CPA] [*] user_code=3C3B-QBMX interval=5s expires_in=1800s
[05:27:25] [CPA] [*] Device Flow: verify user_code ...
[05:27:26] [CPA] ✅ device/verify OK → https://accounts.x.ai/oauth2/device/consent?user_code=3C3B-QBMX
[05:27:26] [CPA] [*] Device Flow: approve allow principal_id=(empty) ...
[05:27:27] [CPA] ✅ device/approve 已允许
[05:27:27] [CPA] [*] Device Flow: 轮询 access/refresh token ...
[05:27:27] [CPA] ✅ access_token (expires_in=21600s) + refresh_token
[05:27:27] [CPA] JWT bfs 检测: clean
[05:27:27] [CPA] 已写入 CPA 本地 /home/ubuntu/grok-register-panel/cpa_auth/xai-jeremy2762rlo_3@outlook.com.json
[05:27:27] [CPA] 已上传 CPA 远程 http://127.0.0.1:18457/.../xai-jeremy2762rlo_3@outlook.com.json
[05:27:27] [CPA] 已写入 Grok2API /home/ubuntu/grok-register-panel/grok2api_auth/g2a-jeremy2762rlo_3@outlook.com.json
[05:27:27] [+] 注册成功: jeremy2762rlo+3@outlook.com
[05:27:27] [结果] status=ok ip=142.249.204.223 port=1090 email=je***@outlook.com kind=success bot=0 risk=- bfs=-
[05:27:27] [*] 当前统计: 成功 92 | 失败 4 || 注册成功 92 | 注册失败 4 | SSO成功 94 | SSO失败 0 | 早期跳过 0 | G2A成功 94 | G2A失败 0 | CPA成功 92 | CPA失败 0 | 风控通过 92 | 风控 2
[05:27:29] [*] 下一个账号前等待 480 秒...
[05:28:29] [*] 账号间隔等待中… 剩余 420s / 共 480s
[05:29:29] [*] 账号间隔等待中… 剩余 360s / 共 480s
[05:30:29] [*] 账号间隔等待中… 剩余 300s / 共 480s
[05:31:29] [*] 账号间隔等待中… 剩余 240s / 共 480s
[05:32:29] [*] 账号间隔等待中… 剩余 180s / 共 480s
[05:33:29] [*] 账号间隔等待中… 剩余 120s / 共 480s
[05:34:29] [*] 账号间隔等待中… 剩余 60s / 共 480s
[05:35:29] [*] 下号代理: socks5h://15.204.89.179:1178
[05:35:29] --- 开始第 97/2000 个账号 ---
[05:35:29] [*] 1. 打开注册页 (尝试 1/3)
[05:35:33] [static-cache] enabled dir=/home/ubuntu/grok-register-panel/log/static-asset-cache hits=17808 misses=590 max_mb=1024
[05:35:33] [*] 出口IP=12.104.4.66 代理=socks5h://15.204.89.179:1178 | AS7018 | AT&T Enterprises, LLC | Boston
[05:35:33] [*] 指纹 os=windows platform=Win32 webgl=ANGLE (NVIDIA, NVIDIA GeForce GTX 980 Direct3D11 vs_5_0 ps_5_0), or similar fontsWin=True ua=Mozilla/5.0 (Windows NT 10.0; Win64; x64; rv:152.0) Gecko/20100101 Firef… leak=none
[05:35:33] [*] 浏览器已启动
[05:35:40] [*] 当前URL: https://accounts.x.ai/sign-up?redirect=grok-com
[05:35:44] [*] 已点击「使用邮箱注册」按钮（原生事件）: Sign up with email
[05:35:45] [*] 2. 创建邮箱并提交
[05:35:46] [*] 已创建邮箱: minerva86gh515roln+3@outlook.com
[05:35:55] [*] 已填写邮箱并提交: minerva86gh515roln+3@outlook.com (Sign up)
[05:35:55] [*] 邮箱: minerva86gh515roln+3@outlook.com
[05:35:55] [*] 3. 拉取验证码
[05:35:58] [*] Outlook RT 等待验证码… 剩余 176s 邮件 4 封
[05:36:03] [*] Outlook RT 已提取验证码并完成库存记账
[05:36:07] [*] 已填写验证码并提交: 889-394
[05:36:07] [*] 验证码后页面 step=profile path=/sign-up?redirect=grok-com cf=True buttons=['Grok', 'Complete sign up', 'Go back', 'Your privacy choices']
[05:36:07] [*] 验证码: 889-394
[05:36:07] [*] 4. 填写资料
[05:36:18] [*] 已点击资料提交: Dylan Wu
[05:36:18] [*] 提交后页面 step=profile path=/sign-up?redirect=grok-com hint=You are signing into Grok Complete your sign up minerva86gh515roln+3@outlook.com First name Last name Password Complete sign upGo back By co
[05:36:23] [*] 提交后页面 step=probe-error path=https://accounts.x.ai/sign-up?redirect=grok-com hint=Page.evaluate: Execution context was destroyed, most likely because of a navigation
[05:36:24] [*] 提交后页面 step=unknown path=/account hint=((a,b,c,d,e,f,g,h)=>{let i=document.documentElement,j=["light","dark"];function k(b){var c;(Array.isArray(a)?a:[a]).forEach(a=>{let c="class
[05:36:24] [*] 提交后页面 step=unknown path=/account hint=SpaceXAI Toggle theme DW Welcome, Dylan. Manage your account. Account Security Sessions Data Return to Redirecting You are being redirected,
[05:36:27] [*] 提交后页面 step=probe-error path=https://accounts.x.ai/account hint=Page.evaluate: Execution context was destroyed, most likely because of a navigation
[05:36:30] [*] 提交后页面 step=unknown path=/ hint=Skip to main content
[05:36:30] [*] 资料已填: Dylan Wu
[05:36:30] [*] registered_emails 已更新: minerva86gh515roln+3@outlook.com sso=empty
[05:36:30] [*] 5. 等待 sso cookie
[05:36:30] [*] 等待 sso 中... 已等 0s，剩余 29s | url=https://grok.com/
[05:36:30] [*] 已获取到 sso cookie
[05:36:30] [*] registered_emails 已更新: minerva86gh515roln+3@outlook.com sso=yes
[05:36:30] [*] grok2api Web SSO 上传尝试 1/3
[05:36:30] [*] grok2api 远端上传：登录管理后台（直连，不走代理）
[05:36:30] [+] grok2api 远端登录成功
[05:36:30] [*] grok2api 远端上传：调用 Web SSO 导入接口（直连）
[05:36:31] 【推送Grok2API 成功】
[05:36:31] [+] 已上传 Web SSO: 新增=1, 更新=0, 同步=1, 失败=0
[05:36:31] [*] grok2api Console SSO 上传尝试 1/3
[05:36:31] [*] grok2api 远端上传：登录管理后台（直连，不走代理）
[05:36:31] [+] grok2api 远端登录成功
[05:36:31] [*] grok2api 远端上传：调用 Console SSO 导入接口（直连）
[05:36:32] 【推送Grok2API 成功】
[05:36:32] [+] 已上传 Console SSO: 新增=1, 更新=0, 同步=1, 失败=0
[05:36:32] [风控] 检查新账号注册风控状态 ...
[05:36:33] [风控] ✅ 注册风控状态可用: botFlagSource=0
[05:36:33] [风控] 注册风控状态可用: botFlagSource=0
[05:36:33] [CPA] SSO → 协议 Device Flow 换 token (proxy=socks5h://15.204.89.179:1178) ...
[05:36:33] [CPA] [*] 尝试协议 Device Flow 换 token ...
[05:36:35] [CPA] ✅ sso 有效（协议路径）
[05:36:35] [CPA] 🔑 Device Flow: 申请 device_code / user_code ...
[05:36:35] [CPA] [*] user_code=J3KN-GGPG interval=5s expires_in=1800s
[05:36:36] [CPA] [*] Device Flow: verify user_code ...
[05:36:36] [CPA] ✅ device/verify OK → https://accounts.x.ai/oauth2/device/consent?user_code=J3KN-GGPG
[05:36:36] [CPA] [*] Device Flow: approve allow principal_id=(empty) ...
[05:36:37] [CPA] ✅ device/approve 已允许
[05:36:37] [CPA] [*] Device Flow: 轮询 access/refresh token ...
[05:36:37] [CPA] ✅ access_token (expires_in=21600s) + refresh_token
[05:36:37] [CPA] JWT bfs 检测: clean
[05:36:37] [CPA] 已写入 CPA 本地 /home/ubuntu/grok-register-panel/cpa_auth/xai-minerva86gh515roln_3@outlook.com.json
[05:36:37] [CPA] 已上传 CPA 远程 http://127.0.0.1:18457/.../xai-minerva86gh515roln_3@outlook.com.json
[05:36:37] [CPA] 已写入 Grok2API /home/ubuntu/grok-register-panel/grok2api_auth/g2a-minerva86gh515roln_3@outlook.com.json
[05:36:37] [+] 注册成功: minerva86gh515roln+3@outlook.com
[05:36:37] [结果] status=ok ip=12.104.4.66 port=1178 email=mi***@outlook.com kind=success bot=0 risk=- bfs=-
[05:36:37] [*] 当前统计: 成功 93 | 失败 4 || 注册成功 93 | 注册失败 4 | SSO成功 95 | SSO失败 0 | 早期跳过 0 | G2A成功 95 | G2A失败 0 | CPA成功 93 | CPA失败 0 | 风控通过 93 | 风控 2
[05:36:39] [*] 下一个账号前等待 480 秒...
[05:37:39] [*] 账号间隔等待中… 剩余 420s / 共 480s
[05:38:39] [*] 账号间隔等待中… 剩余 360s / 共 480s
[05:39:39] [*] 账号间隔等待中… 剩余 300s / 共 480s
[05:40:39] [*] 账号间隔等待中… 剩余 240s / 共 480s
[05:41:39] [*] 账号间隔等待中… 剩余 180s / 共 480s
[05:42:39] [*] 账号间隔等待中… 剩余 120s / 共 480s
[05:43:39] [*] 账号间隔等待中… 剩余 60s / 共 480s
[05:44:39] [*] 下号代理: socks5h://109.166.36.243:1092
[05:44:39] --- 开始第 98/2000 个账号 ---
[05:44:39] [*] 1. 打开注册页 (尝试 1/3)
[05:44:44] [static-cache] enabled dir=/home/ubuntu/grok-register-panel/log/static-asset-cache hits=18051 misses=590 max_mb=1024
[05:44:44] [*] 出口IP=142.249.204.224 代理=socks5h://109.166.36.243:1092 | AS45691 | DODO-CORE - DODO K.K. | Tokyo
[05:44:44] [*] 指纹 os=windows platform=Win32 webgl=ANGLE (NVIDIA, NVIDIA GeForce GTX 480 Direct3D11 vs_5_0 ps_5_0), or similar fontsWin=True ua=Mozilla/5.0 (Windows NT 10.0; Win64; x64; rv:152.0) Gecko/20100101 Firef… leak=none
[05:44:44] [*] 浏览器已启动
[05:44:51] [*] 当前URL: https://accounts.x.ai/sign-up?redirect=grok-com
[05:44:54] [*] 已点击「使用邮箱注册」按钮（原生事件）: Sign up with email
[05:44:55] [*] 2. 创建邮箱并提交
[05:44:56] [*] 已创建邮箱: marcusvvl616neal+3@outlook.com
[05:45:05] [*] 已填写邮箱并提交: marcusvvl616neal+3@outlook.com (Sign up)
[05:45:05] [*] 邮箱: marcusvvl616neal+3@outlook.com
[05:45:05] [*] 3. 拉取验证码
[05:45:08] [*] Outlook RT 等待验证码… 剩余 176s 邮件 4 封
[05:45:13] [*] Outlook RT 已提取验证码并完成库存记账
[05:45:16] [*] 已填写验证码并提交: 678-731
[05:45:16] [*] 验证码后页面 step=profile path=/sign-up?redirect=grok-com cf=True buttons=['Grok', 'Complete sign up', 'Go back', 'Your privacy choices']
[05:45:16] [*] 验证码: 678-731
[05:45:16] [*] 4. 填写资料
[05:45:29] [*] 已点击资料提交: Tristan Yan
[05:45:29] [*] 提交后页面 step=profile path=/sign-up?redirect=grok-com hint=You are signing into Grok Complete your sign up marcusvvl616neal+3@outlook.com First name Last name Password Complete sign upGo back By cont
[05:45:36] [*] 提交后页面 step=unknown path=/account hint=((a,b,c,d,e,f,g,h)=>{let i=document.documentElement,j=["light","dark"];function k(b){var c;(Array.isArray(a)?a:[a]).forEach(a=>{let c="class
[05:45:37] [*] 提交后页面 step=unknown path=/account hint=SpaceXAI Toggle theme TY Welcome, Tristan. Manage your account. Account Security Sessions Data Return to Redirecting You are being redirecte
[05:45:40] [*] 提交后页面 step=probe-error path=https://accounts.x.ai/account hint=Page.evaluate: Execution context was destroyed, most likely because of a navigation
[05:45:41] [*] 资料已填: Tristan Yan
[05:45:41] [*] registered_emails 已更新: marcusvvl616neal+3@outlook.com sso=empty
[05:45:41] [*] 5. 等待 sso cookie
[05:45:42] [*] 等待 sso 中... 已等 0s，剩余 29s | url=https://accounts.x.ai/account
[05:45:43] [*] 已获取到 sso cookie
[05:45:44] [*] registered_emails 已更新: marcusvvl616neal+3@outlook.com sso=yes
[05:45:44] [*] grok2api Web SSO 上传尝试 1/3
[05:45:44] [*] grok2api 远端上传：登录管理后台（直连，不走代理）
[05:45:44] [+] grok2api 远端登录成功
[05:45:44] [*] grok2api 远端上传：调用 Web SSO 导入接口（直连）
[05:45:45] 【推送Grok2API 成功】
[05:45:45] [+] 已上传 Web SSO: 新增=1, 更新=0, 同步=1, 失败=0
[05:45:45] [*] grok2api Console SSO 上传尝试 1/3
[05:45:45] [*] grok2api 远端上传：登录管理后台（直连，不走代理）
[05:45:45] [+] grok2api 远端登录成功
[05:45:45] [*] grok2api 远端上传：调用 Console SSO 导入接口（直连）
[05:45:46] 【推送Grok2API 成功】
[05:45:46] [+] 已上传 Console SSO: 新增=1, 更新=0, 同步=1, 失败=0
[05:45:46] [风控] 检查新账号注册风控状态 ...
[05:45:47] [风控] ✅ 注册风控状态可用: botFlagSource=0
[05:45:47] [风控] 注册风控状态可用: botFlagSource=0
[05:45:47] [CPA] SSO → 协议 Device Flow 换 token (proxy=socks5h://109.166.36.243:1092) ...
[05:45:47] [CPA] [*] 尝试协议 Device Flow 换 token ...
[05:45:49] [CPA] ✅ sso 有效（协议路径）
[05:45:49] [CPA] 🔑 Device Flow: 申请 device_code / user_code ...
[05:45:50] [CPA] [*] user_code=HEED-8HST interval=5s expires_in=1800s
[05:45:50] [CPA] [*] Device Flow: verify user_code ...
[05:45:51] [CPA] ✅ device/verify OK → https://accounts.x.ai/oauth2/device/consent?user_code=HEED-8HST
[05:45:51] [CPA] [*] Device Flow: approve allow principal_id=(empty) ...
[05:45:51] [CPA] ✅ device/approve 已允许
[05:45:51] [CPA] [*] Device Flow: 轮询 access/refresh token ...
[05:45:52] [CPA] ✅ access_token (expires_in=21600s) + refresh_token
[05:45:52] [CPA] JWT bfs 检测: clean
[05:45:52] [CPA] 已写入 CPA 本地 /home/ubuntu/grok-register-panel/cpa_auth/xai-marcusvvl616neal_3@outlook.com.json
[05:45:52] [CPA] 已上传 CPA 远程 http://127.0.0.1:18457/.../xai-marcusvvl616neal_3@outlook.com.json
[05:45:52] [CPA] 已写入 Grok2API /home/ubuntu/grok-register-panel/grok2api_auth/g2a-marcusvvl616neal_3@outlook.com.json
[05:45:52] [+] 注册成功: marcusvvl616neal+3@outlook.com
[05:45:52] [结果] status=ok ip=142.249.204.224 port=1092 email=ma***@outlook.com kind=success bot=0 risk=- bfs=-
[05:45:52] [*] 当前统计: 成功 94 | 失败 4 || 注册成功 94 | 注册失败 4 | SSO成功 96 | SSO失败 0 | 早期跳过 0 | G2A成功 96 | G2A失败 0 | CPA成功 94 | CPA失败 0 | 风控通过 94 | 风控 2
[05:45:53] [*] 下一个账号前等待 480 秒...
[05:46:53] [*] 账号间隔等待中… 剩余 420s / 共 480s
[05:47:53] [*] 账号间隔等待中… 剩余 360s / 共 480s
[05:48:53] [*] 账号间隔等待中… 剩余 300s / 共 480s
[05:49:53] [*] 账号间隔等待中… 剩余 240s / 共 480s
[05:50:53] [*] 账号间隔等待中… 剩余 180s / 共 480s
[05:51:53] [*] 账号间隔等待中… 剩余 120s / 共 480s
[05:52:53] [*] 账号间隔等待中… 剩余 60s / 共 480s
[05:53:53] [*] 下号代理: socks5h://15.204.89.179:1191
[05:53:53] --- 开始第 99/2000 个账号 ---
[05:53:53] [*] 1. 打开注册页 (尝试 1/3)
[05:53:57] [static-cache] enabled dir=/home/ubuntu/grok-register-panel/log/static-asset-cache hits=18295 misses=590 max_mb=1024
[05:53:57] [*] 出口IP=12.104.4.97 代理=socks5h://15.204.89.179:1191 | AS7018 | AT&T Enterprises, LLC | Boston
[05:53:57] [*] 指纹 os=windows platform=Win32 webgl=ANGLE (NVIDIA, NVIDIA GeForce GTX 980 Direct3D11 vs_5_0 ps_5_0), or similar fontsWin=True ua=Mozilla/5.0 (Windows NT 10.0; Win64; x64; rv:152.0) Gecko/20100101 Firef… leak=none
[05:53:57] [*] 浏览器已启动
[05:54:05] [*] 当前URL: https://accounts.x.ai/sign-up?redirect=grok-com
[05:54:08] [*] 已点击「使用邮箱注册」按钮（原生事件）: Sign up with email
[05:54:09] [*] 2. 创建邮箱并提交
[05:54:10] [*] 已创建邮箱: judith3413pmoreno+3@outlook.com
[05:54:21] [*] 已填写邮箱并提交: judith3413pmoreno+3@outlook.com (Sign up)
[05:54:21] [*] 邮箱: judith3413pmoreno+3@outlook.com
[05:54:21] [*] 3. 拉取验证码
[05:54:25] [*] Outlook RT 等待验证码… 剩余 175s 邮件 4 封
[05:54:31] [*] Outlook RT 已提取验证码并完成库存记账
[05:54:34] [*] 已填写验证码并提交: 824-915
[05:54:34] [*] 验证码后页面 step=profile path=/sign-up?redirect=grok-com cf=True buttons=['Grok', 'Complete sign up', 'Go back', 'Your privacy choices']
[05:54:34] [*] 验证码: 824-915
[05:54:34] [*] 4. 填写资料
[05:54:44] [*] 等待 Cloudflare 人机验证通过后再提交... 当前token长度=0
[05:54:47] [*] 提交前仍卡住，自动再次复用 Turnstile...
[05:54:47] [*] 尝试点击 Turnstile...
[05:54:48] [*] 已点击 Turnstile frame body (24, 32)
[05:54:53] [*] Turnstile 已通过，token长度=709
[05:54:54] [*] Turnstile 二次复用完成，回填长度=709
[05:54:56] [*] 已点击资料提交: Liam Wei
[05:54:56] [*] 提交后页面 step=profile path=/sign-up?redirect=grok-com hint=You are signing into Grok Complete your sign up judith3413pmoreno+3@outlook.com First name Last name Password Complete sign upGo back By con
[05:55:01] [*] 提交后页面 step=probe-error path=https://accounts.x.ai/sign-up?redirect=grok-com hint=Page.evaluate: Execution context was destroyed, most likely because of a navigation
[05:55:02] [*] 提交后页面 step=unknown path=/account hint=((a,b,c,d,e,f,g,h)=>{let i=document.documentElement,j=["light","dark"];function k(b){var c;(Array.isArray(a)?a:[a]).forEach(a=>{let c="class
[05:55:03] [*] 提交后页面 step=unknown path=/account hint=SpaceXAI Toggle theme LW Welcome, Liam. Manage your account. Account Security Sessions Data Return to Redirecting You are being redirected, 
[05:55:07] [*] 提交后页面 step=probe-error path=https://accounts.x.ai/account hint=Page.evaluate: Execution context was destroyed, most likely because of a navigation
[05:55:09] [*] 资料已填: Liam Wei
[05:55:10] [*] registered_emails 已更新: judith3413pmoreno+3@outlook.com sso=empty
[05:55:10] [*] 5. 等待 sso cookie
[05:55:10] [*] 等待 sso 中... 已等 0s，剩余 29s | url=https://grok.com/
[05:55:11] [*] 已获取到 sso cookie
[05:55:11] [*] registered_emails 已更新: judith3413pmoreno+3@outlook.com sso=yes
[05:55:11] [*] grok2api Web SSO 上传尝试 1/3
[05:55:11] [*] grok2api 远端上传：登录管理后台（直连，不走代理）
[05:55:11] [+] grok2api 远端登录成功
[05:55:11] [*] grok2api 远端上传：调用 Web SSO 导入接口（直连）
[05:55:12] 【推送Grok2API 成功】
[05:55:12] [+] 已上传 Web SSO: 新增=1, 更新=0, 同步=1, 失败=0
[05:55:12] [*] grok2api Console SSO 上传尝试 1/3
[05:55:12] [*] grok2api 远端上传：登录管理后台（直连，不走代理）
[05:55:12] [+] grok2api 远端登录成功
[05:55:12] [*] grok2api 远端上传：调用 Console SSO 导入接口（直连）
[05:55:13] 【推送Grok2API 成功】
[05:55:13] [+] 已上传 Console SSO: 新增=1, 更新=0, 同步=1, 失败=0
[05:55:13] [风控] 检查新账号注册风控状态 ...
[05:55:14] [风控] ✅ 注册风控状态可用: botFlagSource=0
[05:55:14] [风控] 注册风控状态可用: botFlagSource=0
[05:55:14] [CPA] SSO → 协议 Device Flow 换 token (proxy=socks5h://15.204.89.179:1191) ...
[05:55:14] [CPA] [*] 尝试协议 Device Flow 换 token ...
[05:55:15] [CPA] ✅ sso 有效（协议路径）
[05:55:15] [CPA] 🔑 Device Flow: 申请 device_code / user_code ...
[05:55:16] [CPA] [*] user_code=S3KM-FADB interval=5s expires_in=1800s
[05:55:16] [CPA] [*] Device Flow: verify user_code ...
[05:55:17] [CPA] ✅ device/verify OK → https://accounts.x.ai/oauth2/device/consent?user_code=S3KM-FADB
[05:55:17] [CPA] [*] Device Flow: approve allow principal_id=(empty) ...
[05:55:17] [CPA] ✅ device/approve 已允许
[05:55:17] [CPA] [*] Device Flow: 轮询 access/refresh token ...
[05:55:17] [CPA] ✅ access_token (expires_in=21600s) + refresh_token
[05:55:17] [CPA] JWT bfs 检测: clean
[05:55:17] [CPA] 已写入 CPA 本地 /home/ubuntu/grok-register-panel/cpa_auth/xai-judith3413pmoreno_3@outlook.com.json
[05:55:18] [CPA] 已上传 CPA 远程 http://127.0.0.1:18457/.../xai-judith3413pmoreno_3@outlook.com.json
[05:55:18] [CPA] 已写入 Grok2API /home/ubuntu/grok-register-panel/grok2api_auth/g2a-judith3413pmoreno_3@outlook.com.json
[05:55:18] [+] 注册成功: judith3413pmoreno+3@outlook.com
[05:55:18] [结果] status=ok ip=12.104.4.97 port=1191 email=ju***@outlook.com kind=success bot=0 risk=- bfs=-
[05:55:18] [*] 当前统计: 成功 95 | 失败 4 || 注册成功 95 | 注册失败 4 | SSO成功 97 | SSO失败 0 | 早期跳过 0 | G2A成功 97 | G2A失败 0 | CPA成功 95 | CPA失败 0 | 风控通过 95 | 风控 2
[05:55:18] [*] 已成功 95 个账号，执行定期清理: 关闭浏览器并清理内存
[05:55:20] [*] Python GC 已回收对象数: 26034
[05:55:20] [*] 下一个账号前等待 480 秒...
[05:56:20] [*] 账号间隔等待中… 剩余 420s / 共 480s
[05:57:20] [*] 账号间隔等待中… 剩余 360s / 共 480s
[05:58:20] [*] 账号间隔等待中… 剩余 300s / 共 480s
[05:59:20] [*] 账号间隔等待中… 剩余 240s / 共 480s
[06:00:20] [*] 账号间隔等待中… 剩余 180s / 共 480s
[06:01:20] [*] 账号间隔等待中… 剩余 120s / 共 480s
[06:02:20] [*] 账号间隔等待中… 剩余 60s / 共 480s
[06:03:20] [*] 下号代理: socks5h://109.166.36.243:1091
[06:03:20] --- 开始第 100/2000 个账号 ---
[06:03:20] [*] 1. 打开注册页 (尝试 1/3)
[06:03:25] [static-cache] enabled dir=/home/ubuntu/grok-register-panel/log/static-asset-cache hits=18538 misses=590 max_mb=1024
[06:03:25] [*] 出口IP=142.249.204.75 代理=socks5h://109.166.36.243:1091 | AS45691 | DODO-CORE - DODO K.K. | Tokyo
[06:03:25] [*] 指纹 os=windows platform=Win32 webgl=ANGLE (NVIDIA, NVIDIA GeForce GTX 980 Direct3D11 vs_5_0 ps_5_0), or similar fontsWin=True ua=Mozilla/5.0 (Windows NT 10.0; Win64; x64; rv:152.0) Gecko/20100101 Firef… leak=none
[06:03:25] [*] 浏览器已启动
[06:03:32] [*] 当前URL: https://accounts.x.ai/sign-up?redirect=grok-com
[06:03:35] [*] 已点击「使用邮箱注册」按钮（原生事件）: Sign up with email
[06:03:36] [*] 2. 创建邮箱并提交
[06:03:37] [*] 已创建邮箱: hayley29628panderson+3@outlook.com
[06:03:46] [*] 已填写邮箱并提交: hayley29628panderson+3@outlook.com (Sign up)
[06:03:46] [*] 邮箱: hayley29628panderson+3@outlook.com
[06:03:46] [*] 3. 拉取验证码
[06:03:50] [*] Outlook RT 等待验证码… 剩余 176s 邮件 4 封
[06:03:55] [*] Outlook RT 已提取验证码并完成库存记账
[06:03:58] [*] 已填写验证码并提交: 241-720
[06:03:58] [*] 验证码后页面 step=profile path=/sign-up?redirect=grok-com cf=True buttons=['Grok', 'Complete sign up', 'Go back', 'Your privacy choices']
[06:03:58] [*] 验证码: 241-720
[06:03:58] [*] 4. 填写资料
[06:04:10] [*] 已点击资料提交: Evan Yao
[06:04:10] [*] 提交后页面 step=profile path=/sign-up?redirect=grok-com hint=You are signing into Grok Complete your sign up hayley29628panderson+3@outlook.com First name Last name Password Complete sign upGo back By 
[06:04:17] [*] 提交后页面 step=unknown path=/account hint=((a,b,c,d,e,f,g,h)=>{let i=document.documentElement,j=["light","dark"];function k(b){var c;(Array.isArray(a)?a:[a]).forEach(a=>{let c="class
[06:04:18] [*] 提交后页面 step=unknown path=/account hint=SpaceXAI Toggle theme EY Welcome, Evan. Manage your account. Account Security Sessions Data Return to Redirecting You are being redirected, 
[06:04:21] [*] 提交后页面 step=probe-error path=https://accounts.x.ai/account hint=Page.evaluate: Execution context was destroyed, most likely because of a navigation
[06:04:23] [*] 资料已填: Evan Yao
[06:04:23] [*] registered_emails 已更新: hayley29628panderson+3@outlook.com sso=empty
[06:04:23] [*] 5. 等待 sso cookie
[06:04:23] [*] 等待 sso 中... 已等 0s，剩余 29s | url=https://grok.com/
[06:04:23] [*] 已获取到 sso cookie
[06:04:24] [*] registered_emails 已更新: hayley29628panderson+3@outlook.com sso=yes
[06:04:24] [*] grok2api Web SSO 上传尝试 1/3
[06:04:24] [*] grok2api 远端上传：登录管理后台（直连，不走代理）
[06:04:24] [+] grok2api 远端登录成功
[06:04:24] [*] grok2api 远端上传：调用 Web SSO 导入接口（直连）
[06:04:25] 【推送Grok2API 成功】
[06:04:25] [+] 已上传 Web SSO: 新增=1, 更新=0, 同步=1, 失败=0
[06:04:25] [*] grok2api Console SSO 上传尝试 1/3
[06:04:25] [*] grok2api 远端上传：登录管理后台（直连，不走代理）
[06:04:25] [+] grok2api 远端登录成功
[06:04:25] [*] grok2api 远端上传：调用 Console SSO 导入接口（直连）
[06:04:26] 【推送Grok2API 成功】
[06:04:26] [+] 已上传 Console SSO: 新增=1, 更新=0, 同步=1, 失败=0
[06:04:26] [风控] 检查新账号注册风控状态 ...
[06:04:27] [风控] ✅ 注册风控状态可用: botFlagSource=0
[06:04:27] [风控] 注册风控状态可用: botFlagSource=0
[06:04:27] [CPA] SSO → 协议 Device Flow 换 token (proxy=socks5h://109.166.36.243:1091) ...
[06:04:27] [CPA] [*] 尝试协议 Device Flow 换 token ...
[06:04:29] [CPA] ✅ sso 有效（协议路径）
[06:04:29] [CPA] 🔑 Device Flow: 申请 device_code / user_code ...
[06:04:29] [CPA] [*] user_code=2GZ9-3HCH interval=5s expires_in=1800s
[06:04:30] [CPA] [*] Device Flow: verify user_code ...
[06:04:31] [CPA] ✅ device/verify OK → https://accounts.x.ai/oauth2/device/consent?user_code=2GZ9-3HCH
[06:04:31] [CPA] [*] Device Flow: approve allow principal_id=(empty) ...
[06:04:32] [CPA] ✅ device/approve 已允许
[06:04:32] [CPA] [*] Device Flow: 轮询 access/refresh token ...
[06:04:32] [CPA] ✅ access_token (expires_in=21600s) + refresh_token
[06:04:32] [CPA] JWT bfs 检测: clean
[06:04:32] [CPA] 已写入 CPA 本地 /home/ubuntu/grok-register-panel/cpa_auth/xai-hayley29628panderson_3@outlook.com.json
[06:04:32] [CPA] 已上传 CPA 远程 http://127.0.0.1:18457/.../xai-hayley29628panderson_3@outlook.com.json
[06:04:32] [CPA] 已写入 Grok2API /home/ubuntu/grok-register-panel/grok2api_auth/g2a-hayley29628panderson_3@outlook.com.json
[06:04:32] [+] 注册成功: hayley29628panderson+3@outlook.com
[06:04:32] [结果] status=ok ip=142.249.204.75 port=1091 email=ha***@outlook.com kind=success bot=0 risk=- bfs=-
[06:04:32] [*] 当前统计: 成功 96 | 失败 4 || 注册成功 96 | 注册失败 4 | SSO成功 98 | SSO失败 0 | 早期跳过 0 | G2A成功 98 | G2A失败 0 | CPA成功 96 | CPA失败 0 | 风控通过 96 | 风控 2
[06:04:34] [*] 下一个账号前等待 480 秒...
[06:05:34] [*] 账号间隔等待中… 剩余 420s / 共 480s
[06:06:34] [*] 账号间隔等待中… 剩余 360s / 共 480s
[06:07:34] [*] 账号间隔等待中… 剩余 300s / 共 480s
[06:08:34] [*] 账号间隔等待中… 剩余 240s / 共 480s
[06:09:34] [*] 账号间隔等待中… 剩余 180s / 共 480s
[06:10:34] [*] 账号间隔等待中… 剩余 120s / 共 480s
[06:11:34] [*] 账号间隔等待中… 剩余 60s / 共 480s
[06:12:34] [*] 下号代理: socks5h://109.166.36.243:1090
[06:12:34] --- 开始第 101/2000 个账号 ---
[06:12:34] [*] 1. 打开注册页 (尝试 1/3)
[06:12:38] [static-cache] enabled dir=/home/ubuntu/grok-register-panel/log/static-asset-cache hits=18782 misses=590 max_mb=1024
[06:12:38] [*] 出口IP=142.249.204.223 代理=socks5h://109.166.36.243:1090 | AS45691 | DODO-CORE - DODO K.K. | Tokyo
[06:12:39] [*] 指纹 os=windows platform=Win32 webgl=ANGLE (NVIDIA, NVIDIA GeForce GTX 980 Direct3D11 vs_5_0 ps_5_0), or similar fontsWin=True ua=Mozilla/5.0 (Windows NT 10.0; Win64; x64; rv:152.0) Gecko/20100101 Firef… leak=none
[06:12:39] [*] 浏览器已启动
[06:12:46] [*] 当前URL: https://accounts.x.ai/sign-up?redirect=grok-com
[06:12:50] [*] 已点击「使用邮箱注册」按钮（原生事件）: Sign up with email
[06:12:51] [*] 2. 创建邮箱并提交
[06:12:52] [*] 已创建邮箱: adammbt856hudson+3@outlook.com
[06:13:00] [*] 已填写邮箱并提交: adammbt856hudson+3@outlook.com (Sign up)
[06:13:00] [*] 邮箱: adammbt856hudson+3@outlook.com
[06:13:00] [*] 3. 拉取验证码
[06:13:03] [*] Outlook RT 等待验证码… 剩余 176s 邮件 4 封
[06:13:11] [*] Outlook RT 已提取验证码并完成库存记账
[06:13:15] [*] 已填写验证码并提交: 136-856
[06:13:15] [*] 验证码后页面 step=profile path=/sign-up?redirect=grok-com cf=True buttons=['Grok', 'Complete sign up', 'Go back', 'Your privacy choices']
[06:13:15] [*] 验证码: 136-856
[06:13:15] [*] 4. 填写资料
[06:13:28] [*] 已点击资料提交: Aron Fan
[06:13:28] [*] 提交后页面 step=profile path=/sign-up?redirect=grok-com hint=You are signing into Grok Complete your sign up adammbt856hudson+3@outlook.com First name Last name Password Complete sign upGo back By cont
[06:13:34] [*] 提交后页面 step=probe-error path=https://accounts.x.ai/sign-up?redirect=grok-com hint=Page.evaluate: Execution context was destroyed, most likely because of a navigation
[06:13:35] [*] 提交后页面 step=unknown path=/account hint=((a,b,c,d,e,f,g,h)=>{let i=document.documentElement,j=["light","dark"];function k(b){var c;(Array.isArray(a)?a:[a]).forEach(a=>{let c="class
[06:13:35] [*] 提交后页面 step=unknown path=/account hint=SpaceXAI Toggle theme AF Welcome, Aron. Manage your account. Account Security Sessions Data Return to Redirecting You are being redirected, 
[06:13:40] [*] 资料已填: Aron Fan
[06:13:41] [*] registered_emails 已更新: adammbt856hudson+3@outlook.com sso=empty
[06:13:41] [*] 5. 等待 sso cookie
[06:13:41] [*] 等待 sso 中... 已等 0s，剩余 29s | url=https://grok.com/
[06:13:41] [*] 已获取到 sso cookie
[06:13:41] [*] registered_emails 已更新: adammbt856hudson+3@outlook.com sso=yes
[06:13:41] [*] grok2api Web SSO 上传尝试 1/3
[06:13:41] [*] grok2api 远端上传：登录管理后台（直连，不走代理）
[06:13:41] [+] grok2api 远端登录成功
[06:13:41] [*] grok2api 远端上传：调用 Web SSO 导入接口（直连）
[06:13:43] 【推送Grok2API 成功】
[06:13:43] [+] 已上传 Web SSO: 新增=1, 更新=0, 同步=1, 失败=0
[06:13:43] [*] grok2api Console SSO 上传尝试 1/3
[06:13:43] [*] grok2api 远端上传：登录管理后台（直连，不走代理）
[06:13:43] [+] grok2api 远端登录成功
[06:13:43] [*] grok2api 远端上传：调用 Console SSO 导入接口（直连）
[06:13:44] 【推送Grok2API 成功】
[06:13:44] [+] 已上传 Console SSO: 新增=1, 更新=0, 同步=1, 失败=0
[06:13:44] [风控] 检查新账号注册风控状态 ...
[06:13:45] [风控] ✅ 注册风控状态可用: botFlagSource=0
[06:13:45] [风控] 注册风控状态可用: botFlagSource=0
[06:13:45] [CPA] SSO → 协议 Device Flow 换 token (proxy=socks5h://109.166.36.243:1090) ...
[06:13:45] [CPA] [*] 尝试协议 Device Flow 换 token ...
[06:13:46] [CPA] ✅ sso 有效（协议路径）
[06:13:46] [CPA] 🔑 Device Flow: 申请 device_code / user_code ...
[06:13:47] [CPA] [*] user_code=XPTX-H65E interval=5s expires_in=1800s
[06:13:48] [CPA] [*] Device Flow: verify user_code ...
[06:13:49] [CPA] ✅ device/verify OK → https://accounts.x.ai/oauth2/device/consent?user_code=XPTX-H65E
[06:13:49] [CPA] [*] Device Flow: approve allow principal_id=(empty) ...
[06:13:49] [CPA] ✅ device/approve 已允许
[06:13:49] [CPA] [*] Device Flow: 轮询 access/refresh token ...
[06:13:50] [CPA] ✅ access_token (expires_in=21600s) + refresh_token
[06:13:50] [CPA] JWT bfs 检测: clean
[06:13:50] [CPA] 已写入 CPA 本地 /home/ubuntu/grok-register-panel/cpa_auth/xai-adammbt856hudson_3@outlook.com.json
[06:13:50] [CPA] 已上传 CPA 远程 http://127.0.0.1:18457/.../xai-adammbt856hudson_3@outlook.com.json
[06:13:50] [CPA] 已写入 Grok2API /home/ubuntu/grok-register-panel/grok2api_auth/g2a-adammbt856hudson_3@outlook.com.json
[06:13:50] [+] 注册成功: adammbt856hudson+3@outlook.com
[06:13:50] [结果] status=ok ip=142.249.204.223 port=1090 email=ad***@outlook.com kind=success bot=0 risk=- bfs=-
[06:13:50] [*] 当前统计: 成功 97 | 失败 4 || 注册成功 97 | 注册失败 4 | SSO成功 99 | SSO失败 0 | 早期跳过 0 | G2A成功 99 | G2A失败 0 | CPA成功 97 | CPA失败 0 | 风控通过 97 | 风控 2
[06:13:51] [*] 下一个账号前等待 480 秒...
[06:14:51] [*] 账号间隔等待中… 剩余 420s / 共 480s
[06:15:51] [*] 账号间隔等待中… 剩余 360s / 共 480s
[06:16:51] [*] 账号间隔等待中… 剩余 300s / 共 480s
[06:17:51] [*] 账号间隔等待中… 剩余 240s / 共 480s
[06:18:51] [*] 账号间隔等待中… 剩余 180s / 共 480s
[06:19:51] [*] 账号间隔等待中… 剩余 120s / 共 480s
[06:20:51] [*] 账号间隔等待中… 剩余 60s / 共 480s
[06:21:51] [*] 下号代理: socks5h://15.204.89.179:1178
[06:21:51] --- 开始第 102/2000 个账号 ---
[06:21:51] [*] 1. 打开注册页 (尝试 1/3)
[06:21:57] [static-cache] enabled dir=/home/ubuntu/grok-register-panel/log/static-asset-cache hits=19026 misses=590 max_mb=1024
[06:21:57] [*] 出口IP=12.104.4.66 代理=socks5h://15.204.89.179:1178 | AS7018 | AT&T Enterprises, LLC | Boston
[06:21:57] [*] 指纹 os=windows platform=Win32 webgl=ANGLE (NVIDIA, NVIDIA GeForce GTX 980 Direct3D11 vs_5_0 ps_5_0), or similar fontsWin=True ua=Mozilla/5.0 (Windows NT 10.0; Win64; x64; rv:152.0) Gecko/20100101 Firef… leak=none
[06:21:57] [*] 浏览器已启动
[06:22:05] [*] 当前URL: https://accounts.x.ai/sign-up?redirect=grok-com
[06:22:08] [*] 已点击「使用邮箱注册」按钮（原生事件）: Sign up with email
[06:22:09] [*] 2. 创建邮箱并提交
[06:22:10] [*] 已创建邮箱: franciele562593dias+3@outlook.com
[06:22:19] [*] 已填写邮箱并提交: franciele562593dias+3@outlook.com (Sign up)
[06:22:19] [*] 邮箱: franciele562593dias+3@outlook.com
[06:22:19] [*] 3. 拉取验证码
[06:22:23] [*] Outlook RT 等待验证码… 剩余 176s 邮件 4 封
[06:22:28] [*] Outlook RT 已提取验证码并完成库存记账
[06:22:32] [*] 已填写验证码并提交: 563-361
[06:22:32] [*] 验证码后页面 step=profile path=/sign-up?redirect=grok-com cf=True buttons=['Grok', 'Complete sign up', 'Go back', 'Your privacy choices']
[06:22:32] [*] 验证码: 563-361
[06:22:32] [*] 4. 填写资料
[06:22:44] [*] 已点击资料提交: Ivan Deng
[06:22:44] [*] 提交后页面 step=profile path=/sign-up?redirect=grok-com hint=You are signing into Grok Complete your sign up franciele562593dias+3@outlook.com First name Last name Password Complete sign upGo back By c
[06:22:49] [*] 提交后页面 step=probe-error path=https://accounts.x.ai/sign-up?redirect=grok-com hint=Page.evaluate: Execution context was destroyed, most likely because of a navigation
[06:22:49] [*] 提交后页面 step=unknown path=/account hint=((a,b,c,d,e,f,g,h)=>{let i=document.documentElement,j=["light","dark"];function k(b){var c;(Array.isArray(a)?a:[a]).forEach(a=>{let c="class
[06:22:50] [*] 提交后页面 step=unknown path=/account hint=SpaceXAI Toggle theme ID Welcome, Ivan. Manage your account. Account Security Sessions Data Return to Redirecting You are being redirected, 
[06:22:53] [*] 提交后页面 step=probe-error path=https://accounts.x.ai/account hint=Page.evaluate: Execution context was destroyed, most likely because of a navigation
[06:22:56] [*] 提交后页面 step=unknown path=/ hint=Skip to main content
[06:22:56] [*] 资料已填: Ivan Deng
[06:22:57] [*] registered_emails 已更新: franciele562593dias+3@outlook.com sso=empty
[06:22:57] [*] 5. 等待 sso cookie
[06:22:57] [*] 等待 sso 中... 已等 0s，剩余 29s | url=https://grok.com/
[06:22:57] [*] 已获取到 sso cookie
[06:22:57] [*] registered_emails 已更新: franciele562593dias+3@outlook.com sso=yes
[06:22:57] [*] grok2api Web SSO 上传尝试 1/3
[06:22:57] [*] grok2api 远端上传：登录管理后台（直连，不走代理）
[06:22:57] [+] grok2api 远端登录成功
[06:22:57] [*] grok2api 远端上传：调用 Web SSO 导入接口（直连）
[06:22:58] 【推送Grok2API 成功】
[06:22:58] [+] 已上传 Web SSO: 新增=1, 更新=0, 同步=1, 失败=0
[06:22:58] [*] grok2api Console SSO 上传尝试 1/3
[06:22:58] [*] grok2api 远端上传：登录管理后台（直连，不走代理）
[06:22:59] [+] grok2api 远端登录成功
[06:22:59] [*] grok2api 远端上传：调用 Console SSO 导入接口（直连）
[06:22:59] 【推送Grok2API 成功】
[06:22:59] [+] 已上传 Console SSO: 新增=1, 更新=0, 同步=1, 失败=0
[06:22:59] [风控] 检查新账号注册风控状态 ...
[06:23:00] [风控] ✅ 注册风控状态可用: botFlagSource=0
[06:23:00] [风控] 注册风控状态可用: botFlagSource=0
[06:23:00] [CPA] SSO → 协议 Device Flow 换 token (proxy=socks5h://15.204.89.179:1178) ...
[06:23:00] [CPA] [*] 尝试协议 Device Flow 换 token ...
[06:23:01] [CPA] ✅ sso 有效（协议路径）
[06:23:01] [CPA] 🔑 Device Flow: 申请 device_code / user_code ...
[06:23:02] [CPA] [*] user_code=V3CG-XK3Z interval=5s expires_in=1800s
[06:23:02] [CPA] [*] Device Flow: verify user_code ...
[06:23:03] [CPA] ✅ device/verify OK → https://accounts.x.ai/oauth2/device/consent?user_code=V3CG-XK3Z
[06:23:03] [CPA] [*] Device Flow: approve allow principal_id=(empty) ...
[06:23:03] [CPA] ✅ device/approve 已允许
[06:23:03] [CPA] [*] Device Flow: 轮询 access/refresh token ...
[06:23:03] [CPA] ✅ access_token (expires_in=21600s) + refresh_token
[06:23:03] [CPA] JWT bfs 检测: clean
[06:23:03] [CPA] 已写入 CPA 本地 /home/ubuntu/grok-register-panel/cpa_auth/xai-franciele562593dias_3@outlook.com.json
[06:23:03] [CPA] 已上传 CPA 远程 http://127.0.0.1:18457/.../xai-franciele562593dias_3@outlook.com.json
[06:23:04] [CPA] 已写入 Grok2API /home/ubuntu/grok-register-panel/grok2api_auth/g2a-franciele562593dias_3@outlook.com.json
[06:23:04] [+] 注册成功: franciele562593dias+3@outlook.com
[06:23:04] [结果] status=ok ip=12.104.4.66 port=1178 email=fr***@outlook.com kind=success bot=0 risk=- bfs=-
[06:23:04] [*] 当前统计: 成功 98 | 失败 4 || 注册成功 98 | 注册失败 4 | SSO成功 100 | SSO失败 0 | 早期跳过 0 | G2A成功 100 | G2A失败 0 | CPA成功 98 | CPA失败 0 | 风控通过 98 | 风控 2
[06:23:05] [*] 下一个账号前等待 480 秒...
[06:24:05] [*] 账号间隔等待中… 剩余 420s / 共 480s
[06:25:05] [*] 账号间隔等待中… 剩余 360s / 共 480s
[06:26:05] [*] 账号间隔等待中… 剩余 300s / 共 480s
[06:27:05] [*] 账号间隔等待中… 剩余 240s / 共 480s
[06:28:05] [*] 账号间隔等待中… 剩余 180s / 共 480s
[06:29:05] [*] 账号间隔等待中… 剩余 120s / 共 480s
[06:30:05] [*] 账号间隔等待中… 剩余 60s / 共 480s
[06:31:05] [*] 下号代理: socks5h://109.166.36.243:1092
[06:31:05] --- 开始第 103/2000 个账号 ---
[06:31:05] [*] 1. 打开注册页 (尝试 1/3)
[06:31:10] [static-cache] enabled dir=/home/ubuntu/grok-register-panel/log/static-asset-cache hits=19269 misses=591 max_mb=1024
[06:31:10] [*] 出口IP=142.249.204.224 代理=socks5h://109.166.36.243:1092 | AS45691 | DODO-CORE - DODO K.K. | Tokyo
[06:31:10] [*] 指纹 os=windows platform=Win32 webgl=ANGLE (NVIDIA, NVIDIA GeForce GTX 980 Direct3D11 vs_5_0 ps_5_0), or similar fontsWin=True ua=Mozilla/5.0 (Windows NT 10.0; Win64; x64; rv:152.0) Gecko/20100101 Firef… leak=none
[06:31:10] [*] 浏览器已启动
[06:31:17] [*] 当前URL: https://accounts.x.ai/sign-up?redirect=grok-com
[06:31:22] [*] 已点击「使用邮箱注册」按钮（原生事件）: Sign up with email
[06:31:23] [*] 2. 创建邮箱并提交
[06:31:24] [*] 已创建邮箱: alexr6462perez+3@outlook.com
[06:31:33] [*] 已填写邮箱并提交: alexr6462perez+3@outlook.com (Sign up)
[06:31:33] [*] 邮箱: alexr6462perez+3@outlook.com
[06:31:33] [*] 3. 拉取验证码
[06:31:36] [*] Outlook RT 等待验证码… 剩余 177s 邮件 4 封
[06:31:40] [*] Outlook RT 已提取验证码并完成库存记账
[06:31:45] [*] 已填写验证码并提交: 410-094
[06:31:45] [*] 验证码后页面 step=profile path=/sign-up?redirect=grok-com cf=True buttons=['Grok', 'Complete sign up', 'Go back', 'Your privacy choices']
[06:31:45] [*] 验证码: 410-094
[06:31:45] [*] 4. 填写资料
[06:32:01] [*] 已点击资料提交: Ethan Qin
[06:32:01] [*] 提交后页面 step=profile path=/sign-up?redirect=grok-com hint=You are signing into Grok Complete your sign up alexr6462perez+3@outlook.com First name Last name Password Complete sign upGo back By contin
[06:32:09] [*] 提交后页面 step=unknown path=/account hint=((a,b,c,d,e,f,g,h)=>{let i=document.documentElement,j=["light","dark"];function k(b){var c;(Array.isArray(a)?a:[a]).forEach(a=>{let c="class
[06:32:10] [*] 提交后页面 step=unknown path=/account hint=SpaceXAI Toggle theme EQ Welcome, Ethan. Manage your account. Account Security Sessions Data Return to Redirecting You are being redirected,
[06:32:13] [*] 资料已填: Ethan Qin
[06:32:14] [*] registered_emails 已更新: alexr6462perez+3@outlook.com sso=empty
[06:32:14] [*] 5. 等待 sso cookie
[06:32:14] [*] 等待 sso 中... 已等 0s，剩余 29s | url=https://accounts.x.ai/account
[06:32:14] [*] 已获取到 sso cookie
[06:32:14] [*] registered_emails 已更新: alexr6462perez+3@outlook.com sso=yes
[06:32:14] [*] grok2api Web SSO 上传尝试 1/3
[06:32:14] [*] grok2api 远端上传：登录管理后台（直连，不走代理）
[06:32:14] [+] grok2api 远端登录成功
[06:32:14] [*] grok2api 远端上传：调用 Web SSO 导入接口（直连）
[06:32:15] 【推送Grok2API 成功】
[06:32:15] [+] 已上传 Web SSO: 新增=1, 更新=0, 同步=1, 失败=0
[06:32:15] [*] grok2api Console SSO 上传尝试 1/3
[06:32:15] [*] grok2api 远端上传：登录管理后台（直连，不走代理）
[06:32:15] [+] grok2api 远端登录成功
[06:32:15] [*] grok2api 远端上传：调用 Console SSO 导入接口（直连）
[06:32:16] 【推送Grok2API 成功】
[06:32:16] [+] 已上传 Console SSO: 新增=1, 更新=0, 同步=1, 失败=0
[06:32:16] [风控] 检查新账号注册风控状态 ...
[06:32:17] [风控] ✅ 注册风控状态可用: botFlagSource=0
[06:32:17] [风控] 注册风控状态可用: botFlagSource=0
[06:32:17] [CPA] SSO → 协议 Device Flow 换 token (proxy=socks5h://109.166.36.243:1092) ...
[06:32:17] [CPA] [*] 尝试协议 Device Flow 换 token ...
[06:32:19] [CPA] ✅ sso 有效（协议路径）
[06:32:19] [CPA] 🔑 Device Flow: 申请 device_code / user_code ...
[06:32:20] [CPA] [*] user_code=BCM4-EAA4 interval=5s expires_in=1800s
[06:32:20] [CPA] [*] Device Flow: verify user_code ...
[06:32:21] [CPA] ✅ device/verify OK → https://accounts.x.ai/oauth2/device/consent?user_code=BCM4-EAA4
[06:32:21] [CPA] [*] Device Flow: approve allow principal_id=(empty) ...
[06:32:21] [CPA] ✅ device/approve 已允许
[06:32:21] [CPA] [*] Device Flow: 轮询 access/refresh token ...
[06:32:22] [CPA] ✅ access_token (expires_in=21600s) + refresh_token
[06:32:22] [CPA] JWT bfs 检测: clean
[06:32:22] [CPA] 已写入 CPA 本地 /home/ubuntu/grok-register-panel/cpa_auth/xai-alexr6462perez_3@outlook.com.json
[06:32:22] [CPA] 已上传 CPA 远程 http://127.0.0.1:18457/.../xai-alexr6462perez_3@outlook.com.json
[06:32:22] [CPA] 已写入 Grok2API /home/ubuntu/grok-register-panel/grok2api_auth/g2a-alexr6462perez_3@outlook.com.json
[06:32:22] [+] 注册成功: alexr6462perez+3@outlook.com
[06:32:22] [结果] status=ok ip=142.249.204.224 port=1092 email=al***@outlook.com kind=success bot=0 risk=- bfs=-
[06:32:22] [*] 当前统计: 成功 99 | 失败 4 || 注册成功 99 | 注册失败 4 | SSO成功 101 | SSO失败 0 | 早期跳过 0 | G2A成功 101 | G2A失败 0 | CPA成功 99 | CPA失败 0 | 风控通过 99 | 风控 2
[06:32:23] [*] 下一个账号前等待 480 秒...
[06:33:23] [*] 账号间隔等待中… 剩余 420s / 共 480s
[06:34:23] [*] 账号间隔等待中… 剩余 360s / 共 480s
[06:35:23] [*] 账号间隔等待中… 剩余 300s / 共 480s
[06:36:23] [*] 账号间隔等待中… 剩余 240s / 共 480s
[06:37:23] [*] 账号间隔等待中… 剩余 180s / 共 480s
[06:38:23] [*] 账号间隔等待中… 剩余 120s / 共 480s
[06:39:23] [*] 账号间隔等待中… 剩余 60s / 共 480s
[06:40:23] [*] 下号代理: socks5h://15.204.89.179:1191
[06:40:23] --- 开始第 104/2000 个账号 ---
[06:40:23] [*] 1. 打开注册页 (尝试 1/3)
[06:40:27] [static-cache] enabled dir=/home/ubuntu/grok-register-panel/log/static-asset-cache hits=19373 misses=591 max_mb=1024
[06:40:27] [*] 出口IP=12.104.4.97 代理=socks5h://15.204.89.179:1191 | AS7018 | AT&T Enterprises, LLC | Boston
[06:40:27] [*] 指纹 os=windows platform=Win32 webgl=ANGLE (Intel, Intel(R) HD Graphics Direct3D11 vs_5_0 ps_5_0), or similar fontsWin=True ua=Mozilla/5.0 (Windows NT 10.0; Win64; x64; rv:152.0) Gecko/20100101 Firef… leak=none
[06:40:27] [*] 浏览器已启动
[06:40:33] [*] 当前URL: https://accounts.x.ai/sign-up?redirect=grok-com
[06:40:38] [*] 已点击「使用邮箱注册」按钮（原生事件）: Sign up with email
[06:40:39] [*] 2. 创建邮箱并提交
[06:40:40] [*] 已创建邮箱: aidanu1670smith+3@outlook.com
[06:40:49] [*] 已填写邮箱并提交: aidanu1670smith+3@outlook.com (Sign up)
[06:40:49] [*] 邮箱: aidanu1670smith+3@outlook.com
[06:40:49] [*] 3. 拉取验证码
[06:40:52] [*] Outlook RT 等待验证码… 剩余 176s 邮件 4 封
[06:40:57] [*] Outlook RT 已提取验证码并完成库存记账
[06:41:00] [*] 已填写验证码并提交: 491-310
[06:41:00] [*] 验证码后页面 step=profile path=/sign-up?redirect=grok-com cf=True buttons=['Grok', 'Complete sign up', 'Go back', 'Your privacy choices']
[06:41:00] [*] 验证码: 491-310
[06:41:00] [*] 4. 填写资料
[06:41:15] [*] 已点击资料提交: Julian Nie
[06:41:15] [*] 提交后页面 step=profile path=/sign-up?redirect=grok-com hint=You are signing into Grok Complete your sign up aidanu1670smith+3@outlook.com First name Last name Password Complete sign upGo back By conti
[06:41:20] [*] 提交后页面 step=unknown path=/account hint=((a,b,c,d,e,f,g,h)=>{let i=document.documentElement,j=["light","dark"];function k(b){var c;(Array.isArray(a)?a:[a]).forEach(a=>{let c="class
[06:41:21] [*] 提交后页面 step=unknown path=/account hint=SpaceXAI Toggle theme JN Welcome, Julian. Manage your account. Account Security Sessions Data Return to Redirecting You are being redirected
[06:41:24] [*] 提交后页面 step=probe-error path=https://accounts.x.ai/account hint=Page.evaluate: Execution context was destroyed, most likely because of a navigation
[06:41:27] [*] 提交后页面 step=unknown path=/ hint=Skip to main content
[06:41:27] [*] 资料已填: Julian Nie
[06:41:27] [*] registered_emails 已更新: aidanu1670smith+3@outlook.com sso=empty
[06:41:27] [*] 5. 等待 sso cookie
[06:41:27] [*] 等待 sso 中... 已等 0s，剩余 29s | url=https://grok.com/
[06:41:27] [*] 已获取到 sso cookie
[06:41:27] [*] registered_emails 已更新: aidanu1670smith+3@outlook.com sso=yes
[06:41:27] [*] grok2api Web SSO 上传尝试 1/3
[06:41:27] [*] grok2api 远端上传：登录管理后台（直连，不走代理）
[06:41:27] [+] grok2api 远端登录成功
[06:41:27] [*] grok2api 远端上传：调用 Web SSO 导入接口（直连）
[06:41:28] 【推送Grok2API 成功】
[06:41:28] [+] 已上传 Web SSO: 新增=1, 更新=0, 同步=1, 失败=0
[06:41:28] [*] grok2api Console SSO 上传尝试 1/3
[06:41:28] [*] grok2api 远端上传：登录管理后台（直连，不走代理）
[06:41:28] [+] grok2api 远端登录成功
[06:41:28] [*] grok2api 远端上传：调用 Console SSO 导入接口（直连）
[06:41:29] 【推送Grok2API 成功】
[06:41:29] [+] 已上传 Console SSO: 新增=1, 更新=0, 同步=1, 失败=0
[06:41:29] [风控] 检查新账号注册风控状态 ...
[06:41:30] [风控] ✅ 注册风控状态可用: botFlagSource=0
[06:41:30] [风控] 注册风控状态可用: botFlagSource=0
[06:41:30] [CPA] SSO → 协议 Device Flow 换 token (proxy=socks5h://15.204.89.179:1191) ...
[06:41:30] [CPA] [*] 尝试协议 Device Flow 换 token ...
[06:41:31] [CPA] ✅ sso 有效（协议路径）
[06:41:31] [CPA] 🔑 Device Flow: 申请 device_code / user_code ...
[06:41:32] [CPA] [*] user_code=FXDB-VBYS interval=5s expires_in=1800s
[06:41:32] [CPA] [*] Device Flow: verify user_code ...
[06:41:33] [CPA] ✅ device/verify OK → https://accounts.x.ai/oauth2/device/consent?user_code=FXDB-VBYS
[06:41:33] [CPA] [*] Device Flow: approve allow principal_id=(empty) ...
[06:41:33] [CPA] ✅ device/approve 已允许
[06:41:33] [CPA] [*] Device Flow: 轮询 access/refresh token ...
[06:41:33] [CPA] ✅ access_token (expires_in=21600s) + refresh_token
[06:41:33] [CPA] JWT bfs 检测: clean
[06:41:33] [CPA] 已写入 CPA 本地 /home/ubuntu/grok-register-panel/cpa_auth/xai-aidanu1670smith_3@outlook.com.json
[06:41:33] [CPA] 已上传 CPA 远程 http://127.0.0.1:18457/.../xai-aidanu1670smith_3@outlook.com.json
[06:41:33] [CPA] 已写入 Grok2API /home/ubuntu/grok-register-panel/grok2api_auth/g2a-aidanu1670smith_3@outlook.com.json
[06:41:33] [+] 注册成功: aidanu1670smith+3@outlook.com
[06:41:33] [结果] status=ok ip=12.104.4.97 port=1191 email=ai***@outlook.com kind=success bot=0 risk=- bfs=-
[06:41:33] [*] 当前统计: 成功 100 | 失败 4 || 注册成功 100 | 注册失败 4 | SSO成功 102 | SSO失败 0 | 早期跳过 0 | G2A成功 102 | G2A失败 0 | CPA成功 100 | CPA失败 0 | 风控通过 100 | 风控 2
[06:41:33] [*] 已成功 100 个账号，执行定期清理: 关闭浏览器并清理内存
[06:41:34] [*] Python GC 已回收对象数: 23621
[06:41:35] [*] 下一个账号前等待 480 秒...
[06:42:35] [*] 账号间隔等待中… 剩余 420s / 共 480s
[06:43:35] [*] 账号间隔等待中… 剩余 360s / 共 480s
[06:44:35] [*] 账号间隔等待中… 剩余 300s / 共 480s
[06:45:35] [*] 账号间隔等待中… 剩余 240s / 共 480s
[06:46:35] [*] 账号间隔等待中… 剩余 180s / 共 480s
[06:47:35] [*] 账号间隔等待中… 剩余 120s / 共 480s
[06:48:35] [*] 账号间隔等待中… 剩余 60s / 共 480s
[06:49:35] [*] 下号代理: socks5h://109.166.36.243:1091
[06:49:35] --- 开始第 105/2000 个账号 ---
[06:49:35] [*] 1. 打开注册页 (尝试 1/3)
[06:49:40] [static-cache] enabled dir=/home/ubuntu/grok-register-panel/log/static-asset-cache hits=19616 misses=591 max_mb=1024
[06:49:40] [*] 出口IP=142.249.204.75 代理=socks5h://109.166.36.243:1091 | AS45691 | DODO-CORE - DODO K.K. | Tokyo
[06:49:40] [*] 指纹 os=windows platform=Win32 webgl=ANGLE (NVIDIA, NVIDIA GeForce GTX 980 Direct3D11 vs_5_0 ps_5_0), or similar fontsWin=True ua=Mozilla/5.0 (Windows NT 10.0; Win64; x64; rv:152.0) Gecko/20100101 Firef… leak=none
[06:49:40] [*] 浏览器已启动
[06:49:49] [*] 当前URL: https://accounts.x.ai/sign-up?redirect=grok-com
[06:49:54] [*] 已点击「使用邮箱注册」按钮（原生事件）: Sign up with email
[06:49:55] [*] 2. 创建邮箱并提交
[06:49:56] [*] 已创建邮箱: taciana2221228barros+3@outlook.com
[06:50:06] [*] 已填写邮箱并提交: taciana2221228barros+3@outlook.com (Sign up)
[06:50:06] [*] 邮箱: taciana2221228barros+3@outlook.com
[06:50:06] [*] 3. 拉取验证码
[06:50:09] [*] Outlook RT 等待验证码… 剩余 176s 邮件 4 封
[06:50:14] [*] Outlook RT 已提取验证码并完成库存记账
[06:50:19] [*] 已填写验证码并提交: 542-622
[06:50:19] [*] 验证码后页面 step=profile path=/sign-up?redirect=grok-com cf=True buttons=['Grok', 'Complete sign up', 'Go back', 'Your privacy choices']
[06:50:19] [*] 验证码: 542-622
[06:50:19] [*] 4. 填写资料
[06:50:37] [*] 已点击资料提交: Aiden Zeng
[06:50:37] [*] 提交后页面 step=profile path=/sign-up?redirect=grok-com hint=You are signing into Grok Complete your sign up taciana2221228barros+3@outlook.com First name Last name Password Complete sign upGo back By 
[06:50:43] [*] 提交后页面 step=probe-error path=https://accounts.x.ai/sign-up?redirect=grok-com hint=Page.evaluate: Execution context was destroyed, most likely because of a navigation
[06:50:44] [*] 提交后页面 step=unknown path=/account hint=((a,b,c,d,e,f,g,h)=>{let i=document.documentElement,j=["light","dark"];function k(b){var c;(Array.isArray(a)?a:[a]).forEach(a=>{let c="class
[06:50:45] [*] 提交后页面 step=unknown path=/account hint=SpaceXAI Toggle theme AZ Welcome, Aiden. Manage your account. Account Security Sessions Data Return to Redirecting You are being redirected,
[06:50:49] [*] 资料已填: Aiden Zeng
[06:50:49] [*] registered_emails 已更新: taciana2221228barros+3@outlook.com sso=empty
[06:50:49] [*] 5. 等待 sso cookie
[06:50:49] [*] 等待 sso 中... 已等 0s，剩余 29s | url=https://accounts.x.ai/account
[06:50:49] [*] 已获取到 sso cookie
[06:50:49] [*] registered_emails 已更新: taciana2221228barros+3@outlook.com sso=yes
[06:50:49] [*] grok2api Web SSO 上传尝试 1/3
[06:50:49] [*] grok2api 远端上传：登录管理后台（直连，不走代理）
[06:50:50] [+] grok2api 远端登录成功
[06:50:50] [*] grok2api 远端上传：调用 Web SSO 导入接口（直连）
[06:50:51] 【推送Grok2API 成功】
[06:50:51] [+] 已上传 Web SSO: 新增=1, 更新=0, 同步=1, 失败=0
[06:50:51] [*] grok2api Console SSO 上传尝试 1/3
[06:50:51] [*] grok2api 远端上传：登录管理后台（直连，不走代理）
[06:50:51] [+] grok2api 远端登录成功
[06:50:51] [*] grok2api 远端上传：调用 Console SSO 导入接口（直连）
[06:50:51] 【推送Grok2API 成功】
[06:50:51] [+] 已上传 Console SSO: 新增=1, 更新=0, 同步=1, 失败=0
[06:50:51] [风控] 检查新账号注册风控状态 ...
[06:50:53] [风控] ✅ 注册风控状态可用: botFlagSource=0
[06:50:53] [风控] 注册风控状态可用: botFlagSource=0
[06:50:53] [CPA] SSO → 协议 Device Flow 换 token (proxy=socks5h://109.166.36.243:1091) ...
[06:50:53] [CPA] [*] 尝试协议 Device Flow 换 token ...
[06:50:54] [CPA] ✅ sso 有效（协议路径）
[06:50:54] [CPA] 🔑 Device Flow: 申请 device_code / user_code ...
[06:50:55] [CPA] [*] user_code=3J6F-QEPD interval=5s expires_in=1800s
[06:50:56] [CPA] [*] Device Flow: verify user_code ...
[06:50:56] [CPA] ✅ device/verify OK → https://accounts.x.ai/oauth2/device/consent?user_code=3J6F-QEPD
[06:50:56] [CPA] [*] Device Flow: approve allow principal_id=(empty) ...
[06:50:57] [CPA] ✅ device/approve 已允许
[06:50:57] [CPA] [*] Device Flow: 轮询 access/refresh token ...
[06:50:57] [CPA] ✅ access_token (expires_in=21600s) + refresh_token
[06:50:57] [CPA] JWT bfs 检测: clean
[06:50:57] [CPA] 已写入 CPA 本地 /home/ubuntu/grok-register-panel/cpa_auth/xai-taciana2221228barros_3@outlook.com.json
[06:50:57] [CPA] 已上传 CPA 远程 http://127.0.0.1:18457/.../xai-taciana2221228barros_3@outlook.com.json
[06:50:57] [CPA] 已写入 Grok2API /home/ubuntu/grok-register-panel/grok2api_auth/g2a-taciana2221228barros_3@outlook.com.json
[06:50:57] [+] 注册成功: taciana2221228barros+3@outlook.com
[06:50:57] [结果] status=ok ip=142.249.204.75 port=1091 email=ta***@outlook.com kind=success bot=0 risk=- bfs=-
[06:50:57] [*] 当前统计: 成功 101 | 失败 4 || 注册成功 101 | 注册失败 4 | SSO成功 103 | SSO失败 0 | 早期跳过 0 | G2A成功 103 | G2A失败 0 | CPA成功 101 | CPA失败 0 | 风控通过 101 | 风控 2
[06:50:59] [*] 下一个账号前等待 480 秒...
[06:51:59] [*] 账号间隔等待中… 剩余 420s / 共 480s
[06:52:59] [*] 账号间隔等待中… 剩余 360s / 共 480s
[06:53:59] [*] 账号间隔等待中… 剩余 300s / 共 480s
[06:54:59] [*] 账号间隔等待中… 剩余 240s / 共 480s
[06:55:59] [*] 账号间隔等待中… 剩余 180s / 共 480s
[06:56:59] [*] 账号间隔等待中… 剩余 120s / 共 480s
[06:57:59] [*] 账号间隔等待中… 剩余 60s / 共 480s
[06:58:59] [*] 下号代理: socks5h://109.166.36.243:1090
[06:58:59] --- 开始第 106/2000 个账号 ---
[06:58:59] [*] 1. 打开注册页 (尝试 1/3)
[06:59:04] [static-cache] enabled dir=/home/ubuntu/grok-register-panel/log/static-asset-cache hits=19719 misses=591 max_mb=1024
[06:59:04] [*] 出口IP=142.249.204.223 代理=socks5h://109.166.36.243:1090 | AS45691 | DODO-CORE - DODO K.K. | Tokyo
[06:59:04] [*] 指纹 os=windows platform=Win32 webgl=ANGLE (NVIDIA, NVIDIA GeForce GTX 980 Direct3D11 vs_5_0 ps_5_0), or similar fontsWin=True ua=Mozilla/5.0 (Windows NT 10.0; Win64; x64; rv:152.0) Gecko/20100101 Firef… leak=none
[06:59:04] [*] 浏览器已启动
[06:59:11] [*] 当前URL: https://accounts.x.ai/sign-up?redirect=grok-com
[06:59:15] [*] 已点击「使用邮箱注册」按钮（原生事件）: Sign up with email
[06:59:16] [*] 2. 创建邮箱并提交
[06:59:17] [*] 已创建邮箱: joshua8145316lawson+3@outlook.com
[06:59:26] [*] 已填写邮箱并提交: joshua8145316lawson+3@outlook.com (Sign up)
[06:59:26] [*] 邮箱: joshua8145316lawson+3@outlook.com
[06:59:26] [*] 3. 拉取验证码
[06:59:29] [*] Outlook RT 等待验证码… 剩余 176s 邮件 4 封
[06:59:35] [*] Outlook RT 已提取验证码并完成库存记账
[06:59:38] [*] 已填写验证码并提交: 594-138
[06:59:38] [*] 验证码后页面 step=profile path=/sign-up?redirect=grok-com cf=True buttons=['Grok', 'Complete sign up', 'Go back', 'Your privacy choices']
[06:59:38] [*] 验证码: 594-138
[06:59:38] [*] 4. 填写资料
[06:59:50] [*] 已点击资料提交: Aron Wang
[06:59:50] [*] 提交后页面 step=profile path=/sign-up?redirect=grok-com hint=You are signing into Grok Complete your sign up joshua8145316lawson+3@outlook.com First name Last name Password Complete sign upGo back By c
[06:59:59] [*] 提交后页面 step=unknown path=/account hint=((a,b,c,d,e,f,g,h)=>{let i=document.documentElement,j=["light","dark"];function k(b){var c;(Array.isArray(a)?a:[a]).forEach(a=>{let c="class
[07:00:00] [*] 提交后页面 step=unknown path=/account hint=SpaceXAI Toggle theme AW Welcome, Aron. Manage your account. Account Security Sessions Data Return to Redirecting You are being redirected, 
[07:00:02] [*] 资料已填: Aron Wang
[07:00:03] [*] registered_emails 已更新: joshua8145316lawson+3@outlook.com sso=empty
[07:00:03] [*] 5. 等待 sso cookie
[07:00:03] [*] 等待 sso 中... 已等 0s，剩余 29s | url=https://accounts.x.ai/account
[07:00:03] [*] 已获取到 sso cookie
[07:00:04] [*] registered_emails 已更新: joshua8145316lawson+3@outlook.com sso=yes
[07:00:04] [*] grok2api Web SSO 上传尝试 1/3
[07:00:04] [*] grok2api 远端上传：登录管理后台（直连，不走代理）
[07:00:04] [+] grok2api 远端登录成功
[07:00:04] [*] grok2api 远端上传：调用 Web SSO 导入接口（直连）
[07:00:05] 【推送Grok2API 成功】
[07:00:05] [+] 已上传 Web SSO: 新增=1, 更新=0, 同步=1, 失败=0
[07:00:05] [*] grok2api Console SSO 上传尝试 1/3
[07:00:05] [*] grok2api 远端上传：登录管理后台（直连，不走代理）
[07:00:05] [+] grok2api 远端登录成功
[07:00:05] [*] grok2api 远端上传：调用 Console SSO 导入接口（直连）
[07:00:06] 【推送Grok2API 成功】
[07:00:06] [+] 已上传 Console SSO: 新增=1, 更新=0, 同步=1, 失败=0
[07:00:06] [风控] 检查新账号注册风控状态 ...
[07:00:07] [风控] ✅ 注册风控状态可用: botFlagSource=0
[07:00:07] [风控] 注册风控状态可用: botFlagSource=0
[07:00:07] [CPA] SSO → 协议 Device Flow 换 token (proxy=socks5h://109.166.36.243:1090) ...
[07:00:07] [CPA] [*] 尝试协议 Device Flow 换 token ...
[07:00:09] [CPA] ✅ sso 有效（协议路径）
[07:00:09] [CPA] 🔑 Device Flow: 申请 device_code / user_code ...
[07:00:10] [CPA] [*] user_code=8WG8-4FST interval=5s expires_in=1800s
[07:00:10] [CPA] [*] Device Flow: verify user_code ...
[07:00:11] [CPA] ✅ device/verify OK → https://accounts.x.ai/oauth2/device/consent?user_code=8WG8-4FST
[07:00:11] [CPA] [*] Device Flow: approve allow principal_id=(empty) ...
[07:00:12] [CPA] ✅ device/approve 已允许
[07:00:12] [CPA] [*] Device Flow: 轮询 access/refresh token ...
[07:00:13] [CPA] ✅ access_token (expires_in=21600s) + refresh_token
[07:00:13] [CPA] JWT bfs 检测: clean
[07:00:13] [CPA] 已写入 CPA 本地 /home/ubuntu/grok-register-panel/cpa_auth/xai-joshua8145316lawson_3@outlook.com.json
[07:00:13] [CPA] 已上传 CPA 远程 http://127.0.0.1:18457/.../xai-joshua8145316lawson_3@outlook.com.json
[07:00:13] [CPA] 已写入 Grok2API /home/ubuntu/grok-register-panel/grok2api_auth/g2a-joshua8145316lawson_3@outlook.com.json
[07:00:13] [+] 注册成功: joshua8145316lawson+3@outlook.com
[07:00:13] [结果] status=ok ip=142.249.204.223 port=1090 email=jo***@outlook.com kind=success bot=0 risk=- bfs=-
[07:00:13] [*] 当前统计: 成功 102 | 失败 4 || 注册成功 102 | 注册失败 4 | SSO成功 104 | SSO失败 0 | 早期跳过 0 | G2A成功 104 | G2A失败 0 | CPA成功 102 | CPA失败 0 | 风控通过 102 | 风控 2
[07:00:14] [*] 下一个账号前等待 480 秒...
[07:01:14] [*] 账号间隔等待中… 剩余 420s / 共 480s
[07:02:14] [*] 账号间隔等待中… 剩余 360s / 共 480s
[07:03:14] [*] 账号间隔等待中… 剩余 300s / 共 480s
[07:04:14] [*] 账号间隔等待中… 剩余 240s / 共 480s
[07:05:14] [*] 账号间隔等待中… 剩余 180s / 共 480s
[07:06:14] [*] 账号间隔等待中… 剩余 120s / 共 480s
[07:07:14] [*] 账号间隔等待中… 剩余 60s / 共 480s
[07:08:14] [*] 下号代理: socks5h://15.204.89.179:1178
[07:08:14] --- 开始第 107/2000 个账号 ---
[07:08:14] [*] 1. 打开注册页 (尝试 1/3)
[07:08:18] [static-cache] enabled dir=/home/ubuntu/grok-register-panel/log/static-asset-cache hits=19822 misses=591 max_mb=1024
[07:08:18] [*] 出口IP=12.104.4.66 代理=socks5h://15.204.89.179:1178 | AS7018 | AT&T Enterprises, LLC | Boston
[07:08:18] [*] 指纹 os=windows platform=Win32 webgl=ANGLE (NVIDIA, NVIDIA GeForce GTX 980 Direct3D11 vs_5_0 ps_5_0), or similar fontsWin=True ua=Mozilla/5.0 (Windows NT 10.0; Win64; x64; rv:152.0) Gecko/20100101 Firef… leak=none
[07:08:18] [*] 浏览器已启动
[07:08:26] [*] 当前URL: https://accounts.x.ai/sign-up?redirect=grok-com
[07:08:29] [*] 已点击「使用邮箱注册」按钮（原生事件）: Sign up with email
[07:08:30] [*] 2. 创建邮箱并提交
[07:08:31] [*] 已创建邮箱: dolorest8763llamas+4@outlook.com
[07:08:41] [*] 已填写邮箱并提交: dolorest8763llamas+4@outlook.com (Sign up)
[07:08:41] [*] 邮箱: dolorest8763llamas+4@outlook.com
[07:08:41] [*] 3. 拉取验证码
[07:08:44] [*] Outlook RT 等待验证码… 剩余 176s 邮件 5 封
[07:08:50] [*] Outlook RT 已提取验证码并完成库存记账
[07:08:53] [*] 已填写验证码并提交: 452-639
[07:08:53] [*] 验证码后页面 step=profile path=/sign-up?redirect=grok-com cf=True buttons=['Grok', 'Complete sign up', 'Go back', 'Your privacy choices']
[07:08:53] [*] 验证码: 452-639
[07:08:53] [*] 4. 填写资料
[07:09:06] [*] 已点击资料提交: Logan Guo
[07:09:06] [*] 提交后页面 step=profile path=/sign-up?redirect=grok-com hint=You are signing into Grok Complete your sign up dolorest8763llamas+4@outlook.com First name Last name Password Complete sign upGo back By co
[07:09:12] [*] 提交后页面 step=unknown path=/account hint=((a,b,c,d,e,f,g,h)=>{let i=document.documentElement,j=["light","dark"];function k(b){var c;(Array.isArray(a)?a:[a]).forEach(a=>{let c="class
[07:09:13] [*] 提交后页面 step=unknown path=/account hint=SpaceXAI Toggle theme LG Welcome, Logan. Manage your account. Account Security Sessions Data Return to Redirecting You are being redirected,
[07:09:17] [*] 资料已填: Logan Guo
[07:09:17] [*] registered_emails 已更新: dolorest8763llamas+4@outlook.com sso=empty
[07:09:17] [*] 5. 等待 sso cookie
[07:09:17] [*] 等待 sso 中... 已等 0s，剩余 29s | url=https://grok.com/
[07:09:17] [*] 已获取到 sso cookie
[07:09:17] [*] registered_emails 已更新: dolorest8763llamas+4@outlook.com sso=yes
[07:09:17] [*] grok2api Web SSO 上传尝试 1/3
[07:09:17] [*] grok2api 远端上传：登录管理后台（直连，不走代理）
[07:09:18] [+] grok2api 远端登录成功
[07:09:18] [*] grok2api 远端上传：调用 Web SSO 导入接口（直连）
[07:09:19] 【推送Grok2API 成功】
[07:09:19] [+] 已上传 Web SSO: 新增=1, 更新=0, 同步=1, 失败=0
[07:09:19] [*] grok2api Console SSO 上传尝试 1/3
[07:09:19] [*] grok2api 远端上传：登录管理后台（直连，不走代理）
[07:09:19] [+] grok2api 远端登录成功
[07:09:19] [*] grok2api 远端上传：调用 Console SSO 导入接口（直连）
[07:09:19] 【推送Grok2API 成功】
[07:09:19] [+] 已上传 Console SSO: 新增=1, 更新=0, 同步=1, 失败=0
[07:09:19] [风控] 检查新账号注册风控状态 ...
[07:09:21] [风控] ✅ 注册风控状态可用: botFlagSource=0
[07:09:21] [风控] 注册风控状态可用: botFlagSource=0
[07:09:21] [CPA] SSO → 协议 Device Flow 换 token (proxy=socks5h://15.204.89.179:1178) ...
[07:09:21] [CPA] [*] 尝试协议 Device Flow 换 token ...
[07:09:21] [CPA] ✅ sso 有效（协议路径）
[07:09:21] [CPA] 🔑 Device Flow: 申请 device_code / user_code ...
[07:09:22] [CPA] [*] user_code=PKZN-22JK interval=5s expires_in=1800s
[07:09:22] [CPA] [*] Device Flow: verify user_code ...
[07:09:23] [CPA] ✅ device/verify OK → https://accounts.x.ai/oauth2/device/consent?user_code=PKZN-22JK
[07:09:23] [CPA] [*] Device Flow: approve allow principal_id=(empty) ...
[07:09:23] [CPA] ✅ device/approve 已允许
[07:09:23] [CPA] [*] Device Flow: 轮询 access/refresh token ...
[07:09:23] [CPA] ✅ access_token (expires_in=21600s) + refresh_token
[07:09:23] [CPA] JWT bfs 检测: clean
[07:09:23] [CPA] 已写入 CPA 本地 /home/ubuntu/grok-register-panel/cpa_auth/xai-dolorest8763llamas_4@outlook.com.json
[07:09:23] [CPA] 已上传 CPA 远程 http://127.0.0.1:18457/.../xai-dolorest8763llamas_4@outlook.com.json
[07:09:23] [CPA] 已写入 Grok2API /home/ubuntu/grok-register-panel/grok2api_auth/g2a-dolorest8763llamas_4@outlook.com.json
[07:09:23] [+] 注册成功: dolorest8763llamas+4@outlook.com
[07:09:23] [结果] status=ok ip=12.104.4.66 port=1178 email=do***@outlook.com kind=success bot=0 risk=- bfs=-
[07:09:23] [*] 当前统计: 成功 103 | 失败 4 || 注册成功 103 | 注册失败 4 | SSO成功 105 | SSO失败 0 | 早期跳过 0 | G2A成功 105 | G2A失败 0 | CPA成功 103 | CPA失败 0 | 风控通过 103 | 风控 2
[07:09:25] [*] 下一个账号前等待 480 秒...
[07:10:25] [*] 账号间隔等待中… 剩余 420s / 共 480s
[07:11:25] [*] 账号间隔等待中… 剩余 360s / 共 480s
[07:12:25] [*] 账号间隔等待中… 剩余 300s / 共 480s
[07:13:25] [*] 账号间隔等待中… 剩余 240s / 共 480s
[07:14:25] [*] 账号间隔等待中… 剩余 180s / 共 480s
[07:15:25] [*] 账号间隔等待中… 剩余 120s / 共 480s
[07:16:25] [*] 账号间隔等待中… 剩余 60s / 共 480s
[07:17:25] [*] 下号代理: socks5h://109.166.36.243:1092
[07:17:25] --- 开始第 108/2000 个账号 ---
[07:17:25] [*] 1. 打开注册页 (尝试 1/3)
[07:17:31] [static-cache] enabled dir=/home/ubuntu/grok-register-panel/log/static-asset-cache hits=20027 misses=628 max_mb=1024
[07:17:31] [*] 出口IP=142.249.204.224 代理=socks5h://109.166.36.243:1092 | AS45691 | DODO-CORE - DODO K.K. | Tokyo
[07:17:31] [*] 指纹 os=windows platform=Win32 webgl=ANGLE (NVIDIA, NVIDIA GeForce GTX 980 Direct3D11 vs_5_0 ps_5_0), or similar fontsWin=True ua=Mozilla/5.0 (Windows NT 10.0; Win64; x64; rv:152.0) Gecko/20100101 Firef… leak=none
[07:17:31] [*] 浏览器已启动
[07:17:40] [*] 当前URL: https://accounts.x.ai/sign-up?redirect=grok-com
[07:17:45] [*] 已点击「使用邮箱注册」按钮（原生事件）: Sign up with email
[07:17:46] [*] 2. 创建邮箱并提交
[07:17:47] [*] 已创建邮箱: ramsesh6277rico+4@outlook.com
[07:17:55] [*] 已填写邮箱并提交: ramsesh6277rico+4@outlook.com (Sign up)
[07:17:55] [*] 邮箱: ramsesh6277rico+4@outlook.com
[07:17:55] [*] 3. 拉取验证码
[07:17:58] [*] Outlook RT 等待验证码… 剩余 177s 邮件 4 封
[07:18:03] [*] Outlook RT 已提取验证码并完成库存记账
[07:18:06] [*] 已填写验证码并提交: 451-567
[07:18:06] [*] 验证码后页面 step=profile path=/sign-up?redirect=grok-com cf=True buttons=['Grok', 'Complete sign up', 'Go back', 'Your privacy choices']
[07:18:06] [*] 验证码: 451-567
[07:18:06] [*] 4. 填写资料
[07:18:19] [*] 已点击资料提交: Hunter Luo
[07:18:19] [*] 提交后页面 step=profile path=/sign-up?redirect=grok-com hint=You are signing into Grok Complete your sign up ramsesh6277rico+4@outlook.com First name Last name Password Complete sign upGo back By conti
[07:18:26] [*] 提交后页面 step=unknown path=/account hint=((a,b,c,d,e,f,g,h)=>{let i=document.documentElement,j=["light","dark"];function k(b){var c;(Array.isArray(a)?a:[a]).forEach(a=>{let c="class
[07:18:27] [*] 提交后页面 step=unknown path=/account hint=SpaceXAI Toggle theme HL Welcome, Hunter. Manage your account. Account Security Sessions Data Return to Redirecting You are being redirected
[07:18:31] [*] 提交后页面 step=probe-error path=https://accounts.x.ai/account hint=Page.evaluate: Execution context was destroyed, most likely because of a navigation
[07:18:31] [*] 资料已填: Hunter Luo
[07:18:32] [*] registered_emails 已更新: ramsesh6277rico+4@outlook.com sso=empty
[07:18:32] [*] 5. 等待 sso cookie
[07:18:32] [*] 等待 sso 中... 已等 0s，剩余 29s | url=https://accounts.x.ai/account
[07:18:32] [*] 已获取到 sso cookie
[07:18:32] [*] registered_emails 已更新: ramsesh6277rico+4@outlook.com sso=yes
[07:18:32] [*] grok2api Web SSO 上传尝试 1/3
[07:18:32] [*] grok2api 远端上传：登录管理后台（直连，不走代理）
[07:18:32] [+] grok2api 远端登录成功
[07:18:32] [*] grok2api 远端上传：调用 Web SSO 导入接口（直连）
[07:18:33] 【推送Grok2API 成功】
[07:18:33] [+] 已上传 Web SSO: 新增=1, 更新=0, 同步=1, 失败=0
[07:18:33] [*] grok2api Console SSO 上传尝试 1/3
[07:18:33] [*] grok2api 远端上传：登录管理后台（直连，不走代理）
[07:18:33] [+] grok2api 远端登录成功
[07:18:33] [*] grok2api 远端上传：调用 Console SSO 导入接口（直连）
[07:18:34] 【推送Grok2API 成功】
[07:18:34] [+] 已上传 Console SSO: 新增=1, 更新=0, 同步=1, 失败=0
[07:18:34] [风控] 检查新账号注册风控状态 ...
[07:18:35] [风控] ✅ 注册风控状态可用: botFlagSource=0
[07:18:35] [风控] 注册风控状态可用: botFlagSource=0
[07:18:35] [CPA] SSO → 协议 Device Flow 换 token (proxy=socks5h://109.166.36.243:1092) ...
[07:18:35] [CPA] [*] 尝试协议 Device Flow 换 token ...
[07:18:37] [CPA] ✅ sso 有效（协议路径）
[07:18:37] [CPA] 🔑 Device Flow: 申请 device_code / user_code ...
[07:18:38] [CPA] [*] user_code=EC4N-MR87 interval=5s expires_in=1800s
[07:18:39] [CPA] [*] Device Flow: verify user_code ...
[07:18:40] [CPA] ✅ device/verify OK → https://accounts.x.ai/oauth2/device/consent?user_code=EC4N-MR87
[07:18:40] [CPA] [*] Device Flow: approve allow principal_id=(empty) ...
[07:18:40] [CPA] ✅ device/approve 已允许
[07:18:40] [CPA] [*] Device Flow: 轮询 access/refresh token ...
[07:18:41] [CPA] ✅ access_token (expires_in=21600s) + refresh_token
[07:18:41] [CPA] JWT bfs 检测: clean
[07:18:41] [CPA] 已写入 CPA 本地 /home/ubuntu/grok-register-panel/cpa_auth/xai-ramsesh6277rico_4@outlook.com.json
[07:18:41] [CPA] 已上传 CPA 远程 http://127.0.0.1:18457/.../xai-ramsesh6277rico_4@outlook.com.json
[07:18:41] [CPA] 已写入 Grok2API /home/ubuntu/grok-register-panel/grok2api_auth/g2a-ramsesh6277rico_4@outlook.com.json
[07:18:41] [+] 注册成功: ramsesh6277rico+4@outlook.com
[07:18:41] [结果] status=ok ip=142.249.204.224 port=1092 email=ra***@outlook.com kind=success bot=0 risk=- bfs=-
[07:18:41] [*] 当前统计: 成功 104 | 失败 4 || 注册成功 104 | 注册失败 4 | SSO成功 106 | SSO失败 0 | 早期跳过 0 | G2A成功 106 | G2A失败 0 | CPA成功 104 | CPA失败 0 | 风控通过 104 | 风控 2
[07:18:42] [*] 下一个账号前等待 480 秒...
[07:19:42] [*] 账号间隔等待中… 剩余 420s / 共 480s
[07:20:42] [*] 账号间隔等待中… 剩余 360s / 共 480s
[07:21:42] [*] 账号间隔等待中… 剩余 300s / 共 480s
[07:22:42] [*] 账号间隔等待中… 剩余 240s / 共 480s
[07:23:42] [*] 账号间隔等待中… 剩余 180s / 共 480s
[07:24:42] [*] 账号间隔等待中… 剩余 120s / 共 480s
[07:25:42] [*] 账号间隔等待中… 剩余 60s / 共 480s
[07:26:42] [*] 下号代理: socks5h://15.204.89.179:1191
[07:26:42] --- 开始第 109/2000 个账号 ---
[07:26:42] [*] 1. 打开注册页 (尝试 1/3)
[07:26:47] [static-cache] enabled dir=/home/ubuntu/grok-register-panel/log/static-asset-cache hits=20233 misses=665 max_mb=1024
[07:26:47] [*] 出口IP=12.104.4.97 代理=socks5h://15.204.89.179:1191 | AS7018 | AT&T Enterprises, LLC | Boston
[07:26:47] [*] 指纹 os=windows platform=Win32 webgl=ANGLE (NVIDIA, NVIDIA GeForce GTX 980 Direct3D11 vs_5_0 ps_5_0), or similar fontsWin=True ua=Mozilla/5.0 (Windows NT 10.0; Win64; x64; rv:152.0) Gecko/20100101 Firef… leak=none
[07:26:47] [*] 浏览器已启动
[07:26:55] [*] 当前URL: https://accounts.x.ai/sign-up?redirect=grok-com
[07:26:59] [*] 已点击「使用邮箱注册」按钮（原生事件）: Sign up with email
[07:26:59] [*] 2. 创建邮箱并提交
[07:27:00] [*] 已创建邮箱: mason34vl774harris+4@outlook.com
[07:27:10] [*] 已填写邮箱并提交: mason34vl774harris+4@outlook.com (Sign up)
[07:27:10] [*] 邮箱: mason34vl774harris+4@outlook.com
[07:27:10] [*] 3. 拉取验证码
[07:27:13] [*] Outlook RT 等待验证码… 剩余 176s 邮件 5 封
[07:27:19] [*] Outlook RT 已提取验证码并完成库存记账
[07:27:22] [*] 已填写验证码并提交: 223-150
[07:27:22] [*] 验证码后页面 step=profile path=/sign-up?redirect=grok-com cf=True buttons=['Grok', 'Complete sign up', 'Go back', 'Your privacy choices']
[07:27:22] [*] 验证码: 223-150
[07:27:22] [*] 4. 填写资料
[07:27:34] [*] 已点击资料提交: Brian Yao
[07:27:34] [*] 提交后页面 step=profile path=/sign-up?redirect=grok-com hint=You are signing into Grok Complete your sign up mason34vl774harris+4@outlook.com First name Last name Password Complete sign upGo back By co
[07:27:39] [*] 提交后页面 step=unknown path=/account hint=((a,b,c,d,e,f,g,h)=>{let i=document.documentElement,j=["light","dark"];function k(b){var c;(Array.isArray(a)?a:[a]).forEach(a=>{let c="class
[07:27:41] [*] 提交后页面 step=unknown path=/account hint=SpaceXAI Toggle theme BY Welcome, Brian. Manage your account. Account Security Sessions Data Return to Redirecting You are being redirected,
[07:27:45] [*] 提交后页面 step=probe-error path=https://accounts.x.ai/account hint=Page.evaluate: Execution context was destroyed, most likely because of a navigation
[07:27:47] [*] 资料已填: Brian Yao
[07:27:47] [*] registered_emails 已更新: mason34vl774harris+4@outlook.com sso=empty
[07:27:47] [*] 5. 等待 sso cookie
[07:27:47] [*] 等待 sso 中... 已等 0s，剩余 29s | url=https://grok.com/
[07:27:48] [*] 已获取到 sso cookie
[07:27:48] [*] registered_emails 已更新: mason34vl774harris+4@outlook.com sso=yes
[07:27:48] [*] grok2api Web SSO 上传尝试 1/3
[07:27:48] [*] grok2api 远端上传：登录管理后台（直连，不走代理）
[07:27:48] [+] grok2api 远端登录成功
[07:27:48] [*] grok2api 远端上传：调用 Web SSO 导入接口（直连）
[07:27:49] 【推送Grok2API 成功】
[07:27:49] [+] 已上传 Web SSO: 新增=1, 更新=0, 同步=1, 失败=0
[07:27:49] [*] grok2api Console SSO 上传尝试 1/3
[07:27:49] [*] grok2api 远端上传：登录管理后台（直连，不走代理）
[07:27:49] [+] grok2api 远端登录成功
[07:27:49] [*] grok2api 远端上传：调用 Console SSO 导入接口（直连）
[07:27:50] 【推送Grok2API 成功】
[07:27:50] [+] 已上传 Console SSO: 新增=1, 更新=0, 同步=1, 失败=0
[07:27:50] [风控] 检查新账号注册风控状态 ...
[07:27:51] [风控] ✅ 注册风控状态可用: botFlagSource=0
[07:27:51] [风控] 注册风控状态可用: botFlagSource=0
[07:27:51] [CPA] SSO → 协议 Device Flow 换 token (proxy=socks5h://15.204.89.179:1191) ...
[07:27:51] [CPA] [*] 尝试协议 Device Flow 换 token ...
[07:27:52] [CPA] ✅ sso 有效（协议路径）
[07:27:52] [CPA] 🔑 Device Flow: 申请 device_code / user_code ...
[07:27:52] [CPA] [*] user_code=HPXJ-GCPH interval=5s expires_in=1800s
[07:27:53] [CPA] [*] Device Flow: verify user_code ...
[07:27:53] [CPA] ✅ device/verify OK → https://accounts.x.ai/oauth2/device/consent?user_code=HPXJ-GCPH
[07:27:53] [CPA] [*] Device Flow: approve allow principal_id=(empty) ...
[07:27:53] [CPA] ✅ device/approve 已允许
[07:27:53] [CPA] [*] Device Flow: 轮询 access/refresh token ...
[07:27:54] [CPA] ✅ access_token (expires_in=21600s) + refresh_token
[07:27:54] [CPA] JWT bfs 检测: clean
[07:27:54] [CPA] 已写入 CPA 本地 /home/ubuntu/grok-register-panel/cpa_auth/xai-mason34vl774harris_4@outlook.com.json
[07:27:54] [CPA] 已上传 CPA 远程 http://127.0.0.1:18457/.../xai-mason34vl774harris_4@outlook.com.json
[07:27:54] [CPA] 已写入 Grok2API /home/ubuntu/grok-register-panel/grok2api_auth/g2a-mason34vl774harris_4@outlook.com.json
[07:27:54] [+] 注册成功: mason34vl774harris+4@outlook.com
[07:27:54] [结果] status=ok ip=12.104.4.97 port=1191 email=ma***@outlook.com kind=success bot=0 risk=- bfs=-
[07:27:54] [*] 当前统计: 成功 105 | 失败 4 || 注册成功 105 | 注册失败 4 | SSO成功 107 | SSO失败 0 | 早期跳过 0 | G2A成功 107 | G2A失败 0 | CPA成功 105 | CPA失败 0 | 风控通过 105 | 风控 2
[07:27:54] [*] 已成功 105 个账号，执行定期清理: 关闭浏览器并清理内存
[07:27:55] [*] Python GC 已回收对象数: 29186
[07:27:56] [*] 下一个账号前等待 480 秒...
[07:28:56] [*] 账号间隔等待中… 剩余 420s / 共 480s
[07:29:56] [*] 账号间隔等待中… 剩余 360s / 共 480s
[07:30:56] [*] 账号间隔等待中… 剩余 300s / 共 480s
[07:31:56] [*] 账号间隔等待中… 剩余 240s / 共 480s
[07:32:56] [*] 账号间隔等待中… 剩余 180s / 共 480s
[07:33:56] [*] 账号间隔等待中… 剩余 120s / 共 480s
[07:34:56] [*] 账号间隔等待中… 剩余 60s / 共 480s
[07:35:56] [*] 下号代理: socks5h://109.166.36.243:1091
[07:35:56] --- 开始第 110/2000 个账号 ---
[07:35:56] [*] 1. 打开注册页 (尝试 1/3)
[07:36:01] [static-cache] enabled dir=/home/ubuntu/grok-register-panel/log/static-asset-cache hits=20438 misses=702 max_mb=1024
[07:36:01] [*] 出口IP=142.249.204.75 代理=socks5h://109.166.36.243:1091 | AS45691 | DODO-CORE - DODO K.K. | Tokyo
[07:36:01] [*] 指纹 os=windows platform=Win32 webgl=ANGLE (Intel, Intel(R) HD Graphics Direct3D11 vs_5_0 ps_5_0), or similar fontsWin=True ua=Mozilla/5.0 (Windows NT 10.0; Win64; x64; rv:152.0) Gecko/20100101 Firef… leak=none
[07:36:01] [*] 浏览器已启动
[07:36:08] [*] 当前URL: https://accounts.x.ai/sign-up?redirect=grok-com
[07:36:11] [*] 已点击「使用邮箱注册」按钮（原生事件）: Sign up with email
[07:36:12] [*] 2. 创建邮箱并提交
[07:36:13] [*] 已创建邮箱: vnea7909119lima+4@outlook.com
[07:36:21] [*] 已填写邮箱并提交: vnea7909119lima+4@outlook.com (Sign up)
[07:36:21] [*] 邮箱: vnea7909119lima+4@outlook.com
[07:36:21] [*] 3. 拉取验证码
[07:36:25] [*] Outlook RT 等待验证码… 剩余 176s 邮件 5 封
[07:36:30] [*] Outlook RT 已提取验证码并完成库存记账
[07:36:33] [*] 已填写验证码并提交: 588-640
[07:36:33] [*] 验证码后页面 step=profile path=/sign-up?redirect=grok-com cf=True buttons=['Grok', 'Complete sign up', 'Go back', 'Your privacy choices']
[07:36:33] [*] 验证码: 588-640
[07:36:33] [*] 4. 填写资料
[07:36:46] [*] 已点击资料提交: Leo Zhao
[07:36:46] [*] 提交后页面 step=profile path=/sign-up?redirect=grok-com hint=You are signing into Grok Complete your sign up vnea7909119lima+4@outlook.com First name Last name Password Complete sign upGo back By conti
[07:36:54] [*] 提交后页面 step=probe-error path=https://accounts.x.ai/sign-up?redirect=grok-com hint=Page.evaluate: Execution context was destroyed, most likely because of a navigation
[07:36:54] [*] 提交后页面 step=unknown path=/account hint=((a,b,c,d,e,f,g,h)=>{let i=document.documentElement,j=["light","dark"];function k(b){var c;(Array.isArray(a)?a:[a]).forEach(a=>{let c="class
[07:36:55] [*] 提交后页面 step=unknown path=/account hint=SpaceXAI Toggle theme LZ Welcome, Leo. Manage your account. Account Security Sessions Data Return to Redirecting You are being redirected, p
[07:36:58] [*] 资料已填: Leo Zhao
[07:36:58] [*] registered_emails 已更新: vnea7909119lima+4@outlook.com sso=empty
[07:36:58] [*] 5. 等待 sso cookie
[07:36:58] [*] 等待 sso 中... 已等 0s，剩余 29s | url=https://accounts.x.ai/account
[07:36:58] [*] 已获取到 sso cookie
[07:36:58] [*] registered_emails 已更新: vnea7909119lima+4@outlook.com sso=yes
[07:36:58] [*] grok2api Web SSO 上传尝试 1/3
[07:36:58] [*] grok2api 远端上传：登录管理后台（直连，不走代理）
[07:36:58] [+] grok2api 远端登录成功
[07:36:58] [*] grok2api 远端上传：调用 Web SSO 导入接口（直连）
[07:36:59] 【推送Grok2API 成功】
[07:36:59] [+] 已上传 Web SSO: 新增=1, 更新=0, 同步=1, 失败=0
[07:36:59] [*] grok2api Console SSO 上传尝试 1/3
[07:36:59] [*] grok2api 远端上传：登录管理后台（直连，不走代理）
[07:37:00] [+] grok2api 远端登录成功
[07:37:00] [*] grok2api 远端上传：调用 Console SSO 导入接口（直连）
[07:37:00] 【推送Grok2API 成功】
[07:37:00] [+] 已上传 Console SSO: 新增=1, 更新=0, 同步=1, 失败=0
[07:37:00] [风控] 检查新账号注册风控状态 ...
[07:37:02] [风控] ✅ 注册风控状态可用: botFlagSource=0
[07:37:02] [风控] 注册风控状态可用: botFlagSource=0
[07:37:02] [CPA] SSO → 协议 Device Flow 换 token (proxy=socks5h://109.166.36.243:1091) ...
[07:37:02] [CPA] [*] 尝试协议 Device Flow 换 token ...
[07:37:03] [CPA] ✅ sso 有效（协议路径）
[07:37:03] [CPA] 🔑 Device Flow: 申请 device_code / user_code ...
[07:37:04] [CPA] [*] user_code=CKGY-JV76 interval=5s expires_in=1800s
[07:37:05] [CPA] [*] Device Flow: verify user_code ...
[07:37:06] [CPA] ✅ device/verify OK → https://accounts.x.ai/oauth2/device/consent?user_code=CKGY-JV76
[07:37:06] [CPA] [*] Device Flow: approve allow principal_id=(empty) ...
[07:37:07] [CPA] ✅ device/approve 已允许
[07:37:07] [CPA] [*] Device Flow: 轮询 access/refresh token ...
[07:37:07] [CPA] ✅ access_token (expires_in=21600s) + refresh_token
[07:37:07] [CPA] JWT bfs 检测: clean
[07:37:07] [CPA] 已写入 CPA 本地 /home/ubuntu/grok-register-panel/cpa_auth/xai-vnea7909119lima_4@outlook.com.json
[07:37:07] [CPA] 已上传 CPA 远程 http://127.0.0.1:18457/.../xai-vnea7909119lima_4@outlook.com.json
[07:37:07] [CPA] 已写入 Grok2API /home/ubuntu/grok-register-panel/grok2api_auth/g2a-vnea7909119lima_4@outlook.com.json
[07:37:07] [+] 注册成功: vnea7909119lima+4@outlook.com
[07:37:07] [结果] status=ok ip=142.249.204.75 port=1091 email=vn***@outlook.com kind=success bot=0 risk=- bfs=-
[07:37:07] [*] 当前统计: 成功 106 | 失败 4 || 注册成功 106 | 注册失败 4 | SSO成功 108 | SSO失败 0 | 早期跳过 0 | G2A成功 108 | G2A失败 0 | CPA成功 106 | CPA失败 0 | 风控通过 106 | 风控 2
[07:37:08] [*] 下一个账号前等待 480 秒...
[07:38:08] [*] 账号间隔等待中… 剩余 420s / 共 480s
[07:39:08] [*] 账号间隔等待中… 剩余 360s / 共 480s
[07:40:08] [*] 账号间隔等待中… 剩余 300s / 共 480s
[07:41:08] [*] 账号间隔等待中… 剩余 240s / 共 480s
[07:42:08] [*] 账号间隔等待中… 剩余 180s / 共 480s
[07:43:08] [*] 账号间隔等待中… 剩余 120s / 共 480s
[07:44:08] [*] 账号间隔等待中… 剩余 60s / 共 480s
[07:45:08] [*] 下号代理: socks5h://109.166.36.243:1090
[07:45:08] --- 开始第 111/2000 个账号 ---
[07:45:08] [*] 1. 打开注册页 (尝试 1/3)
[07:45:14] [static-cache] enabled dir=/home/ubuntu/grok-register-panel/log/static-asset-cache hits=20541 misses=702 max_mb=1024
[07:45:14] [*] 出口IP=142.249.204.223 代理=socks5h://109.166.36.243:1090 | AS45691 | DODO-CORE - DODO K.K. | Tokyo
[07:45:14] [*] 指纹 os=windows platform=Win32 webgl=ANGLE (NVIDIA, NVIDIA GeForce GTX 980 Direct3D11 vs_5_0 ps_5_0), or similar fontsWin=True ua=Mozilla/5.0 (Windows NT 10.0; Win64; x64; rv:152.0) Gecko/20100101 Firef… leak=none
[07:45:14] [*] 浏览器已启动
[07:45:22] [*] 当前URL: https://accounts.x.ai/sign-up?redirect=grok-com
[07:45:26] [*] 已点击「使用邮箱注册」按钮（原生事件）: Sign up with email
[07:45:26] [*] 2. 创建邮箱并提交
[07:45:28] [*] 已创建邮箱: alexander21963umorin+4@outlook.com
[07:45:36] [*] 已填写邮箱并提交: alexander21963umorin+4@outlook.com (Sign up)
[07:45:36] [*] 邮箱: alexander21963umorin+4@outlook.com
[07:45:36] [*] 3. 拉取验证码
[07:45:40] [*] Outlook RT 等待验证码… 剩余 176s 邮件 5 封
[07:45:49] [*] Outlook RT 已提取验证码并完成库存记账
[07:45:52] [*] 已填写验证码并提交: 696-829
[07:45:52] [*] 验证码后页面 step=profile path=/sign-up?redirect=grok-com cf=True buttons=['Grok', 'Complete sign up', 'Go back', 'Your privacy choices']
[07:45:52] [*] 验证码: 696-829
[07:45:52] [*] 4. 填写资料
[07:46:05] [*] 已点击资料提交: Logan Wang
[07:46:05] [*] 提交后页面 step=profile path=/sign-up?redirect=grok-com hint=You are signing into Grok Complete your sign up alexander21963umorin+4@outlook.com First name Last name Password Complete sign upGo back By 
[07:46:13] [*] 提交后页面 step=unknown path=/account hint=((a,b,c,d,e,f,g,h)=>{let i=document.documentElement,j=["light","dark"];function k(b){var c;(Array.isArray(a)?a:[a]).forEach(a=>{let c="class
[07:46:14] [*] 提交后页面 step=unknown path=/account hint=SpaceXAI Toggle theme LW Welcome, Logan. Manage your account. Account Security Sessions Data Return to Redirecting You are being redirected,
[07:46:17] [*] 资料已填: Logan Wang
[07:46:17] [*] registered_emails 已更新: alexander21963umorin+4@outlook.com sso=empty
[07:46:17] [*] 5. 等待 sso cookie
[07:46:17] [*] 等待 sso 中... 已等 0s，剩余 29s | url=https://accounts.x.ai/account
[07:46:17] [*] 已获取到 sso cookie
[07:46:18] [*] registered_emails 已更新: alexander21963umorin+4@outlook.com sso=yes
[07:46:18] [*] grok2api Web SSO 上传尝试 1/3
[07:46:18] [*] grok2api 远端上传：登录管理后台（直连，不走代理）
[07:46:18] [+] grok2api 远端登录成功
[07:46:18] [*] grok2api 远端上传：调用 Web SSO 导入接口（直连）
[07:46:19] 【推送Grok2API 成功】
[07:46:19] [+] 已上传 Web SSO: 新增=1, 更新=0, 同步=1, 失败=0
[07:46:19] [*] grok2api Console SSO 上传尝试 1/3
[07:46:19] [*] grok2api 远端上传：登录管理后台（直连，不走代理）
[07:46:19] [+] grok2api 远端登录成功
[07:46:19] [*] grok2api 远端上传：调用 Console SSO 导入接口（直连）
[07:46:20] 【推送Grok2API 成功】
[07:46:20] [+] 已上传 Console SSO: 新增=1, 更新=0, 同步=1, 失败=0
[07:46:20] [风控] 检查新账号注册风控状态 ...
[07:46:22] [风控] ✅ 注册风控状态可用: botFlagSource=0
[07:46:22] [风控] 注册风控状态可用: botFlagSource=0
[07:46:22] [CPA] SSO → 协议 Device Flow 换 token (proxy=socks5h://109.166.36.243:1090) ...
[07:46:22] [CPA] [*] 尝试协议 Device Flow 换 token ...
[07:46:23] [CPA] ✅ sso 有效（协议路径）
[07:46:23] [CPA] 🔑 Device Flow: 申请 device_code / user_code ...
[07:46:24] [CPA] [*] user_code=TTNV-2NPM interval=5s expires_in=1800s
[07:46:24] [CPA] [*] Device Flow: verify user_code ...
[07:46:25] [CPA] ✅ device/verify OK → https://accounts.x.ai/oauth2/device/consent?user_code=TTNV-2NPM
[07:46:25] [CPA] [*] Device Flow: approve allow principal_id=(empty) ...
[07:46:26] [CPA] ✅ device/approve 已允许
[07:46:26] [CPA] [*] Device Flow: 轮询 access/refresh token ...
[07:46:27] [CPA] ✅ access_token (expires_in=21600s) + refresh_token
[07:46:27] [CPA] JWT bfs 检测: clean
[07:46:27] [CPA] 已写入 CPA 本地 /home/ubuntu/grok-register-panel/cpa_auth/xai-alexander21963umorin_4@outlook.com.json
[07:46:27] [CPA] 已上传 CPA 远程 http://127.0.0.1:18457/.../xai-alexander21963umorin_4@outlook.com.json
[07:46:27] [CPA] 已写入 Grok2API /home/ubuntu/grok-register-panel/grok2api_auth/g2a-alexander21963umorin_4@outlook.com.json
[07:46:27] [+] 注册成功: alexander21963umorin+4@outlook.com
[07:46:27] [结果] status=ok ip=142.249.204.223 port=1090 email=al***@outlook.com kind=success bot=0 risk=- bfs=-
[07:46:27] [*] 当前统计: 成功 107 | 失败 4 || 注册成功 107 | 注册失败 4 | SSO成功 109 | SSO失败 0 | 早期跳过 0 | G2A成功 109 | G2A失败 0 | CPA成功 107 | CPA失败 0 | 风控通过 107 | 风控 2
[07:46:28] [*] 下一个账号前等待 480 秒...
[07:47:28] [*] 账号间隔等待中… 剩余 420s / 共 480s
[07:48:28] [*] 账号间隔等待中… 剩余 360s / 共 480s
[07:49:28] [*] 账号间隔等待中… 剩余 300s / 共 480s
[07:50:28] [*] 账号间隔等待中… 剩余 240s / 共 480s
[07:51:28] [*] 账号间隔等待中… 剩余 180s / 共 480s
[07:52:28] [*] 账号间隔等待中… 剩余 120s / 共 480s
[07:53:28] [*] 账号间隔等待中… 剩余 60s / 共 480s
[07:54:28] [*] 下号代理: socks5h://15.204.89.179:1178
[07:54:28] --- 开始第 112/2000 个账号 ---
[07:54:28] [*] 1. 打开注册页 (尝试 1/3)
[07:54:32] [static-cache] enabled dir=/home/ubuntu/grok-register-panel/log/static-asset-cache hits=20644 misses=702 max_mb=1024
[07:54:32] [*] 出口IP=12.104.4.66 代理=socks5h://15.204.89.179:1178 | AS7018 | AT&T Enterprises, LLC | Boston
[07:54:32] [*] 指纹 os=windows platform=Win32 webgl=ANGLE (Intel, Intel(R) HD Graphics 400 Direct3D11 vs_5_0 ps_5_0), or similar fontsWin=True ua=Mozilla/5.0 (Windows NT 10.0; Win64; x64; rv:152.0) Gecko/20100101 Firef… leak=none
[07:54:32] [*] 浏览器已启动
[07:54:40] [*] 当前URL: https://accounts.x.ai/sign-up?redirect=grok-com
[07:54:46] [*] 已点击「使用邮箱注册」按钮（原生事件）: Sign up with email
[07:54:46] [*] 2. 创建邮箱并提交
[07:54:47] [*] 已创建邮箱: jimmieghs358meyer+4@outlook.com
[07:54:56] [*] 已填写邮箱并提交: jimmieghs358meyer+4@outlook.com (Sign up)
[07:54:56] [*] 邮箱: jimmieghs358meyer+4@outlook.com
[07:54:56] [*] 3. 拉取验证码
[07:55:00] [*] Outlook RT 等待验证码… 剩余 175s 邮件 5 封
[07:55:05] [*] Outlook RT 已提取验证码并完成库存记账
[07:55:10] [*] 已填写验证码并提交: 428-505
[07:55:10] [*] 验证码后页面 step=profile path=/sign-up?redirect=grok-com cf=True buttons=['Grok', 'Complete sign up', 'Go back', 'Your privacy choices']
[07:55:10] [*] 验证码: 428-505
[07:55:10] [*] 4. 填写资料
[07:55:26] [*] 已点击资料提交: Henry Peng
[07:55:26] [*] 提交后页面 step=profile path=/sign-up?redirect=grok-com hint=You are signing into Grok Complete your sign up jimmieghs358meyer+4@outlook.com First name Last name Password Complete sign upGo back By con
[07:55:31] [*] 提交后页面 step=unknown path=/account hint=((a,b,c,d,e,f,g,h)=>{let i=document.documentElement,j=["light","dark"];function k(b){var c;(Array.isArray(a)?a:[a]).forEach(a=>{let c="class
[07:55:32] [*] 提交后页面 step=unknown path=/account hint=SpaceXAI Toggle theme HP Welcome, Henry. Manage your account. Account Security Sessions Data Return to Redirecting You are being redirected,
[07:55:35] [*] 提交后页面 step=probe-error path=https://accounts.x.ai/account hint=Page.evaluate: Execution context was destroyed, most likely because of a navigation
[07:55:37] [*] 提交后页面 step=unknown path=/ hint=Skip to main content
[07:55:37] [*] 资料已填: Henry Peng
[07:55:38] [*] registered_emails 已更新: jimmieghs358meyer+4@outlook.com sso=empty
[07:55:38] [*] 5. 等待 sso cookie
[07:55:38] [*] 等待 sso 中... 已等 0s，剩余 29s | url=https://grok.com/
[07:55:38] [*] 已获取到 sso cookie
[07:55:38] [*] registered_emails 已更新: jimmieghs358meyer+4@outlook.com sso=yes
[07:55:38] [*] grok2api Web SSO 上传尝试 1/3
[07:55:38] [*] grok2api 远端上传：登录管理后台（直连，不走代理）
[07:55:38] [+] grok2api 远端登录成功
[07:55:38] [*] grok2api 远端上传：调用 Web SSO 导入接口（直连）
[07:55:39] 【推送Grok2API 成功】
[07:55:39] [+] 已上传 Web SSO: 新增=1, 更新=0, 同步=1, 失败=0
[07:55:39] [*] grok2api Console SSO 上传尝试 1/3
[07:55:39] [*] grok2api 远端上传：登录管理后台（直连，不走代理）
[07:55:39] [+] grok2api 远端登录成功
[07:55:39] [*] grok2api 远端上传：调用 Console SSO 导入接口（直连）
[07:55:40] 【推送Grok2API 成功】
[07:55:40] [+] 已上传 Console SSO: 新增=1, 更新=0, 同步=1, 失败=0
[07:55:40] [风控] 检查新账号注册风控状态 ...
[07:55:41] [风控] ✅ 注册风控状态可用: botFlagSource=0
[07:55:41] [风控] 注册风控状态可用: botFlagSource=0
[07:55:41] [CPA] SSO → 协议 Device Flow 换 token (proxy=socks5h://15.204.89.179:1178) ...
[07:55:41] [CPA] [*] 尝试协议 Device Flow 换 token ...
[07:55:42] [CPA] ✅ sso 有效（协议路径）
[07:55:42] [CPA] 🔑 Device Flow: 申请 device_code / user_code ...
[07:55:42] [CPA] [*] user_code=Y69Y-QDA2 interval=5s expires_in=1800s
[07:55:43] [CPA] [*] Device Flow: verify user_code ...
[07:55:43] [CPA] ✅ device/verify OK → https://accounts.x.ai/oauth2/device/consent?user_code=Y69Y-QDA2
[07:55:43] [CPA] [*] Device Flow: approve allow principal_id=(empty) ...
[07:55:43] [CPA] ✅ device/approve 已允许
[07:55:43] [CPA] [*] Device Flow: 轮询 access/refresh token ...
[07:55:44] [CPA] ✅ access_token (expires_in=21600s) + refresh_token
[07:55:44] [CPA] JWT bfs 检测: clean
[07:55:44] [CPA] 已写入 CPA 本地 /home/ubuntu/grok-register-panel/cpa_auth/xai-jimmieghs358meyer_4@outlook.com.json
[07:55:44] [CPA] 已上传 CPA 远程 http://127.0.0.1:18457/.../xai-jimmieghs358meyer_4@outlook.com.json
[07:55:44] [CPA] 已写入 Grok2API /home/ubuntu/grok-register-panel/grok2api_auth/g2a-jimmieghs358meyer_4@outlook.com.json
[07:55:44] [+] 注册成功: jimmieghs358meyer+4@outlook.com
[07:55:44] [结果] status=ok ip=12.104.4.66 port=1178 email=ji***@outlook.com kind=success bot=0 risk=- bfs=-
[07:55:44] [*] 当前统计: 成功 108 | 失败 4 || 注册成功 108 | 注册失败 4 | SSO成功 110 | SSO失败 0 | 早期跳过 0 | G2A成功 110 | G2A失败 0 | CPA成功 108 | CPA失败 0 | 风控通过 108 | 风控 2
[07:55:45] [*] 下一个账号前等待 480 秒...
[07:56:45] [*] 账号间隔等待中… 剩余 420s / 共 480s
[07:57:45] [*] 账号间隔等待中… 剩余 360s / 共 480s
[07:58:45] [*] 账号间隔等待中… 剩余 300s / 共 480s
[07:59:45] [*] 账号间隔等待中… 剩余 240s / 共 480s
[08:00:45] [*] 账号间隔等待中… 剩余 180s / 共 480s
[08:01:45] [*] 账号间隔等待中… 剩余 120s / 共 480s
[08:02:45] [*] 账号间隔等待中… 剩余 60s / 共 480s
[08:03:45] [*] 下号代理: socks5h://109.166.36.243:1092
[08:03:45] --- 开始第 113/2000 个账号 ---
[08:03:45] [*] 1. 打开注册页 (尝试 1/3)
[08:03:49] [static-cache] enabled dir=/home/ubuntu/grok-register-panel/log/static-asset-cache hits=20871 misses=717 max_mb=1024
[08:03:49] [*] 出口IP=142.249.204.224 代理=socks5h://109.166.36.243:1092 | AS45691 | DODO-CORE - DODO K.K. | Tokyo
[08:03:50] [*] 指纹 os=windows platform=Win32 webgl=ANGLE (NVIDIA, NVIDIA GeForce GTX 980 Direct3D11 vs_5_0 ps_5_0), or similar fontsWin=True ua=Mozilla/5.0 (Windows NT 10.0; Win64; x64; rv:152.0) Gecko/20100101 Firef… leak=none
[08:03:50] [*] 浏览器已启动
[08:03:57] [*] 当前URL: https://accounts.x.ai/sign-up?redirect=grok-com
[08:04:00] [*] 已点击「使用邮箱注册」按钮（原生事件）: Sign up with email
[08:04:01] [*] 2. 创建邮箱并提交
[08:04:02] [*] 已创建邮箱: hollyw64003bailey+4@outlook.com
[08:04:12] [*] 已填写邮箱并提交: hollyw64003bailey+4@outlook.com (Sign up)
[08:04:12] [*] 邮箱: hollyw64003bailey+4@outlook.com
[08:04:12] [*] 3. 拉取验证码
[08:04:16] [*] Outlook RT 等待验证码… 剩余 176s 邮件 5 封
[08:04:21] [*] Outlook RT 已提取验证码并完成库存记账
[08:04:25] [*] 已填写验证码并提交: 122-051
[08:04:25] [*] 验证码后页面 step=profile path=/sign-up?redirect=grok-com cf=True buttons=['Grok', 'Complete sign up', 'Go back', 'Your privacy choices']
[08:04:25] [*] 验证码: 122-051
[08:04:25] [*] 4. 填写资料
[08:04:39] [*] 已点击资料提交: Julian Kong
[08:04:39] [*] 提交后页面 step=profile path=/sign-up?redirect=grok-com hint=You are signing into Grok Complete your sign up hollyw64003bailey+4@outlook.com First name Last name Password Complete sign upGo back By con
[08:04:45] [*] 提交后页面 step=probe-error path=https://accounts.x.ai/sign-up?redirect=grok-com hint=Page.evaluate: Execution context was destroyed, most likely because of a navigation
[08:04:46] [*] 提交后页面 step=unknown path=/account hint=((a,b,c,d,e,f,g,h)=>{let i=document.documentElement,j=["light","dark"];function k(b){var c;(Array.isArray(a)?a:[a]).forEach(a=>{let c="class
[08:04:47] [*] 提交后页面 step=unknown path=/account hint=SpaceXAI Toggle theme JK Welcome, Julian. Manage your account. Account Security Sessions Data Return to Redirecting You are being redirected
[08:04:52] [*] 资料已填: Julian Kong
[08:04:52] [*] registered_emails 已更新: hollyw64003bailey+4@outlook.com sso=empty
[08:04:52] [*] 5. 等待 sso cookie
[08:04:52] [*] 等待 sso 中... 已等 0s，剩余 29s | url=https://grok.com/
[08:04:52] [*] 已获取到 sso cookie
[08:04:53] [*] registered_emails 已更新: hollyw64003bailey+4@outlook.com sso=yes
[08:04:53] [*] grok2api Web SSO 上传尝试 1/3
[08:04:53] [*] grok2api 远端上传：登录管理后台（直连，不走代理）
[08:04:53] [+] grok2api 远端登录成功
[08:04:53] [*] grok2api 远端上传：调用 Web SSO 导入接口（直连）
[08:04:54] 【推送Grok2API 成功】
[08:04:54] [+] 已上传 Web SSO: 新增=1, 更新=0, 同步=1, 失败=0
[08:04:54] [*] grok2api Console SSO 上传尝试 1/3
[08:04:54] [*] grok2api 远端上传：登录管理后台（直连，不走代理）
[08:04:54] [+] grok2api 远端登录成功
[08:04:54] [*] grok2api 远端上传：调用 Console SSO 导入接口（直连）
[08:04:55] 【推送Grok2API 成功】
[08:04:55] [+] 已上传 Console SSO: 新增=1, 更新=0, 同步=1, 失败=0
[08:04:55] [风控] 检查新账号注册风控状态 ...
[08:04:56] [风控] ❌ 注册风控状态: botFlagSource=1 policy=deny,risk=0.60,event=$registration
[08:04:56] [CPA] 已保存注册风控拒绝记录 → /home/ubuntu/grok-register-panel/accounts/sso_risk_rejected.txt
[08:04:56] [结果] status=risk ip=142.249.204.224 port=1092 email=ho***@outlook.com kind=registration_risk bot=1 risk=0.6 bfs=-
[08:04:56] [-] 注册失败 [注册风控]: 注册风控拒绝，已跳过 OAuth: botFlagSource=1 policy=deny,risk=0.60,event=$registration
[08:04:56] [*] 当前统计: 成功 108 | 失败 5 || 注册成功 108 | 注册失败 5 | SSO成功 111 | SSO失败 0 | 早期跳过 0 | G2A成功 111 | G2A失败 0 | CPA成功 108 | CPA失败 0 | 风控通过 108 | 风控 3
[08:04:57] [*] 下一个账号前等待 480 秒...
[08:05:57] [*] 账号间隔等待中… 剩余 420s / 共 480s
[08:06:57] [*] 账号间隔等待中… 剩余 360s / 共 480s
[08:07:57] [*] 账号间隔等待中… 剩余 300s / 共 480s
[08:08:58] [*] 账号间隔等待中… 剩余 240s / 共 480s
[08:09:58] [*] 账号间隔等待中… 剩余 180s / 共 480s
[08:10:58] [*] 账号间隔等待中… 剩余 120s / 共 480s
[08:11:58] [*] 账号间隔等待中… 剩余 60s / 共 480s
[08:12:57] [*] 下号代理: socks5h://15.204.89.179:1191
[08:12:57] --- 开始第 114/2000 个账号 ---
[08:12:57] [*] 1. 打开注册页 (尝试 1/3)
[08:13:01] [static-cache] enabled dir=/home/ubuntu/grok-register-panel/log/static-asset-cache hits=21099 misses=732 max_mb=1024
[08:13:01] [*] 出口IP=12.104.4.97 代理=socks5h://15.204.89.179:1191 | AS7018 | AT&T Enterprises, LLC | Boston
[08:13:02] [*] 指纹 os=windows platform=Win32 webgl=ANGLE (NVIDIA, NVIDIA GeForce GTX 980 Direct3D11 vs_5_0 ps_5_0), or similar fontsWin=True ua=Mozilla/5.0 (Windows NT 10.0; Win64; x64; rv:152.0) Gecko/20100101 Firef… leak=none
[08:13:02] [*] 浏览器已启动
[08:13:09] [*] 当前URL: https://accounts.x.ai/sign-up?redirect=grok-com
[08:13:13] [*] 已点击「使用邮箱注册」按钮（原生事件）: Sign up with email
[08:13:14] [*] 2. 创建邮箱并提交
[08:13:15] [*] 已创建邮箱: rosepmc651white+4@outlook.com
[08:13:24] [*] 已填写邮箱并提交: rosepmc651white+4@outlook.com (Sign up)
[08:13:24] [*] 邮箱: rosepmc651white+4@outlook.com
[08:13:24] [*] 3. 拉取验证码
[08:13:28] [*] Outlook RT 等待验证码… 剩余 176s 邮件 5 封
[08:13:33] [*] Outlook RT 已提取验证码并完成库存记账
[08:13:36] [*] 已填写验证码并提交: 281-825
[08:13:36] [*] 验证码后页面 step=profile path=/sign-up?redirect=grok-com cf=True buttons=['Grok', 'Complete sign up', 'Go back', 'Your privacy choices']
[08:13:36] [*] 验证码: 281-825
[08:13:36] [*] 4. 填写资料
[08:13:50] [*] 已点击资料提交: Quinn Duan
[08:13:50] [*] 提交后页面 step=profile path=/sign-up?redirect=grok-com hint=You are signing into Grok Complete your sign up rosepmc651white+4@outlook.com First name Last name Password Complete sign upGo back By conti
[08:13:55] [*] 提交后页面 step=unknown path=/account hint=((a,b,c,d,e,f,g,h)=>{let i=document.documentElement,j=["light","dark"];function k(b){var c;(Array.isArray(a)?a:[a]).forEach(a=>{let c="class
[08:13:56] [*] 提交后页面 step=unknown path=/account hint=SpaceXAI Toggle theme QD Welcome, Quinn. Manage your account. Account Security Sessions Data Return to Redirecting You are being redirected,
[08:13:59] [*] 提交后页面 step=probe-error path=https://accounts.x.ai/account hint=Page.evaluate: Execution context was destroyed, most likely because of a navigation
[08:14:01] [*] 提交后页面 step=unknown path=/ hint=Skip to main content
[08:14:01] [*] 资料已填: Quinn Duan
[08:14:01] [*] registered_emails 已更新: rosepmc651white+4@outlook.com sso=empty
[08:14:01] [*] 5. 等待 sso cookie
[08:14:01] [*] 等待 sso 中... 已等 0s，剩余 29s | url=https://grok.com/
[08:14:01] [*] 已获取到 sso cookie
[08:14:01] [*] registered_emails 已更新: rosepmc651white+4@outlook.com sso=yes
[08:14:01] [*] grok2api Web SSO 上传尝试 1/3
[08:14:01] [*] grok2api 远端上传：登录管理后台（直连，不走代理）
[08:14:01] [+] grok2api 远端登录成功
[08:14:01] [*] grok2api 远端上传：调用 Web SSO 导入接口（直连）
[08:14:02] 【推送Grok2API 成功】
[08:14:02] [+] 已上传 Web SSO: 新增=1, 更新=0, 同步=1, 失败=0
[08:14:02] [*] grok2api Console SSO 上传尝试 1/3
[08:14:02] [*] grok2api 远端上传：登录管理后台（直连，不走代理）
[08:14:02] [+] grok2api 远端登录成功
[08:14:02] [*] grok2api 远端上传：调用 Console SSO 导入接口（直连）
[08:14:03] 【推送Grok2API 成功】
[08:14:03] [+] 已上传 Console SSO: 新增=1, 更新=0, 同步=1, 失败=0
[08:14:03] [风控] 检查新账号注册风控状态 ...
[08:14:04] [风控] ✅ 注册风控状态可用: botFlagSource=0
[08:14:04] [风控] 注册风控状态可用: botFlagSource=0
[08:14:04] [CPA] SSO → 协议 Device Flow 换 token (proxy=socks5h://15.204.89.179:1191) ...
[08:14:04] [CPA] [*] 尝试协议 Device Flow 换 token ...
[08:14:05] [CPA] ✅ sso 有效（协议路径）
[08:14:05] [CPA] 🔑 Device Flow: 申请 device_code / user_code ...
[08:14:06] [CPA] [*] user_code=DKR8-YZ6R interval=5s expires_in=1800s
[08:14:06] [CPA] [*] Device Flow: verify user_code ...
[08:14:06] [CPA] ✅ device/verify OK → https://accounts.x.ai/oauth2/device/consent?user_code=DKR8-YZ6R
[08:14:06] [CPA] [*] Device Flow: approve allow principal_id=(empty) ...
[08:14:07] [CPA] ✅ device/approve 已允许
[08:14:07] [CPA] [*] Device Flow: 轮询 access/refresh token ...
[08:14:07] [CPA] ✅ access_token (expires_in=21600s) + refresh_token
[08:14:07] [CPA] JWT bfs 检测: clean
[08:14:07] [CPA] 已写入 CPA 本地 /home/ubuntu/grok-register-panel/cpa_auth/xai-rosepmc651white_4@outlook.com.json
[08:14:07] [CPA] 已上传 CPA 远程 http://127.0.0.1:18457/.../xai-rosepmc651white_4@outlook.com.json
[08:14:07] [CPA] 已写入 Grok2API /home/ubuntu/grok-register-panel/grok2api_auth/g2a-rosepmc651white_4@outlook.com.json
[08:14:07] [+] 注册成功: rosepmc651white+4@outlook.com
[08:14:07] [结果] status=ok ip=12.104.4.97 port=1191 email=ro***@outlook.com kind=success bot=0 risk=- bfs=-
[08:14:07] [*] 当前统计: 成功 109 | 失败 5 || 注册成功 109 | 注册失败 5 | SSO成功 112 | SSO失败 0 | 早期跳过 0 | G2A成功 112 | G2A失败 0 | CPA成功 109 | CPA失败 0 | 风控通过 109 | 风控 3
[08:14:08] [*] 下一个账号前等待 480 秒...
[08:15:08] [*] 账号间隔等待中… 剩余 420s / 共 480s
[08:16:08] [*] 账号间隔等待中… 剩余 360s / 共 480s
[08:17:08] [*] 账号间隔等待中… 剩余 300s / 共 480s
[08:18:08] [*] 账号间隔等待中… 剩余 240s / 共 480s
[08:19:08] [*] 账号间隔等待中… 剩余 180s / 共 480s
[08:20:08] [*] 账号间隔等待中… 剩余 120s / 共 480s
[08:21:08] [*] 账号间隔等待中… 剩余 60s / 共 480s
[08:22:08] [*] 下号代理: socks5h://109.166.36.243:1091
[08:22:08] --- 开始第 115/2000 个账号 ---
[08:22:08] [*] 1. 打开注册页 (尝试 1/3)
[08:22:13] [static-cache] enabled dir=/home/ubuntu/grok-register-panel/log/static-asset-cache hits=21326 misses=747 max_mb=1024
[08:22:13] [*] 出口IP=142.249.204.75 代理=socks5h://109.166.36.243:1091 | AS45691 | DODO-CORE - DODO K.K. | Tokyo
[08:22:13] [*] 指纹 os=windows platform=Win32 webgl=ANGLE (AMD, Radeon R9 200 Series Direct3D11 vs_5_0 ps_5_0), or similar fontsWin=True ua=Mozilla/5.0 (Windows NT 10.0; Win64; x64; rv:152.0) Gecko/20100101 Firef… leak=none
[08:22:13] [*] 浏览器已启动
[08:22:19] [*] 当前URL: https://accounts.x.ai/sign-up?redirect=grok-com
[08:22:24] [*] 已点击「使用邮箱注册」按钮（原生事件）: Sign up with email
[08:22:25] [*] 2. 创建邮箱并提交
[08:22:26] [*] 已创建邮箱: marie34pt376reed+4@outlook.com
[08:22:34] [*] 已填写邮箱并提交: marie34pt376reed+4@outlook.com (Sign up)
[08:22:34] [*] 邮箱: marie34pt376reed+4@outlook.com
[08:22:34] [*] 3. 拉取验证码
[08:22:37] [*] Outlook RT 等待验证码… 剩余 176s 邮件 5 封
[08:22:42] [*] Outlook RT 已提取验证码并完成库存记账
[08:22:46] [*] 已填写验证码并提交: 058-559
[08:22:46] [*] 验证码后页面 step=profile path=/sign-up?redirect=grok-com cf=True buttons=['Grok', 'Complete sign up', 'Go back', 'Your privacy choices']
[08:22:46] [*] 验证码: 058-559
[08:22:46] [*] 4. 填写资料
[08:22:58] [*] 已点击资料提交: Miles Han
[08:22:58] [*] 提交后页面 step=profile path=/sign-up?redirect=grok-com hint=You are signing into Grok Complete your sign up marie34pt376reed+4@outlook.com First name Last name Password Complete sign upGo back By cont
[08:23:05] [*] 提交后页面 step=probe-error path=https://accounts.x.ai/sign-up?redirect=grok-com hint=Page.evaluate: Execution context was destroyed, most likely because of a navigation
[08:23:05] [*] 提交后页面 step=unknown path=/account hint=((a,b,c,d,e,f,g,h)=>{let i=document.documentElement,j=["light","dark"];function k(b){var c;(Array.isArray(a)?a:[a]).forEach(a=>{let c="class
[08:23:06] [*] 提交后页面 step=unknown path=/account hint=SpaceXAI Toggle theme MH Welcome, Miles. Manage your account. Account Security Sessions Data Return to Redirecting You are being redirected,
[08:23:11] [*] 资料已填: Miles Han
[08:23:11] [*] registered_emails 已更新: marie34pt376reed+4@outlook.com sso=empty
[08:23:11] [*] 5. 等待 sso cookie
[08:23:11] [*] 等待 sso 中... 已等 0s，剩余 29s | url=https://grok.com/
[08:23:12] [*] 已获取到 sso cookie
[08:23:12] [*] registered_emails 已更新: marie34pt376reed+4@outlook.com sso=yes
[08:23:12] [*] grok2api Web SSO 上传尝试 1/3
[08:23:12] [*] grok2api 远端上传：登录管理后台（直连，不走代理）
[08:23:12] [+] grok2api 远端登录成功
[08:23:12] [*] grok2api 远端上传：调用 Web SSO 导入接口（直连）
[08:23:13] 【推送Grok2API 成功】
[08:23:13] [+] 已上传 Web SSO: 新增=1, 更新=0, 同步=1, 失败=0
[08:23:13] [*] grok2api Console SSO 上传尝试 1/3
[08:23:13] [*] grok2api 远端上传：登录管理后台（直连，不走代理）
[08:23:14] [+] grok2api 远端登录成功
[08:23:14] [*] grok2api 远端上传：调用 Console SSO 导入接口（直连）
[08:23:14] 【推送Grok2API 成功】
[08:23:14] [+] 已上传 Console SSO: 新增=1, 更新=0, 同步=1, 失败=0
[08:23:14] [风控] 检查新账号注册风控状态 ...
[08:23:16] [风控] ✅ 注册风控状态可用: botFlagSource=0
[08:23:16] [风控] 注册风控状态可用: botFlagSource=0
[08:23:16] [CPA] SSO → 协议 Device Flow 换 token (proxy=socks5h://109.166.36.243:1091) ...
[08:23:16] [CPA] [*] 尝试协议 Device Flow 换 token ...
[08:23:17] [CPA] ✅ sso 有效（协议路径）
[08:23:17] [CPA] 🔑 Device Flow: 申请 device_code / user_code ...
[08:23:18] [CPA] [*] user_code=SZND-8BBC interval=5s expires_in=1800s
[08:23:19] [CPA] [*] Device Flow: verify user_code ...
[08:23:19] [CPA] ✅ device/verify OK → https://accounts.x.ai/oauth2/device/consent?user_code=SZND-8BBC
[08:23:19] [CPA] [*] Device Flow: approve allow principal_id=(empty) ...
[08:23:20] [CPA] ✅ device/approve 已允许
[08:23:20] [CPA] [*] Device Flow: 轮询 access/refresh token ...
[08:23:21] [CPA] ✅ access_token (expires_in=21600s) + refresh_token
[08:23:21] [CPA] JWT bfs 检测: clean
[08:23:21] [CPA] 已写入 CPA 本地 /home/ubuntu/grok-register-panel/cpa_auth/xai-marie34pt376reed_4@outlook.com.json
[08:23:21] [CPA] 已上传 CPA 远程 http://127.0.0.1:18457/.../xai-marie34pt376reed_4@outlook.com.json
[08:23:21] [CPA] 已写入 Grok2API /home/ubuntu/grok-register-panel/grok2api_auth/g2a-marie34pt376reed_4@outlook.com.json
[08:23:21] [+] 注册成功: marie34pt376reed+4@outlook.com
[08:23:21] [结果] status=ok ip=142.249.204.75 port=1091 email=ma***@outlook.com kind=success bot=0 risk=- bfs=-
[08:23:21] [*] 当前统计: 成功 110 | 失败 5 || 注册成功 110 | 注册失败 5 | SSO成功 113 | SSO失败 0 | 早期跳过 0 | G2A成功 113 | G2A失败 0 | CPA成功 110 | CPA失败 0 | 风控通过 110 | 风控 3
[08:23:21] [*] 已成功 110 个账号，执行定期清理: 关闭浏览器并清理内存
[08:23:22] [*] Python GC 已回收对象数: 28089
[08:23:22] [*] 下一个账号前等待 480 秒...
[08:24:22] [*] 账号间隔等待中… 剩余 420s / 共 480s
[08:25:22] [*] 账号间隔等待中… 剩余 360s / 共 480s
[08:26:22] [*] 账号间隔等待中… 剩余 300s / 共 480s
[08:27:22] [*] 账号间隔等待中… 剩余 240s / 共 480s
[08:28:22] [*] 账号间隔等待中… 剩余 180s / 共 480s
[08:29:22] [*] 账号间隔等待中… 剩余 120s / 共 480s
[08:30:22] [*] 账号间隔等待中… 剩余 60s / 共 480s
[08:31:22] [*] 下号代理: socks5h://109.166.36.243:1090
[08:31:22] --- 开始第 116/2000 个账号 ---
[08:31:22] [*] 1. 打开注册页 (尝试 1/3)
[08:31:27] [static-cache] enabled dir=/home/ubuntu/grok-register-panel/log/static-asset-cache hits=21552 misses=764 max_mb=1024
[08:31:27] [*] 出口IP=142.249.204.223 代理=socks5h://109.166.36.243:1090 | AS45691 | DODO-CORE - DODO K.K. | Tokyo
[08:31:27] [*] 指纹 os=windows platform=Win32 webgl=ANGLE (NVIDIA, NVIDIA GeForce GTX 980 Direct3D11 vs_5_0 ps_5_0), or similar fontsWin=True ua=Mozilla/5.0 (Windows NT 10.0; Win64; x64; rv:152.0) Gecko/20100101 Firef… leak=none
[08:31:27] [*] 浏览器已启动
[08:31:34] [*] 当前URL: https://accounts.x.ai/sign-up?redirect=grok-com
[08:31:37] [*] 已点击「使用邮箱注册」按钮（原生事件）: Sign up with email
[08:31:38] [*] 2. 创建邮箱并提交
[08:31:39] [*] 已创建邮箱: matthewb29163clark+4@outlook.com
[08:31:49] [*] 已填写邮箱并提交: matthewb29163clark+4@outlook.com (Sign up)
[08:31:49] [*] 邮箱: matthewb29163clark+4@outlook.com
[08:31:49] [*] 3. 拉取验证码
[08:31:52] [*] Outlook RT 等待验证码… 剩余 176s 邮件 5 封
[08:31:57] [*] Outlook RT 已提取验证码并完成库存记账
[08:32:00] [*] 已填写验证码并提交: 188-903
[08:32:00] [*] 验证码后页面 step=profile path=/sign-up?redirect=grok-com cf=True buttons=['Grok', 'Complete sign up', 'Go back', 'Your privacy choices']
[08:32:00] [*] 验证码: 188-903
[08:32:00] [*] 4. 填写资料
[08:32:12] [*] 已点击资料提交: Colin Yan
[08:32:12] [*] 提交后页面 step=profile path=/sign-up?redirect=grok-com hint=You are signing into Grok Complete your sign up matthewb29163clark+4@outlook.com First name Last name Password Complete sign upGo back By co
[08:32:19] [*] 提交后页面 step=unknown path=/account hint=((a,b,c,d,e,f,g,h)=>{let i=document.documentElement,j=["light","dark"];function k(b){var c;(Array.isArray(a)?a:[a]).forEach(a=>{let c="class
[08:32:20] [*] 提交后页面 step=unknown path=/account hint=SpaceXAI Toggle theme CY Welcome, Colin. Manage your account. Account Security Sessions Data Return to Redirecting You are being redirected,
[08:32:24] [*] 提交后页面 step=probe-error path=https://accounts.x.ai/account hint=Page.evaluate: Execution context was destroyed, most likely because of a navigation
[08:32:26] [*] 资料已填: Colin Yan
[08:32:26] [*] registered_emails 已更新: matthewb29163clark+4@outlook.com sso=empty
[08:32:26] [*] 5. 等待 sso cookie
[08:32:26] [*] 等待 sso 中... 已等 0s，剩余 29s | url=https://grok.com/
[08:32:26] [*] 已获取到 sso cookie
[08:32:26] [*] registered_emails 已更新: matthewb29163clark+4@outlook.com sso=yes
[08:32:26] [*] grok2api Web SSO 上传尝试 1/3
[08:32:26] [*] grok2api 远端上传：登录管理后台（直连，不走代理）
[08:32:26] [+] grok2api 远端登录成功
[08:32:26] [*] grok2api 远端上传：调用 Web SSO 导入接口（直连）
[08:32:27] 【推送Grok2API 成功】
[08:32:27] [+] 已上传 Web SSO: 新增=1, 更新=0, 同步=1, 失败=0
[08:32:27] [*] grok2api Console SSO 上传尝试 1/3
[08:32:27] [*] grok2api 远端上传：登录管理后台（直连，不走代理）
[08:32:27] [+] grok2api 远端登录成功
[08:32:27] [*] grok2api 远端上传：调用 Console SSO 导入接口（直连）
[08:32:28] 【推送Grok2API 成功】
[08:32:28] [+] 已上传 Console SSO: 新增=1, 更新=0, 同步=1, 失败=0
[08:32:28] [风控] 检查新账号注册风控状态 ...
[08:32:30] [风控] ✅ 注册风控状态可用: botFlagSource=0
[08:32:30] [风控] 注册风控状态可用: botFlagSource=0
[08:32:30] [CPA] SSO → 协议 Device Flow 换 token (proxy=socks5h://109.166.36.243:1090) ...
[08:32:30] [CPA] [*] 尝试协议 Device Flow 换 token ...
[08:32:31] [CPA] ✅ sso 有效（协议路径）
[08:32:31] [CPA] 🔑 Device Flow: 申请 device_code / user_code ...
[08:32:32] [CPA] [*] user_code=WJFV-AG4B interval=5s expires_in=1800s
[08:32:33] [CPA] [*] Device Flow: verify user_code ...
[08:32:34] [CPA] ✅ device/verify OK → https://accounts.x.ai/oauth2/device/consent?user_code=WJFV-AG4B
[08:32:34] [CPA] [*] Device Flow: approve allow principal_id=(empty) ...
[08:32:34] [CPA] ✅ device/approve 已允许
[08:32:34] [CPA] [*] Device Flow: 轮询 access/refresh token ...
[08:32:35] [CPA] ✅ access_token (expires_in=21600s) + refresh_token
[08:32:35] [CPA] JWT bfs 检测: clean
[08:32:35] [CPA] 已写入 CPA 本地 /home/ubuntu/grok-register-panel/cpa_auth/xai-matthewb29163clark_4@outlook.com.json
[08:32:35] [CPA] 已上传 CPA 远程 http://127.0.0.1:18457/.../xai-matthewb29163clark_4@outlook.com.json
[08:32:35] [CPA] 已写入 Grok2API /home/ubuntu/grok-register-panel/grok2api_auth/g2a-matthewb29163clark_4@outlook.com.json
[08:32:35] [+] 注册成功: matthewb29163clark+4@outlook.com
[08:32:35] [结果] status=ok ip=142.249.204.223 port=1090 email=ma***@outlook.com kind=success bot=0 risk=- bfs=-
[08:32:35] [*] 当前统计: 成功 111 | 失败 5 || 注册成功 111 | 注册失败 5 | SSO成功 114 | SSO失败 0 | 早期跳过 0 | G2A成功 114 | G2A失败 0 | CPA成功 111 | CPA失败 0 | 风控通过 111 | 风控 3
[08:32:36] [*] 下一个账号前等待 480 秒...
[08:33:36] [*] 账号间隔等待中… 剩余 420s / 共 480s
[08:34:36] [*] 账号间隔等待中… 剩余 360s / 共 480s
[08:35:36] [*] 账号间隔等待中… 剩余 300s / 共 480s
[08:36:36] [*] 账号间隔等待中… 剩余 240s / 共 480s
[08:37:36] [*] 账号间隔等待中… 剩余 180s / 共 480s
[08:38:36] [*] 账号间隔等待中… 剩余 120s / 共 480s
[08:39:36] [*] 账号间隔等待中… 剩余 60s / 共 480s
[08:40:36] [*] 下号代理: socks5h://15.204.89.179:1178
[08:40:36] --- 开始第 117/2000 个账号 ---
[08:40:36] [*] 1. 打开注册页 (尝试 1/3)
[08:40:40] [static-cache] enabled dir=/home/ubuntu/grok-register-panel/log/static-asset-cache hits=21778 misses=781 max_mb=1024
[08:40:40] [*] 出口IP=12.104.4.66 代理=socks5h://15.204.89.179:1178 | AS7018 | AT&T Enterprises, LLC | Boston
[08:40:41] [*] 指纹 os=windows platform=Win32 webgl=ANGLE (Intel, Intel(R) HD Graphics Direct3D11 vs_5_0 ps_5_0), or similar fontsWin=True ua=Mozilla/5.0 (Windows NT 10.0; Win64; x64; rv:152.0) Gecko/20100101 Firef… leak=none
[08:40:41] [*] 浏览器已启动
[08:40:49] [*] 当前URL: https://accounts.x.ai/sign-up?redirect=grok-com
[08:40:52] [*] 已点击「使用邮箱注册」按钮（原生事件）: Sign up with email
[08:40:53] [*] 2. 创建邮箱并提交
[08:40:54] [*] 已创建邮箱: alexiss2678denys+4@outlook.com
[08:41:04] [*] 已填写邮箱并提交: alexiss2678denys+4@outlook.com (Sign up)
[08:41:04] [*] 邮箱: alexiss2678denys+4@outlook.com
[08:41:04] [*] 3. 拉取验证码
[08:41:08] [*] Outlook RT 等待验证码… 剩余 176s 邮件 5 封
[08:41:14] [*] Outlook RT 已提取验证码并完成库存记账
[08:41:17] [*] 已填写验证码并提交: 374-147
[08:41:17] [*] 验证码后页面 step=profile path=/sign-up?redirect=grok-com cf=True buttons=['Grok', 'Complete sign up', 'Go back', 'Your privacy choices']
[08:41:17] [*] 验证码: 374-147
[08:41:17] [*] 4. 填写资料
[08:41:30] [*] 已点击资料提交: Owen Yao
[08:41:30] [*] 提交后页面 step=profile path=/sign-up?redirect=grok-com hint=You are signing into Grok Complete your sign up alexiss2678denys+4@outlook.com First name Last name Password Complete sign upGo back By cont
[08:41:35] [*] 提交后页面 step=unknown path=/account hint=((a,b,c,d,e,f,g,h)=>{let i=document.documentElement,j=["light","dark"];function k(b){var c;(Array.isArray(a)?a:[a]).forEach(a=>{let c="class
[08:41:36] [*] 提交后页面 step=unknown path=/account hint=SpaceXAI Toggle theme OY Welcome, Owen. Manage your account. Account Security Sessions Data Return to Redirecting You are being redirected, 
[08:41:39] [*] 提交后页面 step=probe-error path=https://accounts.x.ai/account hint=Page.evaluate: Execution context was destroyed, most likely because of a navigation
[08:41:43] [*] 提交后页面 step=unknown path=/ hint=Skip to main content
[08:41:43] [*] 资料已填: Owen Yao
[08:41:44] [*] registered_emails 已更新: alexiss2678denys+4@outlook.com sso=empty
[08:41:44] [*] 5. 等待 sso cookie
[08:41:44] [*] 等待 sso 中... 已等 0s，剩余 29s | url=https://grok.com/
[08:41:46] [*] 已获取到 sso cookie
[08:41:46] [*] registered_emails 已更新: alexiss2678denys+4@outlook.com sso=yes
[08:41:46] [*] grok2api Web SSO 上传尝试 1/3
[08:41:46] [*] grok2api 远端上传：登录管理后台（直连，不走代理）
[08:41:46] [+] grok2api 远端登录成功
[08:41:46] [*] grok2api 远端上传：调用 Web SSO 导入接口（直连）
[08:41:47] 【推送Grok2API 成功】
[08:41:47] [+] 已上传 Web SSO: 新增=1, 更新=0, 同步=1, 失败=0
[08:41:47] [*] grok2api Console SSO 上传尝试 1/3
[08:41:47] [*] grok2api 远端上传：登录管理后台（直连，不走代理）
[08:41:47] [+] grok2api 远端登录成功
[08:41:47] [*] grok2api 远端上传：调用 Console SSO 导入接口（直连）
[08:41:48] 【推送Grok2API 成功】
[08:41:48] [+] 已上传 Console SSO: 新增=1, 更新=0, 同步=1, 失败=0
[08:41:48] [风控] 检查新账号注册风控状态 ...
[08:41:49] [风控] ✅ 注册风控状态可用: botFlagSource=0
[08:41:49] [风控] 注册风控状态可用: botFlagSource=0
[08:41:49] [CPA] SSO → 协议 Device Flow 换 token (proxy=socks5h://15.204.89.179:1178) ...
[08:41:49] [CPA] [*] 尝试协议 Device Flow 换 token ...
[08:41:50] [CPA] ✅ sso 有效（协议路径）
[08:41:50] [CPA] 🔑 Device Flow: 申请 device_code / user_code ...
[08:41:51] [CPA] [*] user_code=CEW6-ESQ6 interval=5s expires_in=1800s
[08:41:51] [CPA] [*] Device Flow: verify user_code ...
[08:41:51] [CPA] ✅ device/verify OK → https://accounts.x.ai/oauth2/device/consent?user_code=CEW6-ESQ6
[08:41:51] [CPA] [*] Device Flow: approve allow principal_id=(empty) ...
[08:41:52] [CPA] ✅ device/approve 已允许
[08:41:52] [CPA] [*] Device Flow: 轮询 access/refresh token ...
[08:41:52] [CPA] ✅ access_token (expires_in=21600s) + refresh_token
[08:41:52] [CPA] JWT bfs 检测: clean
[08:41:52] [CPA] 已写入 CPA 本地 /home/ubuntu/grok-register-panel/cpa_auth/xai-alexiss2678denys_4@outlook.com.json
[08:41:52] [CPA] 已上传 CPA 远程 http://127.0.0.1:18457/.../xai-alexiss2678denys_4@outlook.com.json
[08:41:52] [CPA] 已写入 Grok2API /home/ubuntu/grok-register-panel/grok2api_auth/g2a-alexiss2678denys_4@outlook.com.json
[08:41:52] [+] 注册成功: alexiss2678denys+4@outlook.com
[08:41:52] [结果] status=ok ip=12.104.4.66 port=1178 email=al***@outlook.com kind=success bot=0 risk=- bfs=-
[08:41:52] [*] 当前统计: 成功 112 | 失败 5 || 注册成功 112 | 注册失败 5 | SSO成功 115 | SSO失败 0 | 早期跳过 0 | G2A成功 115 | G2A失败 0 | CPA成功 112 | CPA失败 0 | 风控通过 112 | 风控 3
[08:41:54] [*] 下一个账号前等待 480 秒...
[08:42:54] [*] 账号间隔等待中… 剩余 420s / 共 480s
[08:43:54] [*] 账号间隔等待中… 剩余 360s / 共 480s
[08:44:54] [*] 账号间隔等待中… 剩余 300s / 共 480s
[08:45:54] [*] 账号间隔等待中… 剩余 240s / 共 480s
[08:46:54] [*] 账号间隔等待中… 剩余 180s / 共 480s
[08:47:54] [*] 账号间隔等待中… 剩余 120s / 共 480s
[08:48:54] [*] 账号间隔等待中… 剩余 60s / 共 480s
[08:49:54] [*] 下号代理: socks5h://109.166.36.243:1092
[08:49:54] --- 开始第 118/2000 个账号 ---
[08:49:54] [*] 1. 打开注册页 (尝试 1/3)
[08:49:58] [static-cache] enabled dir=/home/ubuntu/grok-register-panel/log/static-asset-cache hits=22003 misses=798 max_mb=1024
[08:49:58] [*] 出口IP=142.249.204.224 代理=socks5h://109.166.36.243:1092 | AS45691 | DODO-CORE - DODO K.K. | Tokyo
[08:49:58] [*] 指纹 os=windows platform=Win32 webgl=ANGLE (Intel, Intel(R) HD Graphics Direct3D11 vs_5_0 ps_5_0), or similar fontsWin=True ua=Mozilla/5.0 (Windows NT 10.0; Win64; x64; rv:152.0) Gecko/20100101 Firef… leak=none
[08:49:58] [*] 浏览器已启动
[08:50:07] [*] 当前URL: https://accounts.x.ai/sign-up?redirect=grok-com
[08:50:10] [*] 已点击「使用邮箱注册」按钮（原生事件）: Sign up with email
[08:50:11] [*] 2. 创建邮箱并提交
[08:50:12] [*] 已创建邮箱: joan3029332duncan+4@outlook.com
[08:50:21] [*] 已填写邮箱并提交: joan3029332duncan+4@outlook.com (Sign up)
[08:50:21] [*] 邮箱: joan3029332duncan+4@outlook.com
[08:50:21] [*] 3. 拉取验证码
[08:50:24] [*] Outlook RT 等待验证码… 剩余 176s 邮件 6 封
[08:50:29] [*] Outlook RT 已提取验证码并完成库存记账
[08:50:34] [*] 已填写验证码并提交: 258-412
[08:50:35] [*] 验证码后页面 step=profile path=/sign-up?redirect=grok-com cf=True buttons=['Grok', 'Complete sign up', 'Go back', 'Your privacy choices']
[08:50:35] [*] 验证码: 258-412
[08:50:35] [*] 4. 填写资料
[08:50:51] [*] 已点击资料提交: Wesley Ma
[08:50:51] [*] 提交后页面 step=profile path=/sign-up?redirect=grok-com hint=You are signing into Grok Complete your sign up joan3029332duncan+4@outlook.com First name Last name Password Complete sign upGo back By con
[08:50:59] [*] 提交后页面 step=unknown path=/account hint=((a,b,c,d,e,f,g,h)=>{let i=document.documentElement,j=["light","dark"];function k(b){var c;(Array.isArray(a)?a:[a]).forEach(a=>{let c="class
[08:50:59] [*] 提交后页面 step=unknown path=/account hint=SpaceXAI Toggle theme WM Welcome, Wesley. Manage your account. Account Security Sessions Data Return to Redirecting You are being redirected
[08:51:03] [*] 资料已填: Wesley Ma
[08:51:03] [*] registered_emails 已更新: joan3029332duncan+4@outlook.com sso=empty
[08:51:03] [*] 5. 等待 sso cookie
[08:51:03] [*] 等待 sso 中... 已等 0s，剩余 29s | url=https://accounts.x.ai/account
[08:51:03] [*] 已获取到 sso cookie
[08:51:03] [*] registered_emails 已更新: joan3029332duncan+4@outlook.com sso=yes
[08:51:03] [*] grok2api Web SSO 上传尝试 1/3
[08:51:03] [*] grok2api 远端上传：登录管理后台（直连，不走代理）
[08:51:04] [+] grok2api 远端登录成功
[08:51:04] [*] grok2api 远端上传：调用 Web SSO 导入接口（直连）
[08:51:05] 【推送Grok2API 成功】
[08:51:05] [+] 已上传 Web SSO: 新增=1, 更新=0, 同步=1, 失败=0
[08:51:05] [*] grok2api Console SSO 上传尝试 1/3
[08:51:05] [*] grok2api 远端上传：登录管理后台（直连，不走代理）
[08:51:05] [+] grok2api 远端登录成功
[08:51:05] [*] grok2api 远端上传：调用 Console SSO 导入接口（直连）
[08:51:06] 【推送Grok2API 成功】
[08:51:06] [+] 已上传 Console SSO: 新增=1, 更新=0, 同步=1, 失败=0
[08:51:06] [风控] 检查新账号注册风控状态 ...
[08:51:07] [风控] ✅ 注册风控状态可用: botFlagSource=0
[08:51:07] [风控] 注册风控状态可用: botFlagSource=0
[08:51:07] [CPA] SSO → 协议 Device Flow 换 token (proxy=socks5h://109.166.36.243:1092) ...
[08:51:07] [CPA] [*] 尝试协议 Device Flow 换 token ...
[08:51:09] [CPA] ✅ sso 有效（协议路径）
[08:51:09] [CPA] 🔑 Device Flow: 申请 device_code / user_code ...
[08:51:10] [CPA] [*] user_code=9EY4-VV3G interval=5s expires_in=1800s
[08:51:10] [CPA] [*] Device Flow: verify user_code ...
[08:51:11] [CPA] ✅ device/verify OK → https://accounts.x.ai/oauth2/device/consent?user_code=9EY4-VV3G
[08:51:11] [CPA] [*] Device Flow: approve allow principal_id=(empty) ...
[08:51:12] [CPA] ✅ device/approve 已允许
[08:51:12] [CPA] [*] Device Flow: 轮询 access/refresh token ...
[08:51:12] [CPA] ✅ access_token (expires_in=21600s) + refresh_token
[08:51:12] [CPA] JWT bfs 检测: clean
[08:51:12] [CPA] 已写入 CPA 本地 /home/ubuntu/grok-register-panel/cpa_auth/xai-joan3029332duncan_4@outlook.com.json
[08:51:13] [CPA] 已上传 CPA 远程 http://127.0.0.1:18457/.../xai-joan3029332duncan_4@outlook.com.json
[08:51:13] [CPA] 已写入 Grok2API /home/ubuntu/grok-register-panel/grok2api_auth/g2a-joan3029332duncan_4@outlook.com.json
[08:51:13] [+] 注册成功: joan3029332duncan+4@outlook.com
[08:51:13] [结果] status=ok ip=142.249.204.224 port=1092 email=jo***@outlook.com kind=success bot=0 risk=- bfs=-
[08:51:13] [*] 当前统计: 成功 113 | 失败 5 || 注册成功 113 | 注册失败 5 | SSO成功 116 | SSO失败 0 | 早期跳过 0 | G2A成功 116 | G2A失败 0 | CPA成功 113 | CPA失败 0 | 风控通过 113 | 风控 3
[08:51:14] [*] 下一个账号前等待 480 秒...
[08:52:14] [*] 账号间隔等待中… 剩余 420s / 共 480s
[08:53:14] [*] 账号间隔等待中… 剩余 360s / 共 480s
[08:54:14] [*] 账号间隔等待中… 剩余 300s / 共 480s
[08:55:14] [*] 账号间隔等待中… 剩余 240s / 共 480s
[08:56:14] [*] 账号间隔等待中… 剩余 180s / 共 480s
[08:57:14] [*] 账号间隔等待中… 剩余 120s / 共 480s
[08:58:14] [*] 账号间隔等待中… 剩余 60s / 共 480s
[08:59:14] [*] 下号代理: socks5h://15.204.89.179:1191
[08:59:14] --- 开始第 119/2000 个账号 ---
[08:59:14] [*] 1. 打开注册页 (尝试 1/3)
[08:59:18] [static-cache] enabled dir=/home/ubuntu/grok-register-panel/log/static-asset-cache hits=22106 misses=798 max_mb=1024
[08:59:18] [*] 出口IP=12.104.4.97 代理=socks5h://15.204.89.179:1191 | AS7018 | AT&T Enterprises, LLC | Boston
[08:59:18] [*] 指纹 os=windows platform=Win32 webgl=ANGLE (Intel, Intel(R) HD Graphics Direct3D11 vs_5_0 ps_5_0), or similar fontsWin=True ua=Mozilla/5.0 (Windows NT 10.0; Win64; x64; rv:152.0) Gecko/20100101 Firef… leak=none
[08:59:18] [*] 浏览器已启动
[08:59:26] [*] 当前URL: https://accounts.x.ai/sign-up?redirect=grok-com
[08:59:30] [*] 已点击「使用邮箱注册」按钮（原生事件）: Sign up with email
[08:59:30] [*] 2. 创建邮箱并提交
[08:59:32] [*] 已创建邮箱: alexander49359vlavoie+4@outlook.com
[08:59:41] [*] 已填写邮箱并提交: alexander49359vlavoie+4@outlook.com (Sign up)
[08:59:41] [*] 邮箱: alexander49359vlavoie+4@outlook.com
[08:59:41] [*] 3. 拉取验证码
[08:59:45] [*] Outlook RT 等待验证码… 剩余 176s 邮件 6 封
[08:59:50] [*] Outlook RT 已提取验证码并完成库存记账
[08:59:53] [*] 已填写验证码并提交: 812-499
[08:59:53] [*] 验证码后页面 step=profile path=/sign-up?redirect=grok-com cf=True buttons=['Grok', 'Complete sign up', 'Go back', 'Your privacy choices']
[08:59:53] [*] 验证码: 812-499
[08:59:53] [*] 4. 填写资料
[09:00:07] [*] 已点击资料提交: Ryan Duan
[09:00:07] [*] 提交后页面 step=profile path=/sign-up?redirect=grok-com hint=You are signing into Grok Complete your sign up alexander49359vlavoie+4@outlook.com First name Last name Password Complete sign upGo back By
[09:00:13] [*] 提交后页面 step=unknown path=/account hint=((a,b,c,d,e,f,g,h)=>{let i=document.documentElement,j=["light","dark"];function k(b){var c;(Array.isArray(a)?a:[a]).forEach(a=>{let c="class
[09:00:14] [*] 提交后页面 step=unknown path=/account hint=SpaceXAI Toggle theme RD Welcome, Ryan. Manage your account. Account Security Sessions Data Return to Redirecting You are being redirected, 
[09:00:18] [*] 提交后页面 step=probe-error path=https://accounts.x.ai/account hint=Page.evaluate: Execution context was destroyed, most likely because of a navigation
[09:00:20] [*] 资料已填: Ryan Duan
[09:00:20] [*] registered_emails 已更新: alexander49359vlavoie+4@outlook.com sso=empty
[09:00:20] [*] 5. 等待 sso cookie
[09:00:20] [*] 等待 sso 中... 已等 0s，剩余 29s | url=https://grok.com/
[09:00:21] [*] 已获取到 sso cookie
[09:00:22] [*] registered_emails 已更新: alexander49359vlavoie+4@outlook.com sso=yes
[09:00:22] [*] grok2api Web SSO 上传尝试 1/3
[09:00:22] [*] grok2api 远端上传：登录管理后台（直连，不走代理）
[09:00:22] [+] grok2api 远端登录成功
[09:00:22] [*] grok2api 远端上传：调用 Web SSO 导入接口（直连）
[09:00:24] 【推送Grok2API 成功】
[09:00:24] [+] 已上传 Web SSO: 新增=1, 更新=0, 同步=1, 失败=0
[09:00:24] [*] grok2api Console SSO 上传尝试 1/3
[09:00:24] [*] grok2api 远端上传：登录管理后台（直连，不走代理）
[09:00:24] [+] grok2api 远端登录成功
[09:00:24] [*] grok2api 远端上传：调用 Console SSO 导入接口（直连）
[09:00:25] 【推送Grok2API 成功】
[09:00:25] [+] 已上传 Console SSO: 新增=1, 更新=0, 同步=1, 失败=0
[09:00:25] [风控] 检查新账号注册风控状态 ...
[09:00:26] [风控] ✅ 注册风控状态可用: botFlagSource=0
[09:00:26] [风控] 注册风控状态可用: botFlagSource=0
[09:00:26] [CPA] SSO → 协议 Device Flow 换 token (proxy=socks5h://15.204.89.179:1191) ...
[09:00:26] [CPA] [*] 尝试协议 Device Flow 换 token ...
[09:00:27] [CPA] ✅ sso 有效（协议路径）
[09:00:27] [CPA] 🔑 Device Flow: 申请 device_code / user_code ...
[09:00:27] [CPA] [*] user_code=E6CV-VHA7 interval=5s expires_in=1800s
[09:00:28] [CPA] [*] Device Flow: verify user_code ...
[09:00:28] [CPA] ✅ device/verify OK → https://accounts.x.ai/oauth2/device/consent?user_code=E6CV-VHA7
[09:00:28] [CPA] [*] Device Flow: approve allow principal_id=(empty) ...
[09:00:29] [CPA] ✅ device/approve 已允许
[09:00:29] [CPA] [*] Device Flow: 轮询 access/refresh token ...
[09:00:29] [CPA] ✅ access_token (expires_in=21600s) + refresh_token
[09:00:29] [CPA] JWT bfs 检测: clean
[09:00:29] [CPA] 已写入 CPA 本地 /home/ubuntu/grok-register-panel/cpa_auth/xai-alexander49359vlavoie_4@outlook.com.json
[09:00:29] [CPA] 已上传 CPA 远程 http://127.0.0.1:18457/.../xai-alexander49359vlavoie_4@outlook.com.json
[09:00:29] [CPA] 已写入 Grok2API /home/ubuntu/grok-register-panel/grok2api_auth/g2a-alexander49359vlavoie_4@outlook.com.json
[09:00:29] [+] 注册成功: alexander49359vlavoie+4@outlook.com
[09:00:29] [结果] status=ok ip=12.104.4.97 port=1191 email=al***@outlook.com kind=success bot=0 risk=- bfs=-
[09:00:29] [*] 当前统计: 成功 114 | 失败 5 || 注册成功 114 | 注册失败 5 | SSO成功 117 | SSO失败 0 | 早期跳过 0 | G2A成功 117 | G2A失败 0 | CPA成功 114 | CPA失败 0 | 风控通过 114 | 风控 3
[09:00:31] [*] 下一个账号前等待 480 秒...
[09:01:31] [*] 账号间隔等待中… 剩余 420s / 共 480s
[09:02:31] [*] 账号间隔等待中… 剩余 360s / 共 480s
[09:03:31] [*] 账号间隔等待中… 剩余 300s / 共 480s
[09:04:31] [*] 账号间隔等待中… 剩余 240s / 共 480s
[09:05:31] [*] 账号间隔等待中… 剩余 180s / 共 480s
[09:06:31] [*] 账号间隔等待中… 剩余 120s / 共 480s
[09:07:31] [*] 账号间隔等待中… 剩余 60s / 共 480s
[09:08:31] [*] 下号代理: socks5h://109.166.36.243:1091
[09:08:31] --- 开始第 120/2000 个账号 ---
[09:08:31] [*] 1. 打开注册页 (尝试 1/3)
[09:08:35] [static-cache] enabled dir=/home/ubuntu/grok-register-panel/log/static-asset-cache hits=22342 misses=804 max_mb=1024
[09:08:35] [*] 出口IP=142.249.204.75 代理=socks5h://109.166.36.243:1091 | AS45691 | DODO-CORE - DODO K.K. | Tokyo
[09:08:35] [*] 指纹 os=windows platform=Win32 webgl=ANGLE (NVIDIA, NVIDIA GeForce GTX 980 Direct3D11 vs_5_0 ps_5_0), or similar fontsWin=True ua=Mozilla/5.0 (Windows NT 10.0; Win64; x64; rv:152.0) Gecko/20100101 Firef… leak=none
[09:08:35] [*] 浏览器已启动
[09:08:42] [*] 当前URL: https://accounts.x.ai/sign-up?redirect=grok-com
[09:08:47] [*] 已点击「使用邮箱注册」按钮（原生事件）: Sign up with email
[09:08:47] [*] 2. 创建邮箱并提交
[09:08:48] [*] 已创建邮箱: derekv2373edwards+4@outlook.com
[09:08:57] [*] 已填写邮箱并提交: derekv2373edwards+4@outlook.com (Sign up)
[09:08:57] [*] 邮箱: derekv2373edwards+4@outlook.com
[09:08:57] [*] 3. 拉取验证码
[09:09:00] [*] Outlook RT 等待验证码… 剩余 177s 邮件 5 封
[09:09:05] [*] Outlook RT 已提取验证码并完成库存记账
[09:09:08] [*] 已填写验证码并提交: 911-499
[09:09:08] [*] 验证码后页面 step=profile path=/sign-up?redirect=grok-com cf=True buttons=['Grok', 'Complete sign up', 'Go back', 'Your privacy choices']
[09:09:08] [*] 验证码: 911-499
[09:09:08] [*] 4. 填写资料
[09:09:21] [*] 已点击资料提交: Julian Sun
[09:09:21] [*] 提交后页面 step=profile path=/sign-up?redirect=grok-com hint=You are signing into Grok Complete your sign up derekv2373edwards+4@outlook.com First name Last name Password Complete sign upGo back By con
[09:09:27] [*] 提交后页面 step=unknown path=/account hint=((a,b,c,d,e,f,g,h)=>{let i=document.documentElement,j=["light","dark"];function k(b){var c;(Array.isArray(a)?a:[a]).forEach(a=>{let c="class
[09:09:28] [*] 提交后页面 step=unknown path=/account hint=SpaceXAI Toggle theme JS Welcome, Julian. Manage your account. Account Security Sessions Data Return to Redirecting You are being redirected
[09:09:34] [*] 资料已填: Julian Sun
[09:09:34] [*] registered_emails 已更新: derekv2373edwards+4@outlook.com sso=empty
[09:09:34] [*] 5. 等待 sso cookie
[09:09:34] [*] 等待 sso 中... 已等 0s，剩余 29s | url=https://grok.com/
[09:09:34] [*] 已获取到 sso cookie
[09:09:35] [*] registered_emails 已更新: derekv2373edwards+4@outlook.com sso=yes
[09:09:35] [*] grok2api Web SSO 上传尝试 1/3
[09:09:35] [*] grok2api 远端上传：登录管理后台（直连，不走代理）
[09:09:35] [+] grok2api 远端登录成功
[09:09:35] [*] grok2api 远端上传：调用 Web SSO 导入接口（直连）
[09:09:36] 【推送Grok2API 成功】
[09:09:36] [+] 已上传 Web SSO: 新增=1, 更新=0, 同步=1, 失败=0
[09:09:36] [*] grok2api Console SSO 上传尝试 1/3
[09:09:36] [*] grok2api 远端上传：登录管理后台（直连，不走代理）
[09:09:36] [+] grok2api 远端登录成功
[09:09:36] [*] grok2api 远端上传：调用 Console SSO 导入接口（直连）
[09:09:36] 【推送Grok2API 成功】
[09:09:36] [+] 已上传 Console SSO: 新增=1, 更新=0, 同步=1, 失败=0
[09:09:36] [风控] 检查新账号注册风控状态 ...
[09:09:38] [风控] ✅ 注册风控状态可用: botFlagSource=0
[09:09:38] [风控] 注册风控状态可用: botFlagSource=0
[09:09:38] [CPA] SSO → 协议 Device Flow 换 token (proxy=socks5h://109.166.36.243:1091) ...
[09:09:38] [CPA] [*] 尝试协议 Device Flow 换 token ...
[09:09:39] [CPA] ✅ sso 有效（协议路径）
[09:09:39] [CPA] 🔑 Device Flow: 申请 device_code / user_code ...
[09:09:40] [CPA] [*] user_code=8HVJ-CDQW interval=5s expires_in=1800s
[09:09:41] [CPA] [*] Device Flow: verify user_code ...
[09:09:42] [CPA] ✅ device/verify OK → https://accounts.x.ai/oauth2/device/consent?user_code=8HVJ-CDQW
[09:09:42] [CPA] [*] Device Flow: approve allow principal_id=(empty) ...
[09:09:43] [CPA] ✅ device/approve 已允许
[09:09:43] [CPA] [*] Device Flow: 轮询 access/refresh token ...
[09:09:43] [CPA] ✅ access_token (expires_in=21600s) + refresh_token
[09:09:43] [CPA] JWT bfs 检测: clean
[09:09:43] [CPA] 已写入 CPA 本地 /home/ubuntu/grok-register-panel/cpa_auth/xai-derekv2373edwards_4@outlook.com.json
[09:09:43] [CPA] 已上传 CPA 远程 http://127.0.0.1:18457/.../xai-derekv2373edwards_4@outlook.com.json
[09:09:43] [CPA] 已写入 Grok2API /home/ubuntu/grok-register-panel/grok2api_auth/g2a-derekv2373edwards_4@outlook.com.json
[09:09:43] [+] 注册成功: derekv2373edwards+4@outlook.com
[09:09:43] [结果] status=ok ip=142.249.204.75 port=1091 email=de***@outlook.com kind=success bot=0 risk=- bfs=-
[09:09:43] [*] 当前统计: 成功 115 | 失败 5 || 注册成功 115 | 注册失败 5 | SSO成功 118 | SSO失败 0 | 早期跳过 0 | G2A成功 118 | G2A失败 0 | CPA成功 115 | CPA失败 0 | 风控通过 115 | 风控 3
[09:09:43] [*] 已成功 115 个账号，执行定期清理: 关闭浏览器并清理内存
[09:09:44] [*] Python GC 已回收对象数: 26558
[09:09:45] [*] 下一个账号前等待 480 秒...
[09:10:45] [*] 账号间隔等待中… 剩余 420s / 共 480s
[09:11:45] [*] 账号间隔等待中… 剩余 360s / 共 480s
[09:12:45] [*] 账号间隔等待中… 剩余 300s / 共 480s
[09:13:45] [*] 账号间隔等待中… 剩余 240s / 共 480s
[09:14:45] [*] 账号间隔等待中… 剩余 180s / 共 480s
[09:15:45] [*] 账号间隔等待中… 剩余 120s / 共 480s
[09:16:45] [*] 账号间隔等待中… 剩余 60s / 共 480s
[09:17:45] [*] 下号代理: socks5h://109.166.36.243:1090
[09:17:45] --- 开始第 121/2000 个账号 ---
[09:17:45] [*] 1. 打开注册页 (尝试 1/3)
[09:17:50] [static-cache] enabled dir=/home/ubuntu/grok-register-panel/log/static-asset-cache hits=22579 misses=810 max_mb=1024
[09:17:50] [*] 出口IP=142.249.204.223 代理=socks5h://109.166.36.243:1090 | AS45691 | DODO-CORE - DODO K.K. | Tokyo
[09:17:50] [*] 指纹 os=windows platform=Win32 webgl=ANGLE (Intel, Intel(R) HD Graphics 400 Direct3D11 vs_5_0 ps_5_0), or similar fontsWin=True ua=Mozilla/5.0 (Windows NT 10.0; Win64; x64; rv:152.0) Gecko/20100101 Firef… leak=none
[09:17:50] [*] 浏览器已启动
[09:17:56] [*] 当前URL: https://accounts.x.ai/sign-up?redirect=grok-com
[09:18:03] [*] 已点击「使用邮箱注册」按钮（原生事件）: Sign up with email
[09:18:04] [*] 2. 创建邮箱并提交
[09:18:05] [*] 已创建邮箱: aaronh22507myers+4@outlook.com
[09:18:15] [*] 已填写邮箱并提交: aaronh22507myers+4@outlook.com (Sign up)
[09:18:15] [*] 邮箱: aaronh22507myers+4@outlook.com
[09:18:15] [*] 3. 拉取验证码
[09:18:18] [*] Outlook RT 等待验证码… 剩余 176s 邮件 5 封
[09:18:23] [*] Outlook RT 已提取验证码并完成库存记账
[09:18:28] [*] 已填写验证码并提交: 296-173
[09:18:28] [*] 验证码后页面 step=profile path=/sign-up?redirect=grok-com cf=True buttons=['Grok', 'Complete sign up', 'Go back', 'Your privacy choices']
[09:18:28] [*] 验证码: 296-173
[09:18:28] [*] 4. 填写资料
[09:18:45] [*] 已点击资料提交: Miles Duan
[09:18:45] [*] 提交后页面 step=profile path=/sign-up?redirect=grok-com hint=You are signing into Grok Complete your sign up aaronh22507myers+4@outlook.com First name Last name Password Complete sign upGo back By cont
[09:18:53] [*] 提交后页面 step=unknown path=/account hint=((a,b,c,d,e,f,g,h)=>{let i=document.documentElement,j=["light","dark"];function k(b){var c;(Array.isArray(a)?a:[a]).forEach(a=>{let c="class
[09:18:53] [*] 提交后页面 step=unknown path=/account hint=SpaceXAI Toggle theme MD Welcome, Miles. Manage your account. Account Security Sessions Data Return to Redirecting You are being redirected,
[09:18:57] [*] 资料已填: Miles Duan
[09:18:57] [*] registered_emails 已更新: aaronh22507myers+4@outlook.com sso=empty
[09:18:57] [*] 5. 等待 sso cookie
[09:18:57] [*] 等待 sso 中... 已等 0s，剩余 29s | url=https://accounts.x.ai/account
[09:18:57] [*] 已获取到 sso cookie
[09:18:57] [*] registered_emails 已更新: aaronh22507myers+4@outlook.com sso=yes
[09:18:57] [*] grok2api Web SSO 上传尝试 1/3
[09:18:57] [*] grok2api 远端上传：登录管理后台（直连，不走代理）
[09:18:57] [+] grok2api 远端登录成功
[09:18:57] [*] grok2api 远端上传：调用 Web SSO 导入接口（直连）
[09:18:58] 【推送Grok2API 成功】
[09:18:58] [+] 已上传 Web SSO: 新增=1, 更新=0, 同步=1, 失败=0
[09:18:58] [*] grok2api Console SSO 上传尝试 1/3
[09:18:58] [*] grok2api 远端上传：登录管理后台（直连，不走代理）
[09:18:58] [+] grok2api 远端登录成功
[09:18:58] [*] grok2api 远端上传：调用 Console SSO 导入接口（直连）
[09:18:59] 【推送Grok2API 成功】
[09:18:59] [+] 已上传 Console SSO: 新增=1, 更新=0, 同步=1, 失败=0
[09:18:59] [风控] 检查新账号注册风控状态 ...
[09:19:01] [风控] ✅ 注册风控状态可用: botFlagSource=0
[09:19:01] [风控] 注册风控状态可用: botFlagSource=0
[09:19:01] [CPA] SSO → 协议 Device Flow 换 token (proxy=socks5h://109.166.36.243:1090) ...
[09:19:01] [CPA] [*] 尝试协议 Device Flow 换 token ...
[09:19:02] [CPA] ✅ sso 有效（协议路径）
[09:19:02] [CPA] 🔑 Device Flow: 申请 device_code / user_code ...
[09:19:03] [CPA] [*] user_code=JRNV-BFC9 interval=5s expires_in=1800s
[09:19:03] [CPA] [*] Device Flow: verify user_code ...
[09:19:04] [CPA] ✅ device/verify OK → https://accounts.x.ai/oauth2/device/consent?user_code=JRNV-BFC9
[09:19:04] [CPA] [*] Device Flow: approve allow principal_id=(empty) ...
[09:19:05] [CPA] ✅ device/approve 已允许
[09:19:05] [CPA] [*] Device Flow: 轮询 access/refresh token ...
[09:19:05] [CPA] ✅ access_token (expires_in=21600s) + refresh_token
[09:19:05] [CPA] JWT bfs 检测: clean
[09:19:05] [CPA] 已写入 CPA 本地 /home/ubuntu/grok-register-panel/cpa_auth/xai-aaronh22507myers_4@outlook.com.json
[09:19:05] [CPA] 已上传 CPA 远程 http://127.0.0.1:18457/.../xai-aaronh22507myers_4@outlook.com.json
[09:19:05] [CPA] 已写入 Grok2API /home/ubuntu/grok-register-panel/grok2api_auth/g2a-aaronh22507myers_4@outlook.com.json
[09:19:05] [+] 注册成功: aaronh22507myers+4@outlook.com
[09:19:05] [结果] status=ok ip=142.249.204.223 port=1090 email=aa***@outlook.com kind=success bot=0 risk=- bfs=-
[09:19:05] [*] 当前统计: 成功 116 | 失败 5 || 注册成功 116 | 注册失败 5 | SSO成功 119 | SSO失败 0 | 早期跳过 0 | G2A成功 119 | G2A失败 0 | CPA成功 116 | CPA失败 0 | 风控通过 116 | 风控 3
[09:19:06] [*] 下一个账号前等待 480 秒...
[09:20:07] [*] 账号间隔等待中… 剩余 420s / 共 480s
[09:21:07] [*] 账号间隔等待中… 剩余 360s / 共 480s
[09:22:07] [*] 账号间隔等待中… 剩余 300s / 共 480s
[09:23:07] [*] 账号间隔等待中… 剩余 240s / 共 480s
[09:24:07] [*] 账号间隔等待中… 剩余 180s / 共 480s
[09:25:07] [*] 账号间隔等待中… 剩余 120s / 共 480s
[09:26:07] [*] 账号间隔等待中… 剩余 60s / 共 480s
[09:27:06] [*] 下号代理: socks5h://15.204.89.179:1178
[09:27:06] --- 开始第 122/2000 个账号 ---
[09:27:06] [*] 1. 打开注册页 (尝试 1/3)
[09:27:11] [static-cache] enabled dir=/home/ubuntu/grok-register-panel/log/static-asset-cache hits=22683 misses=810 max_mb=1024
[09:27:11] [*] 出口IP=12.104.4.66 代理=socks5h://15.204.89.179:1178 | AS7018 | AT&T Enterprises, LLC | Boston
[09:27:11] [*] 指纹 os=windows platform=Win32 webgl=ANGLE (Intel, Intel(R) HD Graphics 400 Direct3D11 vs_5_0 ps_5_0), or similar fontsWin=True ua=Mozilla/5.0 (Windows NT 10.0; Win64; x64; rv:152.0) Gecko/20100101 Firef… leak=none
[09:27:11] [*] 浏览器已启动
[09:27:19] [*] 当前URL: https://accounts.x.ai/sign-up?redirect=grok-com
[09:27:24] [*] 已点击「使用邮箱注册」按钮（原生事件）: Sign up with email
[09:27:24] [*] 2. 创建邮箱并提交
[09:27:26] [*] 已创建邮箱: itzelwom830benavides+4@outlook.com
[09:27:35] [*] 已填写邮箱并提交: itzelwom830benavides+4@outlook.com (Sign up)
[09:27:35] [*] 邮箱: itzelwom830benavides+4@outlook.com
[09:27:35] [*] 3. 拉取验证码
[09:27:38] [*] Outlook RT 等待验证码… 剩余 176s 邮件 5 封
[09:27:44] [*] Outlook RT 已提取验证码并完成库存记账
[09:27:47] [*] 已填写验证码并提交: 305-596
[09:27:47] [*] 验证码后页面 step=profile path=/sign-up?redirect=grok-com cf=True buttons=['Grok', 'Complete sign up', 'Go back', 'Your privacy choices']
[09:27:47] [*] 验证码: 305-596
[09:27:47] [*] 4. 填写资料
[09:28:00] [*] 已点击资料提交: Marcus Wang
[09:28:00] [*] 提交后页面 step=profile path=/sign-up?redirect=grok-com hint=You are signing into Grok Complete your sign up itzelwom830benavides+4@outlook.com First name Last name Password Complete sign upGo back By 
[09:28:05] [*] 提交后页面 step=unknown path=/account hint=((a,b,c,d,e,f,g,h)=>{let i=document.documentElement,j=["light","dark"];function k(b){var c;(Array.isArray(a)?a:[a]).forEach(a=>{let c="class
[09:28:05] [*] 提交后页面 step=unknown path=/account hint=SpaceXAI Toggle theme MW Welcome, Marcus. Manage your account. Account Security Sessions Data Return to Redirecting You are being redirected
[09:28:10] [*] 提交后页面 step=probe-error path=https://accounts.x.ai/account hint=Page.evaluate: Execution context was destroyed, most likely because of a navigation
[09:28:12] [*] 资料已填: Marcus Wang
[09:28:12] [*] registered_emails 已更新: itzelwom830benavides+4@outlook.com sso=empty
[09:28:12] [*] 5. 等待 sso cookie
[09:28:12] [*] 等待 sso 中... 已等 0s，剩余 29s | url=https://grok.com/
[09:28:13] [*] 已获取到 sso cookie
[09:28:13] [*] registered_emails 已更新: itzelwom830benavides+4@outlook.com sso=yes
[09:28:13] [*] grok2api Web SSO 上传尝试 1/3
[09:28:13] [*] grok2api 远端上传：登录管理后台（直连，不走代理）
[09:28:13] [+] grok2api 远端登录成功
[09:28:13] [*] grok2api 远端上传：调用 Web SSO 导入接口（直连）
[09:28:14] 【推送Grok2API 成功】
[09:28:14] [+] 已上传 Web SSO: 新增=1, 更新=0, 同步=1, 失败=0
[09:28:14] [*] grok2api Console SSO 上传尝试 1/3
[09:28:14] [*] grok2api 远端上传：登录管理后台（直连，不走代理）
[09:28:15] [+] grok2api 远端登录成功
[09:28:15] [*] grok2api 远端上传：调用 Console SSO 导入接口（直连）
[09:28:16] 【推送Grok2API 成功】
[09:28:16] [+] 已上传 Console SSO: 新增=1, 更新=0, 同步=1, 失败=0
[09:28:16] [风控] 检查新账号注册风控状态 ...
[09:28:17] [风控] ✅ 注册风控状态可用: botFlagSource=0
[09:28:17] [风控] 注册风控状态可用: botFlagSource=0
[09:28:17] [CPA] SSO → 协议 Device Flow 换 token (proxy=socks5h://15.204.89.179:1178) ...
[09:28:17] [CPA] [*] 尝试协议 Device Flow 换 token ...
[09:28:18] [CPA] ✅ sso 有效（协议路径）
[09:28:18] [CPA] 🔑 Device Flow: 申请 device_code / user_code ...
[09:28:19] [CPA] [*] user_code=H8SH-EQKD interval=5s expires_in=1800s
[09:28:19] [CPA] [*] Device Flow: verify user_code ...
[09:28:20] [CPA] ✅ device/verify OK → https://accounts.x.ai/oauth2/device/consent?user_code=H8SH-EQKD
[09:28:20] [CPA] [*] Device Flow: approve allow principal_id=(empty) ...
[09:28:20] [CPA] ✅ device/approve 已允许
[09:28:20] [CPA] [*] Device Flow: 轮询 access/refresh token ...
[09:28:20] [CPA] ✅ access_token (expires_in=21600s) + refresh_token
[09:28:20] [CPA] JWT bfs 检测: clean
[09:28:20] [CPA] 已写入 CPA 本地 /home/ubuntu/grok-register-panel/cpa_auth/xai-itzelwom830benavides_4@outlook.com.json
[09:28:20] [CPA] 已上传 CPA 远程 http://127.0.0.1:18457/.../xai-itzelwom830benavides_4@outlook.com.json
[09:28:20] [CPA] 已写入 Grok2API /home/ubuntu/grok-register-panel/grok2api_auth/g2a-itzelwom830benavides_4@outlook.com.json
[09:28:20] [+] 注册成功: itzelwom830benavides+4@outlook.com
[09:28:20] [结果] status=ok ip=12.104.4.66 port=1178 email=it***@outlook.com kind=success bot=0 risk=- bfs=-
[09:28:20] [*] 当前统计: 成功 117 | 失败 5 || 注册成功 117 | 注册失败 5 | SSO成功 120 | SSO失败 0 | 早期跳过 0 | G2A成功 120 | G2A失败 0 | CPA成功 117 | CPA失败 0 | 风控通过 117 | 风控 3
[09:28:22] [*] 下一个账号前等待 480 秒...
[09:29:22] [*] 账号间隔等待中… 剩余 420s / 共 480s
[09:30:22] [*] 账号间隔等待中… 剩余 360s / 共 480s
[09:31:22] [*] 账号间隔等待中… 剩余 300s / 共 480s
[09:32:22] [*] 账号间隔等待中… 剩余 240s / 共 480s
[09:33:22] [*] 账号间隔等待中… 剩余 180s / 共 480s
[09:34:22] [*] 账号间隔等待中… 剩余 120s / 共 480s
[09:35:22] [*] 账号间隔等待中… 剩余 60s / 共 480s
[09:36:22] [*] 下号代理: socks5h://109.166.36.243:1092
[09:36:22] --- 开始第 123/2000 个账号 ---
[09:36:22] [*] 1. 打开注册页 (尝试 1/3)
[09:36:27] [static-cache] enabled dir=/home/ubuntu/grok-register-panel/log/static-asset-cache hits=22920 misses=816 max_mb=1024
[09:36:27] [*] 出口IP=142.249.204.224 代理=socks5h://109.166.36.243:1092 | AS45691 | DODO-CORE - DODO K.K. | Tokyo
[09:36:27] [*] 指纹 os=windows platform=Win32 webgl=ANGLE (NVIDIA, NVIDIA GeForce GTX 980 Direct3D11 vs_5_0 ps_5_0), or similar fontsWin=True ua=Mozilla/5.0 (Windows NT 10.0; Win64; x64; rv:152.0) Gecko/20100101 Firef… leak=none
[09:36:27] [*] 浏览器已启动
[09:36:33] [*] 当前URL: https://accounts.x.ai/sign-up?redirect=grok-com
[09:36:37] [*] 已点击「使用邮箱注册」按钮（原生事件）: Sign up with email
[09:36:38] [*] 2. 创建邮箱并提交
[09:36:39] [*] 已创建邮箱: brielle6996tchu+4@outlook.com
[09:36:48] [*] 已填写邮箱并提交: brielle6996tchu+4@outlook.com (Sign up)
[09:36:48] [*] 邮箱: brielle6996tchu+4@outlook.com
[09:36:48] [*] 3. 拉取验证码
[09:36:51] [*] Outlook RT 等待验证码… 剩余 177s 邮件 5 封
[09:36:55] [*] Outlook RT 已提取验证码并完成库存记账
[09:36:59] [*] 已填写验证码并提交: 023-788
[09:36:59] [*] 验证码后页面 step=profile path=/sign-up?redirect=grok-com cf=True buttons=['Grok', 'Complete sign up', 'Go back', 'Your privacy choices']
[09:36:59] [*] 验证码: 023-788
[09:36:59] [*] 4. 填写资料
[09:37:12] [*] 已点击资料提交: Peter Shi
[09:37:12] [*] 提交后页面 step=profile path=/sign-up?redirect=grok-com hint=You are signing into Grok Complete your sign up brielle6996tchu+4@outlook.com First name Last name Password Complete sign upGo back By conti
[09:37:19] [*] 提交后页面 step=unknown path=/account hint=((a,b,c,d,e,f,g,h)=>{let i=document.documentElement,j=["light","dark"];function k(b){var c;(Array.isArray(a)?a:[a]).forEach(a=>{let c="class
[09:37:20] [*] 提交后页面 step=unknown path=/account hint=SpaceXAI Toggle theme PS Welcome, Peter. Manage your account. Account Security Sessions Data Return to Redirecting You are being redirected,
[09:37:23] [*] 提交后页面 step=probe-error path=https://accounts.x.ai/account hint=Page.evaluate: Execution context was destroyed, most likely because of a navigation
[09:37:24] [*] 资料已填: Peter Shi
[09:37:24] [*] registered_emails 已更新: brielle6996tchu+4@outlook.com sso=empty
[09:37:24] [*] 5. 等待 sso cookie
[09:37:24] [*] 等待 sso 中... 已等 0s，剩余 29s | url=https://accounts.x.ai/account
[09:37:25] [*] 已获取到 sso cookie
[09:37:25] [*] registered_emails 已更新: brielle6996tchu+4@outlook.com sso=yes
[09:37:25] [*] grok2api Web SSO 上传尝试 1/3
[09:37:25] [*] grok2api 远端上传：登录管理后台（直连，不走代理）
[09:37:25] [+] grok2api 远端登录成功
[09:37:25] [*] grok2api 远端上传：调用 Web SSO 导入接口（直连）
[09:37:26] 【推送Grok2API 成功】
[09:37:26] [+] 已上传 Web SSO: 新增=1, 更新=0, 同步=1, 失败=0
[09:37:26] [*] grok2api Console SSO 上传尝试 1/3
[09:37:26] [*] grok2api 远端上传：登录管理后台（直连，不走代理）
[09:37:26] [+] grok2api 远端登录成功
[09:37:26] [*] grok2api 远端上传：调用 Console SSO 导入接口（直连）
[09:37:27] 【推送Grok2API 成功】
[09:37:27] [+] 已上传 Console SSO: 新增=1, 更新=0, 同步=1, 失败=0
[09:37:27] [风控] 检查新账号注册风控状态 ...
[09:37:29] [风控] 未读取到注册风控字段，继续 OAuth: grok.com 未发现 botFlag 字段
[09:37:29] [CPA] SSO → 协议 Device Flow 换 token (proxy=socks5h://109.166.36.243:1092) ...
[09:37:29] [CPA] [*] 尝试协议 Device Flow 换 token ...
[09:37:30] [CPA] ✅ sso 有效（协议路径）
[09:37:30] [CPA] 🔑 Device Flow: 申请 device_code / user_code ...
[09:37:31] [CPA] [*] user_code=4PGA-J6XY interval=5s expires_in=1800s
[09:37:32] [CPA] [*] Device Flow: verify user_code ...
[09:37:33] [CPA] ✅ device/verify OK → https://accounts.x.ai/oauth2/device/consent?user_code=4PGA-J6XY
[09:37:33] [CPA] [*] Device Flow: approve allow principal_id=(empty) ...
[09:37:34] [CPA] ✅ device/approve 已允许
[09:37:34] [CPA] [*] Device Flow: 轮询 access/refresh token ...
[09:37:34] [CPA] ✅ access_token (expires_in=21600s) + refresh_token
[09:37:34] [CPA] JWT bfs 检测: clean
[09:37:34] [CPA] 已写入 CPA 本地 /home/ubuntu/grok-register-panel/cpa_auth/xai-brielle6996tchu_4@outlook.com.json
[09:37:34] [CPA] 已上传 CPA 远程 http://127.0.0.1:18457/.../xai-brielle6996tchu_4@outlook.com.json
[09:37:34] [CPA] 已写入 Grok2API /home/ubuntu/grok-register-panel/grok2api_auth/g2a-brielle6996tchu_4@outlook.com.json
[09:37:34] [+] 注册成功: brielle6996tchu+4@outlook.com
[09:37:34] [结果] status=ok ip=142.249.204.224 port=1092 email=br***@outlook.com kind=success bot=0 risk=- bfs=-
[09:37:34] [*] 当前统计: 成功 118 | 失败 5 || 注册成功 118 | 注册失败 5 | SSO成功 121 | SSO失败 0 | 早期跳过 0 | G2A成功 121 | G2A失败 0 | CPA成功 118 | CPA失败 0 | 风控通过 118 | 风控 3
[09:37:36] [*] 下一个账号前等待 480 秒...
[09:38:36] [*] 账号间隔等待中… 剩余 420s / 共 480s
[09:39:36] [*] 账号间隔等待中… 剩余 360s / 共 480s
[09:40:36] [*] 账号间隔等待中… 剩余 300s / 共 480s
[09:41:36] [*] 账号间隔等待中… 剩余 240s / 共 480s
[09:42:36] [*] 账号间隔等待中… 剩余 180s / 共 480s
[09:43:36] [*] 账号间隔等待中… 剩余 120s / 共 480s
[09:44:36] [*] 账号间隔等待中… 剩余 60s / 共 480s
[09:45:36] [*] 下号代理: socks5h://15.204.89.179:1191
[09:45:36] --- 开始第 124/2000 个账号 ---
[09:45:36] [*] 1. 打开注册页 (尝试 1/3)
[09:45:40] [static-cache] enabled dir=/home/ubuntu/grok-register-panel/log/static-asset-cache hits=23133 misses=846 max_mb=1024
[09:45:40] [*] 出口IP=12.104.4.97 代理=socks5h://15.204.89.179:1191 | AS7018 | AT&T Enterprises, LLC | Boston
[09:45:40] [*] 指纹 os=windows platform=Win32 webgl=ANGLE (Intel, Intel(R) HD Graphics Direct3D11 vs_5_0 ps_5_0), or similar fontsWin=True ua=Mozilla/5.0 (Windows NT 10.0; Win64; x64; rv:152.0) Gecko/20100101 Firef… leak=none
[09:45:40] [*] 浏览器已启动
[09:46:00] [static-cache] enabled dir=/home/ubuntu/grok-register-panel/log/static-asset-cache hits=23133 misses=846 max_mb=1024
[09:46:00] [*] 出口IP=12.104.4.97 代理=socks5h://15.204.89.179:1191 | AS7018 | AT&T Enterprises, LLC | Boston
[09:46:00] [*] 指纹 os=windows platform=Win32 webgl=ANGLE (Intel, Intel(R) HD Graphics 400 Direct3D11 vs_5_0 ps_5_0), or similar fontsWin=True ua=Mozilla/5.0 (Windows NT 10.0; Win64; x64; rv:152.0) Gecko/20100101 Firef… leak=none
[09:46:08] [*] 当前URL: https://accounts.x.ai/sign-up?redirect=grok-com
[09:46:11] [*] 已点击「使用邮箱注册」按钮（原生事件）: Sign up with email
[09:46:12] [*] 2. 创建邮箱并提交
[09:46:13] [*] 已创建邮箱: aaliyah33sq130smith+4@outlook.com
[09:46:22] [*] 已填写邮箱并提交: aaliyah33sq130smith+4@outlook.com (Sign up)
[09:46:22] [*] 邮箱: aaliyah33sq130smith+4@outlook.com
[09:46:22] [*] 3. 拉取验证码
[09:46:26] [*] Outlook RT 等待验证码… 剩余 176s 邮件 5 封
[09:46:34] [*] Outlook RT 已提取验证码并完成库存记账
[09:46:38] [*] 已填写验证码并提交: 039-817
[09:46:38] [*] 验证码后页面 step=profile path=/sign-up?redirect=grok-com cf=True buttons=['Grok', 'Complete sign up', 'Go back', 'Your privacy choices']
[09:46:38] [*] 验证码: 039-817
[09:46:38] [*] 4. 填写资料
[09:46:51] [*] 已点击资料提交: Zane Kang
[09:46:51] [*] 提交后页面 step=profile path=/sign-up?redirect=grok-com hint=You are signing into Grok Complete your sign up aaliyah33sq130smith+4@outlook.com First name Last name Password Complete sign upGo back By c
[09:46:56] [*] 提交后页面 step=unknown path=/account hint=((a,b,c,d,e,f,g,h)=>{let i=document.documentElement,j=["light","dark"];function k(b){var c;(Array.isArray(a)?a:[a]).forEach(a=>{let c="class
[09:46:57] [*] 提交后页面 step=unknown path=/account hint=SpaceXAI Toggle theme ZK Welcome, Zane. Manage your account. Account Security Sessions Data Return to Redirecting You are being redirected, 
[09:47:00] [*] 提交后页面 step=probe-error path=https://accounts.x.ai/account hint=Page.evaluate: Execution context was destroyed, most likely because of a navigation
[09:47:03] [*] 资料已填: Zane Kang
[09:47:04] [*] registered_emails 已更新: aaliyah33sq130smith+4@outlook.com sso=empty
[09:47:04] [*] 5. 等待 sso cookie
[09:47:04] [*] 等待 sso 中... 已等 0s，剩余 29s | url=https://grok.com/
[09:47:06] [*] 已获取到 sso cookie
[09:47:06] [*] registered_emails 已更新: aaliyah33sq130smith+4@outlook.com sso=yes
[09:47:06] [*] grok2api Web SSO 上传尝试 1/3
[09:47:06] [*] grok2api 远端上传：登录管理后台（直连，不走代理）
[09:47:06] [+] grok2api 远端登录成功
[09:47:06] [*] grok2api 远端上传：调用 Web SSO 导入接口（直连）
[09:47:08] 【推送Grok2API 成功】
[09:47:08] [+] 已上传 Web SSO: 新增=1, 更新=0, 同步=1, 失败=0
[09:47:08] [*] grok2api Console SSO 上传尝试 1/3
[09:47:08] [*] grok2api 远端上传：登录管理后台（直连，不走代理）
[09:47:08] [+] grok2api 远端登录成功
[09:47:08] [*] grok2api 远端上传：调用 Console SSO 导入接口（直连）
[09:47:09] 【推送Grok2API 成功】
[09:47:09] [+] 已上传 Console SSO: 新增=1, 更新=0, 同步=1, 失败=0
[09:47:09] [风控] 检查新账号注册风控状态 ...
[09:47:10] [风控] 未读取到注册风控字段，继续 OAuth: grok.com 未发现 botFlag 字段
[09:47:10] [CPA] SSO → 协议 Device Flow 换 token (proxy=socks5h://15.204.89.179:1191) ...
[09:47:10] [CPA] [*] 尝试协议 Device Flow 换 token ...
[09:47:11] [CPA] ✅ sso 有效（协议路径）
[09:47:11] [CPA] 🔑 Device Flow: 申请 device_code / user_code ...
[09:47:11] [CPA] [*] user_code=Z3WE-XVHH interval=5s expires_in=1800s
[09:47:12] [CPA] [*] Device Flow: verify user_code ...
[09:47:12] [CPA] ✅ device/verify OK → https://accounts.x.ai/oauth2/device/consent?user_code=Z3WE-XVHH
[09:47:12] [CPA] [*] Device Flow: approve allow principal_id=(empty) ...
[09:47:12] [CPA] ✅ device/approve 已允许
[09:47:12] [CPA] [*] Device Flow: 轮询 access/refresh token ...
[09:47:13] [CPA] ✅ access_token (expires_in=21600s) + refresh_token
[09:47:13] [CPA] JWT bfs 检测: clean
[09:47:13] [CPA] 已写入 CPA 本地 /home/ubuntu/grok-register-panel/cpa_auth/xai-aaliyah33sq130smith_4@outlook.com.json
[09:47:13] [CPA] 已上传 CPA 远程 http://127.0.0.1:18457/.../xai-aaliyah33sq130smith_4@outlook.com.json
[09:47:13] [CPA] 已写入 Grok2API /home/ubuntu/grok-register-panel/grok2api_auth/g2a-aaliyah33sq130smith_4@outlook.com.json
[09:47:13] [+] 注册成功: aaliyah33sq130smith+4@outlook.com
[09:47:13] [结果] status=ok ip=12.104.4.97 port=1191 email=aa***@outlook.com kind=success bot=0 risk=- bfs=-
[09:47:13] [*] 当前统计: 成功 119 | 失败 5 || 注册成功 119 | 注册失败 5 | SSO成功 122 | SSO失败 0 | 早期跳过 0 | G2A成功 122 | G2A失败 0 | CPA成功 119 | CPA失败 0 | 风控通过 119 | 风控 3
[09:47:15] [*] 下一个账号前等待 480 秒...
[09:48:15] [*] 账号间隔等待中… 剩余 420s / 共 480s
[09:49:15] [*] 账号间隔等待中… 剩余 360s / 共 480s
[09:50:15] [*] 账号间隔等待中… 剩余 300s / 共 480s
[09:51:15] [*] 账号间隔等待中… 剩余 240s / 共 480s
[09:52:15] [*] 账号间隔等待中… 剩余 180s / 共 480s
[09:53:15] [*] 账号间隔等待中… 剩余 120s / 共 480s
[09:54:15] [*] 账号间隔等待中… 剩余 60s / 共 480s
[09:55:15] [*] 下号代理: socks5h://109.166.36.243:1091
[09:55:15] --- 开始第 125/2000 个账号 ---
[09:55:15] [*] 1. 打开注册页 (尝试 1/3)
[09:55:20] [static-cache] enabled dir=/home/ubuntu/grok-register-panel/log/static-asset-cache hits=23345 misses=876 max_mb=1024
[09:55:20] [*] 出口IP=142.249.204.75 代理=socks5h://109.166.36.243:1091 | AS45691 | DODO-CORE - DODO K.K. | Tokyo
[09:55:20] [*] 指纹 os=windows platform=Win32 webgl=ANGLE (AMD, Radeon HD 3200 Graphics Direct3D11 vs_5_0 ps_5_0), or similar fontsWin=True ua=Mozilla/5.0 (Windows NT 10.0; Win64; x64; rv:152.0) Gecko/20100101 Firef… leak=none
[09:55:20] [*] 浏览器已启动
[09:55:27] [*] 当前URL: https://accounts.x.ai/sign-up?redirect=grok-com
[09:55:30] [*] 已点击「使用邮箱注册」按钮（原生事件）: Sign up with email
[09:55:31] [*] 2. 创建邮箱并提交
[09:55:32] [*] 已创建邮箱: alfonso5770347fernndez+4@outlook.com
[09:55:42] [*] 已填写邮箱并提交: alfonso5770347fernndez+4@outlook.com (Sign up)
[09:55:42] [*] 邮箱: alfonso5770347fernndez+4@outlook.com
[09:55:42] [*] 3. 拉取验证码
[09:55:45] [*] Outlook RT 已提取验证码并完成库存记账
[09:55:49] [*] 已填写验证码并提交: 410-026
[09:55:49] [*] 验证码后页面 step=profile path=/sign-up?redirect=grok-com cf=True buttons=['Grok', 'Complete sign up', 'Go back', 'Your privacy choices']
[09:55:49] [*] 验证码: 410-026
[09:55:49] [*] 4. 填写资料
[09:56:01] [*] 已点击资料提交: Liam Fu
[09:56:01] [*] 提交后页面 step=profile path=/sign-up?redirect=grok-com hint=You are signing into Grok Complete your sign up alfonso5770347fernndez+4@outlook.com First name Last name Password Complete sign upGo back B
[09:56:08] [*] 提交后页面 step=probe-error path=https://accounts.x.ai/sign-up?redirect=grok-com hint=Page.evaluate: Execution context was destroyed, most likely because of a navigation
[09:56:09] [*] 提交后页面 step=unknown path=/account hint=((a,b,c,d,e,f,g,h)=>{let i=document.documentElement,j=["light","dark"];function k(b){var c;(Array.isArray(a)?a:[a]).forEach(a=>{let c="class
[09:56:09] [*] 提交后页面 step=unknown path=/account hint=SpaceXAI Toggle theme LF Welcome, Liam. Manage your account. Account Security Sessions Data Return to Redirecting You are being redirected, 
[09:56:13] [*] 提交后页面 step=probe-error path=https://accounts.x.ai/account hint=Page.evaluate: Execution context was destroyed, most likely because of a navigation
[09:56:13] [*] 资料已填: Liam Fu
[09:56:14] [*] registered_emails 已更新: alfonso5770347fernndez+4@outlook.com sso=empty
[09:56:14] [*] 5. 等待 sso cookie
[09:56:15] [*] 等待 sso 中... 已等 0s，剩余 29s | url=https://accounts.x.ai/account
[09:56:16] [*] 已获取到 sso cookie
[09:56:16] [*] registered_emails 已更新: alfonso5770347fernndez+4@outlook.com sso=yes
[09:56:16] [*] grok2api Web SSO 上传尝试 1/3
[09:56:16] [*] grok2api 远端上传：登录管理后台（直连，不走代理）
[09:56:16] [+] grok2api 远端登录成功
[09:56:16] [*] grok2api 远端上传：调用 Web SSO 导入接口（直连）
[09:56:17] 【推送Grok2API 成功】
[09:56:17] [+] 已上传 Web SSO: 新增=1, 更新=0, 同步=1, 失败=0
[09:56:17] [*] grok2api Console SSO 上传尝试 1/3
[09:56:17] [*] grok2api 远端上传：登录管理后台（直连，不走代理）
[09:56:17] [+] grok2api 远端登录成功
[09:56:17] [*] grok2api 远端上传：调用 Console SSO 导入接口（直连）
[09:56:18] 【推送Grok2API 成功】
[09:56:18] [+] 已上传 Console SSO: 新增=1, 更新=0, 同步=1, 失败=0
[09:56:18] [风控] 检查新账号注册风控状态 ...
[09:56:20] [风控] 未读取到注册风控字段，继续 OAuth: grok.com 未发现 botFlag 字段
[09:56:20] [CPA] SSO → 协议 Device Flow 换 token (proxy=socks5h://109.166.36.243:1091) ...
[09:56:20] [CPA] [*] 尝试协议 Device Flow 换 token ...
[09:56:21] [CPA] ✅ sso 有效（协议路径）
[09:56:21] [CPA] 🔑 Device Flow: 申请 device_code / user_code ...
[09:56:22] [CPA] [*] user_code=CWD8-SZ8R interval=5s expires_in=1800s
[09:56:22] [CPA] [*] Device Flow: verify user_code ...
[09:56:23] [CPA] ✅ device/verify OK → https://accounts.x.ai/oauth2/device/consent?user_code=CWD8-SZ8R
[09:56:23] [CPA] [*] Device Flow: approve allow principal_id=(empty) ...
[09:56:24] [CPA] ✅ device/approve 已允许
[09:56:24] [CPA] [*] Device Flow: 轮询 access/refresh token ...
[09:56:25] [CPA] ✅ access_token (expires_in=21600s) + refresh_token
[09:56:25] [CPA] JWT bfs 检测: clean
[09:56:25] [CPA] 已写入 CPA 本地 /home/ubuntu/grok-register-panel/cpa_auth/xai-alfonso5770347fernndez_4@outlook.com.json
[09:56:25] [CPA] 已上传 CPA 远程 http://127.0.0.1:18457/.../xai-alfonso5770347fernndez_4@outlook.com.json
[09:56:25] [CPA] 已写入 Grok2API /home/ubuntu/grok-register-panel/grok2api_auth/g2a-alfonso5770347fernndez_4@outlook.com.json
[09:56:25] [+] 注册成功: alfonso5770347fernndez+4@outlook.com
[09:56:25] [结果] status=ok ip=142.249.204.75 port=1091 email=al***@outlook.com kind=success bot=0 risk=- bfs=-
[09:56:25] [*] 当前统计: 成功 120 | 失败 5 || 注册成功 120 | 注册失败 5 | SSO成功 123 | SSO失败 0 | 早期跳过 0 | G2A成功 123 | G2A失败 0 | CPA成功 120 | CPA失败 0 | 风控通过 120 | 风控 3
[09:56:25] [*] 已成功 120 个账号，执行定期清理: 关闭浏览器并清理内存
[09:56:26] [*] Python GC 已回收对象数: 25692
[09:56:26] [*] 下一个账号前等待 480 秒...
[09:57:26] [*] 账号间隔等待中… 剩余 420s / 共 480s
[09:58:26] [*] 账号间隔等待中… 剩余 360s / 共 480s
[09:59:26] [*] 账号间隔等待中… 剩余 300s / 共 480s
[10:00:27] [*] 账号间隔等待中… 剩余 240s / 共 480s
[10:01:27] [*] 账号间隔等待中… 剩余 180s / 共 480s
[10:02:27] [*] 账号间隔等待中… 剩余 120s / 共 480s
[10:03:27] [*] 账号间隔等待中… 剩余 60s / 共 480s
[10:04:26] [*] 下号代理: socks5h://109.166.36.243:1090
[10:04:26] --- 开始第 126/2000 个账号 ---
[10:04:26] [*] 1. 打开注册页 (尝试 1/3)
[10:04:31] [static-cache] enabled dir=/home/ubuntu/grok-register-panel/log/static-asset-cache hits=23587 misses=876 max_mb=1024
[10:04:31] [*] 出口IP=142.249.204.223 代理=socks5h://109.166.36.243:1090 | AS45691 | DODO-CORE - DODO K.K. | Tokyo
[10:04:31] [*] 指纹 os=windows platform=Win32 webgl=ANGLE (NVIDIA, NVIDIA GeForce GTX 980 Direct3D11 vs_5_0 ps_5_0), or similar fontsWin=True ua=Mozilla/5.0 (Windows NT 10.0; Win64; x64; rv:152.0) Gecko/20100101 Firef… leak=none
[10:04:31] [*] 浏览器已启动
[10:04:39] [*] 当前URL: https://accounts.x.ai/sign-up?redirect=grok-com
[10:04:43] [*] 已点击「使用邮箱注册」按钮（原生事件）: Sign up with email
[10:04:44] [*] 2. 创建邮箱并提交
[10:04:45] [*] 已创建邮箱: manueld4174arellano+4@outlook.com
[10:04:55] [*] 已填写邮箱并提交: manueld4174arellano+4@outlook.com (Sign up)
[10:04:55] [*] 邮箱: manueld4174arellano+4@outlook.com
[10:04:55] [*] 3. 拉取验证码
[10:04:58] [*] Outlook RT 等待验证码… 剩余 176s 邮件 5 封
[10:05:04] [*] Outlook RT 已提取验证码并完成库存记账
[10:05:07] [*] 已填写验证码并提交: 466-838
[10:05:07] [*] 验证码后页面 step=profile path=/sign-up?redirect=grok-com cf=True buttons=['Grok', 'Complete sign up', 'Go back', 'Your privacy choices']
[10:05:07] [*] 验证码: 466-838
[10:05:07] [*] 4. 填写资料
[10:05:18] [*] 等待 Cloudflare 人机验证通过后再提交... 当前token长度=0
[10:05:21] [*] 提交前仍卡住，自动再次复用 Turnstile...
[10:05:21] [*] 尝试点击 Turnstile...
[10:05:22] [*] 已点击 Turnstile frame body (24, 32)
[10:05:27] [*] Turnstile 已通过，token长度=709
[10:05:27] [*] Turnstile 二次复用完成，回填长度=709
[10:05:30] [*] 已点击资料提交: Neo Peng
[10:05:30] [*] 提交后页面 step=profile path=/sign-up?redirect=grok-com hint=You are signing into Grok Complete your sign up manueld4174arellano+4@outlook.com First name Last name Password Complete sign upGo back By c
[10:05:37] [*] 提交后页面 step=unknown path=/account hint=((a,b,c,d,e,f,g,h)=>{let i=document.documentElement,j=["light","dark"];function k(b){var c;(Array.isArray(a)?a:[a]).forEach(a=>{let c="class
[10:05:37] [*] 提交后页面 step=unknown path=/account hint=SpaceXAI Toggle theme NP Welcome, Neo. Manage your account. Account Security Sessions Data Return to Redirecting You are being redirected, p
[10:05:41] [*] 提交后页面 step=probe-error path=https://accounts.x.ai/account hint=Page.evaluate: Execution context was destroyed, most likely because of a navigation
[10:05:44] [*] 资料已填: Neo Peng
[10:05:44] [*] registered_emails 已更新: manueld4174arellano+4@outlook.com sso=empty
[10:05:44] [*] 5. 等待 sso cookie
[10:05:44] [*] 等待 sso 中... 已等 0s，剩余 29s | url=https://grok.com/
[10:05:45] [*] 已获取到 sso cookie
[10:05:45] [*] registered_emails 已更新: manueld4174arellano+4@outlook.com sso=yes
[10:05:45] [*] grok2api Web SSO 上传尝试 1/3
[10:05:45] [*] grok2api 远端上传：登录管理后台（直连，不走代理）
[10:05:45] [+] grok2api 远端登录成功
[10:05:45] [*] grok2api 远端上传：调用 Web SSO 导入接口（直连）
[10:05:46] 【推送Grok2API 成功】
[10:05:46] [+] 已上传 Web SSO: 新增=1, 更新=0, 同步=1, 失败=0
[10:05:46] [*] grok2api Console SSO 上传尝试 1/3
[10:05:46] [*] grok2api 远端上传：登录管理后台（直连，不走代理）
[10:05:46] [+] grok2api 远端登录成功
[10:05:46] [*] grok2api 远端上传：调用 Console SSO 导入接口（直连）
[10:05:47] 【推送Grok2API 成功】
[10:05:47] [+] 已上传 Console SSO: 新增=1, 更新=0, 同步=1, 失败=0
[10:05:47] [风控] 检查新账号注册风控状态 ...
[10:05:49] [风控] 未读取到注册风控字段，继续 OAuth: grok.com 未发现 botFlag 字段
[10:05:49] [CPA] SSO → 协议 Device Flow 换 token (proxy=socks5h://109.166.36.243:1090) ...
[10:05:49] [CPA] [*] 尝试协议 Device Flow 换 token ...
[10:05:50] [CPA] ✅ sso 有效（协议路径）
[10:05:50] [CPA] 🔑 Device Flow: 申请 device_code / user_code ...
[10:05:51] [CPA] [*] user_code=ZSKM-3GKB interval=5s expires_in=1800s
[10:05:52] [CPA] [*] Device Flow: verify user_code ...
[10:05:53] [CPA] ✅ device/verify OK → https://accounts.x.ai/oauth2/device/consent?user_code=ZSKM-3GKB
[10:05:53] [CPA] [*] Device Flow: approve allow principal_id=(empty) ...
[10:05:54] [CPA] ✅ device/approve 已允许
[10:05:54] [CPA] [*] Device Flow: 轮询 access/refresh token ...
[10:05:54] [CPA] ✅ access_token (expires_in=21600s) + refresh_token
[10:05:54] [CPA] JWT bfs 检测: clean
[10:05:54] [CPA] 已写入 CPA 本地 /home/ubuntu/grok-register-panel/cpa_auth/xai-manueld4174arellano_4@outlook.com.json
[10:05:54] [CPA] 已上传 CPA 远程 http://127.0.0.1:18457/.../xai-manueld4174arellano_4@outlook.com.json
[10:05:54] [CPA] 已写入 Grok2API /home/ubuntu/grok-register-panel/grok2api_auth/g2a-manueld4174arellano_4@outlook.com.json
[10:05:54] [+] 注册成功: manueld4174arellano+4@outlook.com
[10:05:54] [结果] status=ok ip=142.249.204.223 port=1090 email=ma***@outlook.com kind=success bot=0 risk=- bfs=-
[10:05:54] [*] 当前统计: 成功 121 | 失败 5 || 注册成功 121 | 注册失败 5 | SSO成功 124 | SSO失败 0 | 早期跳过 0 | G2A成功 124 | G2A失败 0 | CPA成功 121 | CPA失败 0 | 风控通过 121 | 风控 3
[10:05:56] [*] 下一个账号前等待 480 秒...
[10:06:56] [*] 账号间隔等待中… 剩余 420s / 共 480s
[10:07:56] [*] 账号间隔等待中… 剩余 360s / 共 480s
[10:08:56] [*] 账号间隔等待中… 剩余 300s / 共 480s
[10:09:56] [*] 账号间隔等待中… 剩余 240s / 共 480s
[10:10:56] [*] 账号间隔等待中… 剩余 180s / 共 480s
[10:11:56] [*] 账号间隔等待中… 剩余 120s / 共 480s
[10:12:56] [*] 账号间隔等待中… 剩余 60s / 共 480s
[10:13:56] [*] 下号代理: socks5h://15.204.89.179:1178
[10:13:56] --- 开始第 127/2000 个账号 ---
[10:13:56] [*] 1. 打开注册页 (尝试 1/3)
[10:14:00] [static-cache] enabled dir=/home/ubuntu/grok-register-panel/log/static-asset-cache hits=23830 misses=876 max_mb=1024
[10:14:00] [*] 出口IP=12.104.4.66 代理=socks5h://15.204.89.179:1178 | AS7018 | AT&T Enterprises, LLC | Boston
[10:14:00] [*] 指纹 os=windows platform=Win32 webgl=ANGLE (Intel, Intel(R) HD Graphics 400 Direct3D11 vs_5_0 ps_5_0), or similar fontsWin=True ua=Mozilla/5.0 (Windows NT 10.0; Win64; x64; rv:152.0) Gecko/20100101 Firef… leak=none
[10:14:00] [*] 浏览器已启动
[10:14:08] [*] 当前URL: https://accounts.x.ai/sign-up?redirect=grok-com
[10:14:11] [*] 已点击「使用邮箱注册」按钮（原生事件）: Sign up with email
[10:14:12] [*] 2. 创建邮箱并提交
[10:14:13] [*] 已创建邮箱: bently96441ilavoie+4@outlook.com
[10:14:23] [*] 已填写邮箱并提交: bently96441ilavoie+4@outlook.com (Sign up)
[10:14:23] [*] 邮箱: bently96441ilavoie+4@outlook.com
[10:14:23] [*] 3. 拉取验证码
[10:14:26] [*] Outlook RT 等待验证码… 剩余 176s 邮件 5 封
[10:14:31] [*] Outlook RT 已提取验证码并完成库存记账
[10:14:34] [*] 已填写验证码并提交: 303-000
[10:14:34] [*] 验证码后页面 step=profile path=/sign-up?redirect=grok-com cf=True buttons=['Grok', 'Complete sign up', 'Go back', 'Your privacy choices']
[10:14:34] [*] 验证码: 303-000
[10:14:34] [*] 4. 填写资料
[10:14:47] [*] 已点击资料提交: Colin Chen
[10:14:47] [*] 提交后页面 step=profile path=/sign-up?redirect=grok-com hint=You are signing into Grok Complete your sign up bently96441ilavoie+4@outlook.com First name Last name Password Complete sign upGo back By co
[10:14:53] [*] 提交后页面 step=unknown path=/account hint=((a,b,c,d,e,f,g,h)=>{let i=document.documentElement,j=["light","dark"];function k(b){var c;(Array.isArray(a)?a:[a]).forEach(a=>{let c="class
[10:14:53] [*] 提交后页面 step=unknown path=/account hint=SpaceXAI Toggle theme CC Welcome, Colin. Manage your account. Account Security Sessions Data Return to Redirecting You are being redirected,
[10:14:56] [*] 提交后页面 step=probe-error path=https://accounts.x.ai/account hint=Page.evaluate: Execution context was destroyed, most likely because of a navigation
[10:14:59] [*] 提交后页面 step=unknown path=/ hint=Skip to main content
[10:14:59] [*] 资料已填: Colin Chen
[10:14:59] [*] registered_emails 已更新: bently96441ilavoie+4@outlook.com sso=empty
[10:14:59] [*] 5. 等待 sso cookie
[10:14:59] [*] 等待 sso 中... 已等 0s，剩余 29s | url=https://grok.com/
[10:14:59] [*] 已获取到 sso cookie
[10:14:59] [*] registered_emails 已更新: bently96441ilavoie+4@outlook.com sso=yes
[10:14:59] [*] grok2api Web SSO 上传尝试 1/3
[10:14:59] [*] grok2api 远端上传：登录管理后台（直连，不走代理）
[10:14:59] [+] grok2api 远端登录成功
[10:14:59] [*] grok2api 远端上传：调用 Web SSO 导入接口（直连）
[10:15:00] 【推送Grok2API 成功】
[10:15:00] [+] 已上传 Web SSO: 新增=1, 更新=0, 同步=1, 失败=0
[10:15:00] [*] grok2api Console SSO 上传尝试 1/3
[10:15:00] [*] grok2api 远端上传：登录管理后台（直连，不走代理）
[10:15:01] [+] grok2api 远端登录成功
[10:15:01] [*] grok2api 远端上传：调用 Console SSO 导入接口（直连）
[10:15:01] 【推送Grok2API 成功】
[10:15:01] [+] 已上传 Console SSO: 新增=1, 更新=0, 同步=1, 失败=0
[10:15:01] [风控] 检查新账号注册风控状态 ...
[10:15:02] [风控] 未读取到注册风控字段，继续 OAuth: grok.com 未发现 botFlag 字段
[10:15:02] [CPA] SSO → 协议 Device Flow 换 token (proxy=socks5h://15.204.89.179:1178) ...
[10:15:02] [CPA] [*] 尝试协议 Device Flow 换 token ...
[10:15:03] [CPA] ✅ sso 有效（协议路径）
[10:15:03] [CPA] 🔑 Device Flow: 申请 device_code / user_code ...
[10:15:04] [CPA] [*] user_code=2F6P-SQ7M interval=5s expires_in=1800s
[10:15:04] [CPA] [*] Device Flow: verify user_code ...
[10:15:05] [CPA] ✅ device/verify OK → https://accounts.x.ai/oauth2/device/consent?user_code=2F6P-SQ7M
[10:15:05] [CPA] [*] Device Flow: approve allow principal_id=(empty) ...
[10:15:05] [CPA] ✅ device/approve 已允许
[10:15:05] [CPA] [*] Device Flow: 轮询 access/refresh token ...
[10:15:05] [CPA] ✅ access_token (expires_in=21600s) + refresh_token
[10:15:05] [CPA] JWT bfs 检测: clean
[10:15:05] [CPA] 已写入 CPA 本地 /home/ubuntu/grok-register-panel/cpa_auth/xai-bently96441ilavoie_4@outlook.com.json
[10:15:05] [CPA] 已上传 CPA 远程 http://127.0.0.1:18457/.../xai-bently96441ilavoie_4@outlook.com.json
[10:15:05] [CPA] 已写入 Grok2API /home/ubuntu/grok-register-panel/grok2api_auth/g2a-bently96441ilavoie_4@outlook.com.json
[10:15:06] [+] 注册成功: bently96441ilavoie+4@outlook.com
[10:15:06] [结果] status=ok ip=12.104.4.66 port=1178 email=be***@outlook.com kind=success bot=0 risk=- bfs=-
[10:15:06] [*] 当前统计: 成功 122 | 失败 5 || 注册成功 122 | 注册失败 5 | SSO成功 125 | SSO失败 0 | 早期跳过 0 | G2A成功 125 | G2A失败 0 | CPA成功 122 | CPA失败 0 | 风控通过 122 | 风控 3
[10:15:07] [*] 下一个账号前等待 480 秒...
[10:16:07] [*] 账号间隔等待中… 剩余 420s / 共 480s
[10:17:07] [*] 账号间隔等待中… 剩余 360s / 共 480s
[10:18:07] [*] 账号间隔等待中… 剩余 300s / 共 480s
[10:19:07] [*] 账号间隔等待中… 剩余 240s / 共 480s
[10:20:07] [*] 账号间隔等待中… 剩余 180s / 共 480s
[10:21:07] [*] 账号间隔等待中… 剩余 120s / 共 480s
[10:22:07] [*] 账号间隔等待中… 剩余 60s / 共 480s
[10:23:07] [*] 下号代理: socks5h://109.166.36.243:1092
[10:23:07] --- 开始第 128/2000 个账号 ---
[10:23:07] [*] 1. 打开注册页 (尝试 1/3)
[10:23:14] [static-cache] enabled dir=/home/ubuntu/grok-register-panel/log/static-asset-cache hits=24073 misses=876 max_mb=1024
[10:23:14] [*] 出口IP=142.249.204.224 代理=socks5h://109.166.36.243:1092 | AS45691 | DODO-CORE - DODO K.K. | Tokyo
[10:23:15] [*] 指纹 os=windows platform=Win32 webgl=ANGLE (Intel, Intel(R) HD Graphics 400 Direct3D11 vs_5_0 ps_5_0), or similar fontsWin=True ua=Mozilla/5.0 (Windows NT 10.0; Win64; x64; rv:152.0) Gecko/20100101 Firef… leak=none
[10:23:15] [*] 浏览器已启动
[10:23:25] [*] 当前URL: https://accounts.x.ai/sign-up?redirect=grok-com
[10:23:31] [*] 已点击「使用邮箱注册」按钮（原生事件）: Sign up with email
[10:23:32] [*] 2. 创建邮箱并提交
[10:23:33] [*] 已创建邮箱: marilise98467pdesouza+4@outlook.com
[10:23:47] [*] 已填写邮箱并提交: marilise98467pdesouza+4@outlook.com (Sign up)
[10:23:47] [*] 邮箱: marilise98467pdesouza+4@outlook.com
[10:23:47] [*] 3. 拉取验证码
[10:23:50] [*] Outlook RT 等待验证码… 剩余 176s 邮件 5 封
[10:23:55] [*] Outlook RT 已提取验证码并完成库存记账
[10:23:59] [*] 已填写验证码并提交: 903-656
[10:23:59] [*] 验证码后页面 step=profile path=/sign-up?redirect=grok-com cf=True buttons=['Grok', 'Complete sign up', 'Go back', 'Your privacy choices']
[10:23:59] [*] 验证码: 903-656
[10:23:59] [*] 4. 填写资料
[10:24:16] [*] 已点击资料提交: Kai Lu
[10:24:16] [*] 提交后页面 step=profile path=/sign-up?redirect=grok-com hint=You are signing into Grok Complete your sign up marilise98467pdesouza+4@outlook.com First name Last name Password Complete sign upGo back By
[10:24:24] [*] 提交后页面 step=unknown path=/account hint=((a,b,c,d,e,f,g,h)=>{let i=document.documentElement,j=["light","dark"];function k(b){var c;(Array.isArray(a)?a:[a]).forEach(a=>{let c="class
[10:24:25] [*] 提交后页面 step=unknown path=/account hint=SpaceXAI Toggle theme KL Welcome, Kai. Manage your account. Account Security Sessions Data Return to Redirecting You are being redirected, p
[10:24:28] [*] 资料已填: Kai Lu
[10:24:28] [*] registered_emails 已更新: marilise98467pdesouza+4@outlook.com sso=empty
[10:24:28] [*] 5. 等待 sso cookie
[10:24:28] [*] 等待 sso 中... 已等 0s，剩余 29s | url=https://accounts.x.ai/account
[10:24:28] [*] 已获取到 sso cookie
[10:24:28] [*] registered_emails 已更新: marilise98467pdesouza+4@outlook.com sso=yes
[10:24:28] [*] grok2api Web SSO 上传尝试 1/3
[10:24:28] [*] grok2api 远端上传：登录管理后台（直连，不走代理）
[10:24:28] [+] grok2api 远端登录成功
[10:24:28] [*] grok2api 远端上传：调用 Web SSO 导入接口（直连）
[10:24:31] 【推送Grok2API 成功】
[10:24:31] [+] 已上传 Web SSO: 新增=1, 更新=0, 同步=1, 失败=0
[10:24:31] [*] grok2api Console SSO 上传尝试 1/3
[10:24:31] [*] grok2api 远端上传：登录管理后台（直连，不走代理）
[10:24:31] [+] grok2api 远端登录成功
[10:24:31] [*] grok2api 远端上传：调用 Console SSO 导入接口（直连）
[10:24:32] 【推送Grok2API 成功】
[10:24:32] [+] 已上传 Console SSO: 新增=1, 更新=0, 同步=1, 失败=0
[10:24:32] [风控] 检查新账号注册风控状态 ...
[10:24:34] [风控] 未读取到注册风控字段，继续 OAuth: grok.com 未发现 botFlag 字段
[10:24:34] [CPA] SSO → 协议 Device Flow 换 token (proxy=socks5h://109.166.36.243:1092) ...
[10:24:34] [CPA] [*] 尝试协议 Device Flow 换 token ...
[10:24:35] [CPA] ✅ sso 有效（协议路径）
[10:24:35] [CPA] 🔑 Device Flow: 申请 device_code / user_code ...
[10:24:36] [CPA] [*] user_code=CDEC-T9WR interval=5s expires_in=1800s
[10:24:37] [CPA] [*] Device Flow: verify user_code ...
[10:24:38] [CPA] ✅ device/verify OK → https://accounts.x.ai/oauth2/device/consent?user_code=CDEC-T9WR
[10:24:38] [CPA] [*] Device Flow: approve allow principal_id=(empty) ...
[10:24:39] [CPA] ✅ device/approve 已允许
[10:24:39] [CPA] [*] Device Flow: 轮询 access/refresh token ...
[10:24:39] [CPA] ✅ access_token (expires_in=21600s) + refresh_token
[10:24:39] [CPA] JWT bfs 检测: clean
[10:24:39] [CPA] 已写入 CPA 本地 /home/ubuntu/grok-register-panel/cpa_auth/xai-marilise98467pdesouza_4@outlook.com.json
[10:24:40] [CPA] 已上传 CPA 远程 http://127.0.0.1:18457/.../xai-marilise98467pdesouza_4@outlook.com.json
[10:24:40] [CPA] 已写入 Grok2API /home/ubuntu/grok-register-panel/grok2api_auth/g2a-marilise98467pdesouza_4@outlook.com.json
[10:24:40] [+] 注册成功: marilise98467pdesouza+4@outlook.com
[10:24:40] [结果] status=ok ip=142.249.204.224 port=1092 email=ma***@outlook.com kind=success bot=0 risk=- bfs=-
[10:24:40] [*] 当前统计: 成功 123 | 失败 5 || 注册成功 123 | 注册失败 5 | SSO成功 126 | SSO失败 0 | 早期跳过 0 | G2A成功 126 | G2A失败 0 | CPA成功 123 | CPA失败 0 | 风控通过 123 | 风控 3
[10:24:41] [*] 下一个账号前等待 480 秒...
[10:25:41] [*] 账号间隔等待中… 剩余 420s / 共 480s
[10:26:42] [*] 账号间隔等待中… 剩余 360s / 共 480s
[10:27:42] [*] 账号间隔等待中… 剩余 300s / 共 480s
[10:28:42] [*] 账号间隔等待中… 剩余 240s / 共 480s
[10:29:42] [*] 账号间隔等待中… 剩余 180s / 共 480s
[10:30:42] [*] 账号间隔等待中… 剩余 120s / 共 480s
[10:31:42] [*] 账号间隔等待中… 剩余 60s / 共 480s
[10:32:41] [*] 下号代理: socks5h://15.204.89.179:1191
[10:32:41] --- 开始第 129/2000 个账号 ---
[10:32:41] [*] 1. 打开注册页 (尝试 1/3)
[10:32:49] [static-cache] enabled dir=/home/ubuntu/grok-register-panel/log/static-asset-cache hits=24176 misses=876 max_mb=1024
[10:32:49] [*] 出口IP=12.104.4.97 代理=socks5h://15.204.89.179:1191 | AS7018 | AT&T Enterprises, LLC | Boston
[10:32:49] [*] 指纹 os=windows platform=Win32 webgl=ANGLE (Intel, Intel(R) HD Graphics Direct3D11 vs_5_0 ps_5_0), or similar fontsWin=True ua=Mozilla/5.0 (Windows NT 10.0; Win64; x64; rv:152.0) Gecko/20100101 Firef… leak=none
[10:32:49] [*] 浏览器已启动
[10:32:56] [*] 当前URL: https://accounts.x.ai/sign-up?redirect=grok-com
[10:33:00] [*] 已点击「使用邮箱注册」按钮（原生事件）: Sign up with email
[10:33:01] [*] 2. 创建邮箱并提交
[10:33:02] [*] 已创建邮箱: guy3416768hughes+4@outlook.com
[10:33:13] [*] 已填写邮箱并提交: guy3416768hughes+4@outlook.com (Sign up)
[10:33:13] [*] 邮箱: guy3416768hughes+4@outlook.com
[10:33:13] [*] 3. 拉取验证码
[10:33:17] [*] Outlook RT 等待验证码… 剩余 176s 邮件 5 封
[10:33:22] [*] Outlook RT 已提取验证码并完成库存记账
[10:33:25] [*] 已填写验证码并提交: 974-040
[10:33:25] [*] 验证码后页面 step=profile path=/sign-up?redirect=grok-com cf=True buttons=['Grok', 'Complete sign up', 'Go back', 'Your privacy choices']
[10:33:25] [*] 验证码: 974-040
[10:33:25] [*] 4. 填写资料
[10:33:38] [*] 已点击资料提交: Caleb Guo
[10:33:38] [*] 提交后页面 step=profile path=/sign-up?redirect=grok-com hint=You are signing into Grok Complete your sign up guy3416768hughes+4@outlook.com First name Last name Password Complete sign upGo back By cont
[10:33:44] [*] 提交后页面 step=unknown path=/account hint=((a,b,c,d,e,f,g,h)=>{let i=document.documentElement,j=["light","dark"];function k(b){var c;(Array.isArray(a)?a:[a]).forEach(a=>{let c="class
[10:33:45] [*] 提交后页面 step=unknown path=/account hint=SpaceXAI Toggle theme CG Welcome, Caleb. Manage your account. Account Security Sessions Data Return to Redirecting You are being redirected,
[10:33:48] [*] 提交后页面 step=probe-error path=https://accounts.x.ai/account hint=Page.evaluate: Execution context was destroyed, most likely because of a navigation
[10:33:51] [*] 资料已填: Caleb Guo
[10:33:51] [*] registered_emails 已更新: guy3416768hughes+4@outlook.com sso=empty
[10:33:51] [*] 5. 等待 sso cookie
[10:33:51] [*] 等待 sso 中... 已等 0s，剩余 29s | url=https://grok.com/
[10:33:51] [*] 已获取到 sso cookie
[10:33:52] [*] registered_emails 已更新: guy3416768hughes+4@outlook.com sso=yes
[10:33:52] [*] grok2api Web SSO 上传尝试 1/3
[10:33:52] [*] grok2api 远端上传：登录管理后台（直连，不走代理）
[10:33:52] [+] grok2api 远端登录成功
[10:33:52] [*] grok2api 远端上传：调用 Web SSO 导入接口（直连）
[10:33:53] 【推送Grok2API 成功】
[10:33:53] [+] 已上传 Web SSO: 新增=1, 更新=0, 同步=1, 失败=0
[10:33:53] [*] grok2api Console SSO 上传尝试 1/3
[10:33:53] [*] grok2api 远端上传：登录管理后台（直连，不走代理）
[10:33:53] [+] grok2api 远端登录成功
[10:33:53] [*] grok2api 远端上传：调用 Console SSO 导入接口（直连）
[10:33:54] 【推送Grok2API 成功】
[10:33:54] [+] 已上传 Console SSO: 新增=1, 更新=0, 同步=1, 失败=0
[10:33:54] [风控] 检查新账号注册风控状态 ...
[10:33:55] [风控] 未读取到注册风控字段，继续 OAuth: grok.com 未发现 botFlag 字段
[10:33:55] [CPA] SSO → 协议 Device Flow 换 token (proxy=socks5h://15.204.89.179:1191) ...
[10:33:55] [CPA] [*] 尝试协议 Device Flow 换 token ...
[10:33:56] [CPA] ✅ sso 有效（协议路径）
[10:33:56] [CPA] 🔑 Device Flow: 申请 device_code / user_code ...
[10:33:57] [CPA] [*] user_code=JTZN-5VRQ interval=5s expires_in=1800s
[10:33:58] [CPA] [*] Device Flow: verify user_code ...
[10:33:58] [CPA] ✅ device/verify OK → https://accounts.x.ai/oauth2/device/consent?user_code=JTZN-5VRQ
[10:33:58] [CPA] [*] Device Flow: approve allow principal_id=(empty) ...
[10:33:59] [CPA] ✅ device/approve 已允许
[10:33:59] [CPA] [*] Device Flow: 轮询 access/refresh token ...
[10:33:59] [CPA] ✅ access_token (expires_in=21600s) + refresh_token
[10:33:59] [CPA] JWT bfs 检测: clean
[10:33:59] [CPA] 已写入 CPA 本地 /home/ubuntu/grok-register-panel/cpa_auth/xai-guy3416768hughes_4@outlook.com.json
[10:33:59] [CPA] 已上传 CPA 远程 http://127.0.0.1:18457/.../xai-guy3416768hughes_4@outlook.com.json
[10:33:59] [CPA] 已写入 Grok2API /home/ubuntu/grok-register-panel/grok2api_auth/g2a-guy3416768hughes_4@outlook.com.json
[10:33:59] [+] 注册成功: guy3416768hughes+4@outlook.com
[10:33:59] [结果] status=ok ip=12.104.4.97 port=1191 email=gu***@outlook.com kind=success bot=0 risk=- bfs=-
[10:33:59] [*] 当前统计: 成功 124 | 失败 5 || 注册成功 124 | 注册失败 5 | SSO成功 127 | SSO失败 0 | 早期跳过 0 | G2A成功 127 | G2A失败 0 | CPA成功 124 | CPA失败 0 | 风控通过 124 | 风控 3
[10:34:01] [*] 下一个账号前等待 480 秒...
[10:35:01] [*] 账号间隔等待中… 剩余 420s / 共 480s
[10:36:01] [*] 账号间隔等待中… 剩余 360s / 共 480s
[10:37:01] [*] 账号间隔等待中… 剩余 300s / 共 480s
[10:38:01] [*] 账号间隔等待中… 剩余 240s / 共 480s
[10:39:01] [*] 账号间隔等待中… 剩余 180s / 共 480s
[10:40:01] [*] 账号间隔等待中… 剩余 120s / 共 480s
[10:41:01] [*] 账号间隔等待中… 剩余 60s / 共 480s
[10:42:01] [*] 下号代理: socks5h://109.166.36.243:1091
[10:42:01] --- 开始第 130/2000 个账号 ---
[10:42:01] [*] 1. 打开注册页 (尝试 1/3)
[10:42:06] [static-cache] enabled dir=/home/ubuntu/grok-register-panel/log/static-asset-cache hits=24419 misses=876 max_mb=1024
[10:42:06] [*] 出口IP=142.249.204.75 代理=socks5h://109.166.36.243:1091 | AS45691 | DODO-CORE - DODO K.K. | Tokyo
[10:42:06] [*] 指纹 os=windows platform=Win32 webgl=ANGLE (NVIDIA, NVIDIA GeForce GTX 980 Direct3D11 vs_5_0 ps_5_0), or similar fontsWin=True ua=Mozilla/5.0 (Windows NT 10.0; Win64; x64; rv:152.0) Gecko/20100101 Firef… leak=none
[10:42:06] [*] 浏览器已启动
[10:42:13] [*] 当前URL: https://accounts.x.ai/sign-up?redirect=grok-com
[10:42:18] [*] 已点击「使用邮箱注册」按钮（原生事件）: Sign up with email
[10:42:18] [*] 2. 创建邮箱并提交
[10:42:20] [*] 已创建邮箱: elmerl1370simmons+4@outlook.com
[10:42:29] [*] 已填写邮箱并提交: elmerl1370simmons+4@outlook.com (Sign up)
[10:42:29] [*] 邮箱: elmerl1370simmons+4@outlook.com
[10:42:29] [*] 3. 拉取验证码
[10:42:33] [*] Outlook RT 已提取验证码并完成库存记账
[10:42:37] [*] 已填写验证码并提交: 600-625
[10:42:37] [*] 验证码后页面 step=profile path=/sign-up?redirect=grok-com cf=True buttons=['Grok', 'Complete sign up', 'Go back', 'Your privacy choices']
[10:42:37] [*] 验证码: 600-625
[10:42:37] [*] 4. 填写资料
[10:42:50] [*] 已点击资料提交: Marcus He
[10:42:50] [*] 提交后页面 step=profile path=/sign-up?redirect=grok-com hint=You are signing into Grok Complete your sign up elmerl1370simmons+4@outlook.com First name Last name Password Complete sign upGo back By con
[10:42:59] [*] 提交后页面 step=unknown path=/account hint=((a,b,c,d,e,f,g,h)=>{let i=document.documentElement,j=["light","dark"];function k(b){var c;(Array.isArray(a)?a:[a]).forEach(a=>{let c="class
[10:43:00] [*] 提交后页面 step=unknown path=/account hint=SpaceXAI Toggle theme MH Welcome, Marcus. Manage your account. Account Security Sessions Data Return to Redirecting You are being redirected
[10:43:03] [*] 资料已填: Marcus He
[10:43:03] [*] registered_emails 已更新: elmerl1370simmons+4@outlook.com sso=empty
[10:43:03] [*] 5. 等待 sso cookie
[10:43:03] [*] 等待 sso 中... 已等 0s，剩余 29s | url=https://accounts.x.ai/account
[10:43:03] [*] 已获取到 sso cookie
[10:43:03] [*] registered_emails 已更新: elmerl1370simmons+4@outlook.com sso=yes
[10:43:03] [*] grok2api Web SSO 上传尝试 1/3
[10:43:03] [*] grok2api 远端上传：登录管理后台（直连，不走代理）
[10:43:04] [+] grok2api 远端登录成功
[10:43:04] [*] grok2api 远端上传：调用 Web SSO 导入接口（直连）
[10:43:05] 【推送Grok2API 成功】
[10:43:05] [+] 已上传 Web SSO: 新增=1, 更新=0, 同步=1, 失败=0
[10:43:05] [*] grok2api Console SSO 上传尝试 1/3
[10:43:05] [*] grok2api 远端上传：登录管理后台（直连，不走代理）
[10:43:05] [+] grok2api 远端登录成功
[10:43:05] [*] grok2api 远端上传：调用 Console SSO 导入接口（直连）
[10:43:05] 【推送Grok2API 成功】
[10:43:05] [+] 已上传 Console SSO: 新增=1, 更新=0, 同步=1, 失败=0
[10:43:05] [风控] 检查新账号注册风控状态 ...
[10:43:07] [风控] 未读取到注册风控字段，继续 OAuth: grok.com 未发现 botFlag 字段
[10:43:07] [CPA] SSO → 协议 Device Flow 换 token (proxy=socks5h://109.166.36.243:1091) ...
[10:43:07] [CPA] [*] 尝试协议 Device Flow 换 token ...
[10:43:09] [CPA] ✅ sso 有效（协议路径）
[10:43:09] [CPA] 🔑 Device Flow: 申请 device_code / user_code ...
[10:43:10] [CPA] [*] user_code=FCJ5-DANB interval=5s expires_in=1800s
[10:43:10] [CPA] [*] Device Flow: verify user_code ...
[10:43:11] [CPA] ✅ device/verify OK → https://accounts.x.ai/oauth2/device/consent?user_code=FCJ5-DANB
[10:43:11] [CPA] [*] Device Flow: approve allow principal_id=(empty) ...
[10:43:12] [CPA] ✅ device/approve 已允许
[10:43:12] [CPA] [*] Device Flow: 轮询 access/refresh token ...
[10:43:12] [CPA] ✅ access_token (expires_in=21600s) + refresh_token
[10:43:12] [CPA] JWT bfs 检测: clean
[10:43:12] [CPA] 已写入 CPA 本地 /home/ubuntu/grok-register-panel/cpa_auth/xai-elmerl1370simmons_4@outlook.com.json
[10:43:12] [CPA] 已上传 CPA 远程 http://127.0.0.1:18457/.../xai-elmerl1370simmons_4@outlook.com.json
[10:43:12] [CPA] 已写入 Grok2API /home/ubuntu/grok-register-panel/grok2api_auth/g2a-elmerl1370simmons_4@outlook.com.json
[10:43:12] [+] 注册成功: elmerl1370simmons+4@outlook.com
[10:43:12] [结果] status=ok ip=142.249.204.75 port=1091 email=el***@outlook.com kind=success bot=0 risk=- bfs=-
[10:43:12] [*] 当前统计: 成功 125 | 失败 5 || 注册成功 125 | 注册失败 5 | SSO成功 128 | SSO失败 0 | 早期跳过 0 | G2A成功 128 | G2A失败 0 | CPA成功 125 | CPA失败 0 | 风控通过 125 | 风控 3
[10:43:12] [*] 已成功 125 个账号，执行定期清理: 关闭浏览器并清理内存
[10:43:13] [*] Python GC 已回收对象数: 18777
[10:43:14] [*] 下一个账号前等待 480 秒...
[10:44:14] [*] 账号间隔等待中… 剩余 420s / 共 480s
[10:45:14] [*] 账号间隔等待中… 剩余 360s / 共 480s
[10:46:14] [*] 账号间隔等待中… 剩余 300s / 共 480s
[10:47:14] [*] 账号间隔等待中… 剩余 240s / 共 480s
[10:48:14] [*] 账号间隔等待中… 剩余 180s / 共 480s
[10:49:14] [*] 账号间隔等待中… 剩余 120s / 共 480s
[10:50:14] [*] 账号间隔等待中… 剩余 60s / 共 480s
[10:51:14] [*] 下号代理: socks5h://109.166.36.243:1090
[10:51:14] --- 开始第 131/2000 个账号 ---
[10:51:14] [*] 1. 打开注册页 (尝试 1/3)
[10:51:18] [static-cache] enabled dir=/home/ubuntu/grok-register-panel/log/static-asset-cache hits=24522 misses=876 max_mb=1024
[10:51:18] [*] 出口IP=142.249.204.223 代理=socks5h://109.166.36.243:1090 | AS45691 | DODO-CORE - DODO K.K. | Tokyo
[10:51:18] [*] 指纹 os=windows platform=Win32 webgl=ANGLE (Intel, Intel(R) HD Graphics 400 Direct3D11 vs_5_0 ps_5_0), or similar fontsWin=True ua=Mozilla/5.0 (Windows NT 10.0; Win64; x64; rv:152.0) Gecko/20100101 Firef… leak=none
[10:51:18] [*] 浏览器已启动
[10:51:25] [*] 当前URL: https://accounts.x.ai/sign-up?redirect=grok-com
[10:51:29] [*] 已点击「使用邮箱注册」按钮（原生事件）: Sign up with email
[10:51:30] [*] 2. 创建邮箱并提交
[10:51:31] [*] 已创建邮箱: pjxjdodfvpdikj+4@outlook.com
[10:51:40] [*] 已填写邮箱并提交: pjxjdodfvpdikj+4@outlook.com (Sign up)
[10:51:40] [*] 邮箱: pjxjdodfvpdikj+4@outlook.com
[10:51:40] [*] 3. 拉取验证码
[10:51:45] [*] Outlook RT 等待验证码… 剩余 175s 邮件 16 封
[10:51:51] [*] Outlook RT 已提取验证码并完成库存记账
[10:51:54] [*] 已填写验证码并提交: 618-341
[10:51:54] [*] 验证码后页面 step=profile path=/sign-up?redirect=grok-com cf=True buttons=['Grok', 'Complete sign up', 'Go back', 'Your privacy choices']
[10:51:54] [*] 验证码: 618-341
[10:51:54] [*] 4. 填写资料
[10:52:07] [*] 已点击资料提交: Liam Yao
[10:52:07] [*] 提交后页面 step=profile path=/sign-up?redirect=grok-com hint=You are signing into Grok Complete your sign up pjxjdodfvpdikj+4@outlook.com First name Last name Password Complete sign upGo back By contin
[10:52:14] [*] 提交后页面 step=unknown path=/account hint=((a,b,c,d,e,f,g,h)=>{let i=document.documentElement,j=["light","dark"];function k(b){var c;(Array.isArray(a)?a:[a]).forEach(a=>{let c="class
[10:52:15] [*] 提交后页面 step=unknown path=/account hint=SpaceXAI Toggle theme LY Welcome, Liam. Manage your account. Account Security Sessions Data Return to Redirecting You are being redirected, 
[10:52:19] [*] 资料已填: Liam Yao
[10:52:19] [*] registered_emails 已更新: pjxjdodfvpdikj+4@outlook.com sso=empty
[10:52:19] [*] 5. 等待 sso cookie
[10:52:19] [*] 等待 sso 中... 已等 0s，剩余 29s | url=https://accounts.x.ai/account
[10:52:19] [*] 已获取到 sso cookie
[10:52:19] [*] registered_emails 已更新: pjxjdodfvpdikj+4@outlook.com sso=yes
[10:52:19] [*] grok2api Web SSO 上传尝试 1/3
[10:52:19] [*] grok2api 远端上传：登录管理后台（直连，不走代理）
[10:52:20] [+] grok2api 远端登录成功
[10:52:20] [*] grok2api 远端上传：调用 Web SSO 导入接口（直连）
[10:52:21] 【推送Grok2API 成功】
[10:52:21] [+] 已上传 Web SSO: 新增=1, 更新=0, 同步=1, 失败=0
[10:52:21] [*] grok2api Console SSO 上传尝试 1/3
[10:52:21] [*] grok2api 远端上传：登录管理后台（直连，不走代理）
[10:52:21] [+] grok2api 远端登录成功
[10:52:21] [*] grok2api 远端上传：调用 Console SSO 导入接口（直连）
[10:52:21] 【推送Grok2API 成功】
[10:52:21] [+] 已上传 Console SSO: 新增=1, 更新=0, 同步=1, 失败=0
[10:52:21] [风控] 检查新账号注册风控状态 ...
[10:52:23] [风控] 未读取到注册风控字段，继续 OAuth: grok.com 未发现 botFlag 字段
[10:52:23] [CPA] SSO → 协议 Device Flow 换 token (proxy=socks5h://109.166.36.243:1090) ...
[10:52:23] [CPA] [*] 尝试协议 Device Flow 换 token ...
[10:52:25] [CPA] ✅ sso 有效（协议路径）
[10:52:25] [CPA] 🔑 Device Flow: 申请 device_code / user_code ...
[10:52:27] [CPA] [*] user_code=QPVV-YSEY interval=5s expires_in=1800s
[10:52:28] [CPA] [*] Device Flow: verify user_code ...
[10:52:29] [CPA] ✅ device/verify OK → https://accounts.x.ai/oauth2/device/consent?user_code=QPVV-YSEY
[10:52:29] [CPA] [*] Device Flow: approve allow principal_id=(empty) ...
[10:52:30] [CPA] ✅ device/approve 已允许
[10:52:30] [CPA] [*] Device Flow: 轮询 access/refresh token ...
[10:52:31] [CPA] ✅ access_token (expires_in=21600s) + refresh_token
[10:52:31] [CPA] JWT bfs 检测: clean
[10:52:31] [CPA] 已写入 CPA 本地 /home/ubuntu/grok-register-panel/cpa_auth/xai-pjxjdodfvpdikj_4@outlook.com.json
[10:52:31] [CPA] 已上传 CPA 远程 http://127.0.0.1:18457/.../xai-pjxjdodfvpdikj_4@outlook.com.json
[10:52:31] [CPA] 已写入 Grok2API /home/ubuntu/grok-register-panel/grok2api_auth/g2a-pjxjdodfvpdikj_4@outlook.com.json
[10:52:31] [+] 注册成功: pjxjdodfvpdikj+4@outlook.com
[10:52:31] [结果] status=ok ip=142.249.204.223 port=1090 email=pj***@outlook.com kind=success bot=0 risk=- bfs=-
[10:52:31] [*] 当前统计: 成功 126 | 失败 5 || 注册成功 126 | 注册失败 5 | SSO成功 129 | SSO失败 0 | 早期跳过 0 | G2A成功 129 | G2A失败 0 | CPA成功 126 | CPA失败 0 | 风控通过 126 | 风控 3
[10:52:32] [*] 下一个账号前等待 480 秒...
[10:53:32] [*] 账号间隔等待中… 剩余 420s / 共 480s
[10:54:32] [*] 账号间隔等待中… 剩余 360s / 共 480s
[10:55:32] [*] 账号间隔等待中… 剩余 300s / 共 480s
[10:56:32] [*] 账号间隔等待中… 剩余 240s / 共 480s
[10:57:32] [*] 账号间隔等待中… 剩余 180s / 共 480s
[10:58:32] [*] 账号间隔等待中… 剩余 120s / 共 480s
[10:59:32] [*] 账号间隔等待中… 剩余 60s / 共 480s
[11:00:32] [*] 下号代理: socks5h://15.204.89.179:1178
[11:00:32] --- 开始第 132/2000 个账号 ---
[11:00:32] [*] 1. 打开注册页 (尝试 1/3)
[11:00:37] [static-cache] enabled dir=/home/ubuntu/grok-register-panel/log/static-asset-cache hits=24626 misses=876 max_mb=1024
[11:00:37] [*] 出口IP=12.104.4.66 代理=socks5h://15.204.89.179:1178 | AS7018 | AT&T Enterprises, LLC | Boston
[11:00:37] [*] 指纹 os=windows platform=Win32 webgl=ANGLE (Intel, Intel(R) HD Graphics 400 Direct3D11 vs_5_0 ps_5_0), or similar fontsWin=True ua=Mozilla/5.0 (Windows NT 10.0; Win64; x64; rv:152.0) Gecko/20100101 Firef… leak=none
[11:00:37] [*] 浏览器已启动
[11:00:57] [static-cache] enabled dir=/home/ubuntu/grok-register-panel/log/static-asset-cache hits=24626 misses=876 max_mb=1024
[11:00:57] [*] 出口IP=12.104.4.66 代理=socks5h://15.204.89.179:1178 | AS7018 | AT&T Enterprises, LLC | Boston
[11:00:58] [*] 指纹 os=windows platform=Win32 webgl=ANGLE (AMD, Radeon R9 200 Series Direct3D11 vs_5_0 ps_5_0), or similar fontsWin=True ua=Mozilla/5.0 (Windows NT 10.0; Win64; x64; rv:152.0) Gecko/20100101 Firef… leak=none
[11:01:03] [*] 当前URL: https://accounts.x.ai/sign-up?redirect=grok-com
[11:01:09] [*] 已点击「使用邮箱注册」按钮（原生事件）: Sign up with email
[11:01:10] [*] 2. 创建邮箱并提交
[11:01:11] [*] 已创建邮箱: iajvdotldoiq+4@outlook.com
[11:01:19] [*] 已填写邮箱并提交: iajvdotldoiq+4@outlook.com (Sign up)
[11:01:19] [*] 邮箱: iajvdotldoiq+4@outlook.com
[11:01:19] [*] 3. 拉取验证码
[11:01:26] [*] Outlook RT 已提取验证码并完成库存记账
[11:01:29] [*] 已填写验证码并提交: 634-282
[11:01:29] [*] 验证码后页面 step=profile path=/sign-up?redirect=grok-com cf=True buttons=['Grok', 'Complete sign up', 'Go back', 'Your privacy choices']
[11:01:29] [*] 验证码: 634-282
[11:01:29] [*] 4. 填写资料
[11:01:43] [*] 已点击资料提交: Elio Duan
[11:01:43] [*] 提交后页面 step=profile path=/sign-up?redirect=grok-com hint=You are signing into Grok Complete your sign up iajvdotldoiq+4@outlook.com First name Last name Password Complete sign upGo back By continui
[11:01:52] [*] 提交后页面 step=unknown path=/account hint=((a,b,c,d,e,f,g,h)=>{let i=document.documentElement,j=["light","dark"];function k(b){var c;(Array.isArray(a)?a:[a]).forEach(a=>{let c="class
[11:01:52] [*] 提交后页面 step=unknown path=/account hint=SpaceXAI Toggle theme ED Welcome, Elio. Manage your account. Account Security Sessions Data Return to Redirecting You are being redirected, 
[11:01:55] [*] 资料已填: Elio Duan
[11:01:55] [*] registered_emails 已更新: iajvdotldoiq+4@outlook.com sso=empty
[11:01:55] [*] 5. 等待 sso cookie
[11:01:56] [*] 等待 sso 中... 已等 0s，剩余 29s | url=https://accounts.x.ai/account
[11:01:56] [*] 已获取到 sso cookie
[11:01:56] [*] registered_emails 已更新: iajvdotldoiq+4@outlook.com sso=yes
[11:01:56] [*] grok2api Web SSO 上传尝试 1/3
[11:01:56] [*] grok2api 远端上传：登录管理后台（直连，不走代理）
[11:01:56] [+] grok2api 远端登录成功
[11:01:56] [*] grok2api 远端上传：调用 Web SSO 导入接口（直连）
[11:01:57] 【推送Grok2API 成功】
[11:01:57] [+] 已上传 Web SSO: 新增=1, 更新=0, 同步=1, 失败=0
[11:01:57] [*] grok2api Console SSO 上传尝试 1/3
[11:01:57] [*] grok2api 远端上传：登录管理后台（直连，不走代理）
[11:01:57] [+] grok2api 远端登录成功
[11:01:57] [*] grok2api 远端上传：调用 Console SSO 导入接口（直连）
[11:01:58] 【推送Grok2API 成功】
[11:01:58] [+] 已上传 Console SSO: 新增=1, 更新=0, 同步=1, 失败=0
[11:01:58] [风控] 检查新账号注册风控状态 ...
[11:01:59] [风控] 未读取到注册风控字段，继续 OAuth: grok.com 未发现 botFlag 字段
[11:01:59] [CPA] SSO → 协议 Device Flow 换 token (proxy=socks5h://15.204.89.179:1178) ...
[11:01:59] [CPA] [*] 尝试协议 Device Flow 换 token ...
[11:02:00] [CPA] ✅ sso 有效（协议路径）
[11:02:00] [CPA] 🔑 Device Flow: 申请 device_code / user_code ...
[11:02:01] [CPA] [*] user_code=CVEJ-SKBD interval=5s expires_in=1800s
[11:02:01] [CPA] [*] Device Flow: verify user_code ...
[11:02:02] [CPA] ✅ device/verify OK → https://accounts.x.ai/oauth2/device/consent?user_code=CVEJ-SKBD
[11:02:02] [CPA] [*] Device Flow: approve allow principal_id=(empty) ...
[11:02:02] [CPA] ✅ device/approve 已允许
[11:02:02] [CPA] [*] Device Flow: 轮询 access/refresh token ...
[11:02:03] [CPA] ✅ access_token (expires_in=21600s) + refresh_token
[11:02:03] [CPA] JWT bfs 检测: clean
[11:02:03] [CPA] 已写入 CPA 本地 /home/ubuntu/grok-register-panel/cpa_auth/xai-iajvdotldoiq_4@outlook.com.json
[11:02:03] [CPA] 已上传 CPA 远程 http://127.0.0.1:18457/.../xai-iajvdotldoiq_4@outlook.com.json
[11:02:03] [CPA] 已写入 Grok2API /home/ubuntu/grok-register-panel/grok2api_auth/g2a-iajvdotldoiq_4@outlook.com.json
[11:02:03] [+] 注册成功: iajvdotldoiq+4@outlook.com
[11:02:03] [结果] status=ok ip=12.104.4.66 port=1178 email=ia***@outlook.com kind=success bot=0 risk=- bfs=-
[11:02:03] [*] 当前统计: 成功 127 | 失败 5 || 注册成功 127 | 注册失败 5 | SSO成功 130 | SSO失败 0 | 早期跳过 0 | G2A成功 130 | G2A失败 0 | CPA成功 127 | CPA失败 0 | 风控通过 127 | 风控 3
[11:02:04] [*] 下一个账号前等待 480 秒...
[11:03:04] [*] 账号间隔等待中… 剩余 420s / 共 480s
[11:04:04] [*] 账号间隔等待中… 剩余 360s / 共 480s
[11:05:04] [*] 账号间隔等待中… 剩余 300s / 共 480s
[11:06:04] [*] 账号间隔等待中… 剩余 240s / 共 480s
[11:07:04] [*] 账号间隔等待中… 剩余 180s / 共 480s
[11:08:04] [*] 账号间隔等待中… 剩余 120s / 共 480s
[11:09:05] [*] 账号间隔等待中… 剩余 60s / 共 480s
[11:10:04] [*] 下号代理: socks5h://109.166.36.243:1092
[11:10:04] --- 开始第 133/2000 个账号 ---
[11:10:04] [*] 1. 打开注册页 (尝试 1/3)
[11:10:09] [static-cache] enabled dir=/home/ubuntu/grok-register-panel/log/static-asset-cache hits=24729 misses=876 max_mb=1024
[11:10:09] [*] 出口IP=142.249.204.224 代理=socks5h://109.166.36.243:1092 | AS45691 | DODO-CORE - DODO K.K. | Tokyo
[11:10:09] [*] 指纹 os=windows platform=Win32 webgl=ANGLE (Intel, Intel(R) HD Graphics 400 Direct3D11 vs_5_0 ps_5_0), or similar fontsWin=True ua=Mozilla/5.0 (Windows NT 10.0; Win64; x64; rv:152.0) Gecko/20100101 Firef… leak=none
[11:10:09] [*] 浏览器已启动
[11:10:18] [*] 当前URL: https://accounts.x.ai/sign-up?redirect=grok-com
[11:10:22] [*] 已点击「使用邮箱注册」按钮（原生事件）: Sign up with email
[11:10:23] [*] 2. 创建邮箱并提交
[11:10:24] [*] 已创建邮箱: qxirlxvqxlaygh+4@outlook.com
[11:10:33] [*] 已填写邮箱并提交: qxirlxvqxlaygh+4@outlook.com (Sign up)
[11:10:33] [*] 邮箱: qxirlxvqxlaygh+4@outlook.com
[11:10:33] [*] 3. 拉取验证码
[11:10:37] [*] Outlook RT 等待验证码… 剩余 176s 邮件 8 封
[11:10:42] [*] Outlook RT 已提取验证码并完成库存记账
[11:10:46] [*] 已填写验证码并提交: 833-012
[11:10:46] [*] 验证码后页面 step=profile path=/sign-up?redirect=grok-com cf=True buttons=['Grok', 'Complete sign up', 'Go back', 'Your privacy choices']
[11:10:46] [*] 验证码: 833-012
[11:10:46] [*] 4. 填写资料
[11:11:00] [*] 已点击资料提交: Damian Yu
[11:11:00] [*] 提交后页面 step=profile path=/sign-up?redirect=grok-com hint=You are signing into Grok Complete your sign up qxirlxvqxlaygh+4@outlook.com First name Last name Password Complete sign upGo back By contin
[11:11:08] [*] 提交后页面 step=unknown path=/account hint=((a,b,c,d,e,f,g,h)=>{let i=document.documentElement,j=["light","dark"];function k(b){var c;(Array.isArray(a)?a:[a]).forEach(a=>{let c="class
[11:11:08] [*] 提交后页面 step=unknown path=/account hint=SpaceXAI Toggle theme DY Welcome, Damian. Manage your account. Account Security Sessions Data Return to Redirecting You are being redirected
[11:11:12] [*] 资料已填: Damian Yu
[11:11:13] [*] registered_emails 已更新: qxirlxvqxlaygh+4@outlook.com sso=empty
[11:11:13] [*] 5. 等待 sso cookie
[11:11:14] [*] 等待 sso 中... 已等 0s，剩余 29s | url=https://accounts.x.ai/account
[11:11:15] [*] 已获取到 sso cookie
[11:11:16] [*] registered_emails 已更新: qxirlxvqxlaygh+4@outlook.com sso=yes
[11:11:16] [*] grok2api Web SSO 上传尝试 1/3
[11:11:16] [*] grok2api 远端上传：登录管理后台（直连，不走代理）
[11:11:16] [+] grok2api 远端登录成功
[11:11:16] [*] grok2api 远端上传：调用 Web SSO 导入接口（直连）
[11:11:16] 【推送Grok2API 成功】
[11:11:16] [+] 已上传 Web SSO: 新增=1, 更新=0, 同步=1, 失败=0
[11:11:16] [*] grok2api Console SSO 上传尝试 1/3
[11:11:16] [*] grok2api 远端上传：登录管理后台（直连，不走代理）
[11:11:17] [+] grok2api 远端登录成功
[11:11:17] [*] grok2api 远端上传：调用 Console SSO 导入接口（直连）
[11:11:17] 【推送Grok2API 成功】
[11:11:17] [+] 已上传 Console SSO: 新增=1, 更新=0, 同步=1, 失败=0
[11:11:17] [风控] 检查新账号注册风控状态 ...
[11:11:19] [风控] 未读取到注册风控字段，继续 OAuth: grok.com 未发现 botFlag 字段
[11:11:19] [CPA] SSO → 协议 Device Flow 换 token (proxy=socks5h://109.166.36.243:1092) ...
[11:11:19] [CPA] [*] 尝试协议 Device Flow 换 token ...
[11:11:21] [CPA] ✅ sso 有效（协议路径）
[11:11:21] [CPA] 🔑 Device Flow: 申请 device_code / user_code ...
[11:11:22] [CPA] [*] user_code=Q35Y-9YF6 interval=5s expires_in=1800s
[11:11:22] [CPA] [*] Device Flow: verify user_code ...
[11:11:24] [CPA] ✅ device/verify OK → https://accounts.x.ai/oauth2/device/consent?user_code=Q35Y-9YF6
[11:11:24] [CPA] [*] Device Flow: approve allow principal_id=(empty) ...
[11:11:24] [CPA] ✅ device/approve 已允许
[11:11:24] [CPA] [*] Device Flow: 轮询 access/refresh token ...
[11:11:25] [CPA] ✅ access_token (expires_in=21600s) + refresh_token
[11:11:25] [CPA] JWT bfs 检测: clean
[11:11:25] [CPA] 已写入 CPA 本地 /home/ubuntu/grok-register-panel/cpa_auth/xai-qxirlxvqxlaygh_4@outlook.com.json
[11:11:25] [CPA] 已上传 CPA 远程 http://127.0.0.1:18457/.../xai-qxirlxvqxlaygh_4@outlook.com.json
[11:11:25] [CPA] 已写入 Grok2API /home/ubuntu/grok-register-panel/grok2api_auth/g2a-qxirlxvqxlaygh_4@outlook.com.json
[11:11:25] [+] 注册成功: qxirlxvqxlaygh+4@outlook.com
[11:11:25] [结果] status=ok ip=142.249.204.224 port=1092 email=qx***@outlook.com kind=success bot=0 risk=- bfs=-
[11:11:25] [*] 当前统计: 成功 128 | 失败 5 || 注册成功 128 | 注册失败 5 | SSO成功 131 | SSO失败 0 | 早期跳过 0 | G2A成功 131 | G2A失败 0 | CPA成功 128 | CPA失败 0 | 风控通过 128 | 风控 3
[11:11:26] [*] 下一个账号前等待 480 秒...
[11:12:26] [*] 账号间隔等待中… 剩余 420s / 共 480s
[11:13:26] [*] 账号间隔等待中… 剩余 360s / 共 480s
[11:14:26] [*] 账号间隔等待中… 剩余 300s / 共 480s
[11:15:26] [*] 账号间隔等待中… 剩余 240s / 共 480s
[11:16:26] [*] 账号间隔等待中… 剩余 180s / 共 480s
[11:17:26] [*] 账号间隔等待中… 剩余 120s / 共 480s
[11:18:26] [*] 账号间隔等待中… 剩余 60s / 共 480s
[11:19:26] [*] 下号代理: socks5h://15.204.89.179:1191
[11:19:26] --- 开始第 134/2000 个账号 ---
[11:19:26] [*] 1. 打开注册页 (尝试 1/3)
[11:19:31] [static-cache] enabled dir=/home/ubuntu/grok-register-panel/log/static-asset-cache hits=24972 misses=876 max_mb=1024
[11:19:31] [*] 出口IP=12.104.4.97 代理=socks5h://15.204.89.179:1191 | AS7018 | AT&T Enterprises, LLC | Boston
[11:19:31] [*] 指纹 os=windows platform=Win32 webgl=ANGLE (Intel, Intel(R) HD Graphics 400 Direct3D11 vs_5_0 ps_5_0), or similar fontsWin=True ua=Mozilla/5.0 (Windows NT 10.0; Win64; x64; rv:152.0) Gecko/20100101 Firef… leak=none
[11:19:31] [*] 浏览器已启动
[11:19:36] [*] 当前URL: https://accounts.x.ai/sign-up?redirect=grok-com
[11:19:41] [*] 已点击「使用邮箱注册」按钮（原生事件）: Sign up with email
[11:19:42] [*] 2. 创建邮箱并提交
[11:19:43] [*] 已创建邮箱: tvutomknjsqz+4@outlook.com
[11:19:51] [*] 已填写邮箱并提交: tvutomknjsqz+4@outlook.com (Sign up)
[11:19:51] [*] 邮箱: tvutomknjsqz+4@outlook.com
[11:19:51] [*] 3. 拉取验证码
[11:19:54] [*] Outlook RT 等待验证码… 剩余 176s 邮件 8 封
[11:20:00] [*] Outlook RT 已提取验证码并完成库存记账
[11:20:04] [*] 已填写验证码并提交: 680-314
[11:20:04] [*] 验证码后页面 step=profile path=/sign-up?redirect=grok-com cf=True buttons=['Grok', 'Complete sign up', 'Go back', 'Your privacy choices']
[11:20:04] [*] 验证码: 680-314
[11:20:04] [*] 4. 填写资料
[11:20:17] [*] 已点击资料提交: Liam Sun
[11:20:17] [*] 提交后页面 step=profile path=/sign-up?redirect=grok-com hint=You are signing into Grok Complete your sign up tvutomknjsqz+4@outlook.com First name Last name Password Complete sign upGo back By continui
[11:20:22] [*] 提交后页面 step=unknown path=/account hint=((a,b,c,d,e,f,g,h)=>{let i=document.documentElement,j=["light","dark"];function k(b){var c;(Array.isArray(a)?a:[a]).forEach(a=>{let c="class
[11:20:23] [*] 提交后页面 step=unknown path=/account hint=SpaceXAI Toggle theme LS Welcome, Liam. Manage your account. Account Security Sessions Data Return to Redirecting You are being redirected, 
[11:20:29] [*] 提交后页面 step=unknown path=/ hint=Skip to main content
[11:20:29] [*] 资料已填: Liam Sun
[11:20:29] [*] registered_emails 已更新: tvutomknjsqz+4@outlook.com sso=empty
[11:20:29] [*] 5. 等待 sso cookie
[11:20:29] [*] 等待 sso 中... 已等 0s，剩余 29s | url=https://grok.com/
[11:20:29] [*] 已获取到 sso cookie
[11:20:29] [*] registered_emails 已更新: tvutomknjsqz+4@outlook.com sso=yes
[11:20:29] [*] grok2api Web SSO 上传尝试 1/3
[11:20:29] [*] grok2api 远端上传：登录管理后台（直连，不走代理）
[11:20:29] [+] grok2api 远端登录成功
[11:20:29] [*] grok2api 远端上传：调用 Web SSO 导入接口（直连）
[11:20:30] 【推送Grok2API 成功】
[11:20:30] [+] 已上传 Web SSO: 新增=1, 更新=0, 同步=1, 失败=0
[11:20:30] [*] grok2api Console SSO 上传尝试 1/3
[11:20:30] [*] grok2api 远端上传：登录管理后台（直连，不走代理）
[11:20:30] [+] grok2api 远端登录成功
[11:20:30] [*] grok2api 远端上传：调用 Console SSO 导入接口（直连）
[11:20:31] 【推送Grok2API 成功】
[11:20:31] [+] 已上传 Console SSO: 新增=1, 更新=0, 同步=1, 失败=0
[11:20:31] [风控] 检查新账号注册风控状态 ...
[11:20:32] [风控] 未读取到注册风控字段，继续 OAuth: grok.com 未发现 botFlag 字段
[11:20:32] [CPA] SSO → 协议 Device Flow 换 token (proxy=socks5h://15.204.89.179:1191) ...
[11:20:32] [CPA] [*] 尝试协议 Device Flow 换 token ...
[11:20:35] [CPA] ✅ sso 有效（协议路径）
[11:20:35] [CPA] 🔑 Device Flow: 申请 device_code / user_code ...
[11:20:36] [CPA] [*] user_code=QVBN-38VN interval=5s expires_in=1800s
[11:20:36] [CPA] [*] Device Flow: verify user_code ...
[11:20:37] [CPA] ✅ device/verify OK → https://accounts.x.ai/oauth2/device/consent?user_code=QVBN-38VN
[11:20:37] [CPA] [*] Device Flow: approve allow principal_id=(empty) ...
[11:20:37] [CPA] ✅ device/approve 已允许
[11:20:37] [CPA] [*] Device Flow: 轮询 access/refresh token ...
[11:20:37] [CPA] ✅ access_token (expires_in=21600s) + refresh_token
[11:20:37] [CPA] JWT bfs 检测: clean
[11:20:37] [CPA] 已写入 CPA 本地 /home/ubuntu/grok-register-panel/cpa_auth/xai-tvutomknjsqz_4@outlook.com.json
[11:20:38] [CPA] 已上传 CPA 远程 http://127.0.0.1:18457/.../xai-tvutomknjsqz_4@outlook.com.json
[11:20:38] [CPA] 已写入 Grok2API /home/ubuntu/grok-register-panel/grok2api_auth/g2a-tvutomknjsqz_4@outlook.com.json
[11:20:38] [+] 注册成功: tvutomknjsqz+4@outlook.com
[11:20:38] [结果] status=ok ip=12.104.4.97 port=1191 email=tv***@outlook.com kind=success bot=0 risk=- bfs=-
[11:20:38] [*] 当前统计: 成功 129 | 失败 5 || 注册成功 129 | 注册失败 5 | SSO成功 132 | SSO失败 0 | 早期跳过 0 | G2A成功 132 | G2A失败 0 | CPA成功 129 | CPA失败 0 | 风控通过 129 | 风控 3
[11:20:39] [*] 下一个账号前等待 480 秒...
[11:21:39] [*] 账号间隔等待中… 剩余 420s / 共 480s
[11:22:39] [*] 账号间隔等待中… 剩余 360s / 共 480s
[11:23:39] [*] 账号间隔等待中… 剩余 300s / 共 480s
[11:24:39] [*] 账号间隔等待中… 剩余 240s / 共 480s
[11:25:39] [*] 账号间隔等待中… 剩余 180s / 共 480s
[11:26:39] [*] 账号间隔等待中… 剩余 120s / 共 480s
[11:27:39] [*] 账号间隔等待中… 剩余 60s / 共 480s
[11:28:39] [*] 下号代理: socks5h://109.166.36.243:1091
[11:28:39] --- 开始第 135/2000 个账号 ---
[11:28:39] [*] 1. 打开注册页 (尝试 1/3)
[11:28:46] [static-cache] enabled dir=/home/ubuntu/grok-register-panel/log/static-asset-cache hits=25215 misses=876 max_mb=1024
[11:28:46] [*] 出口IP=142.249.204.75 代理=socks5h://109.166.36.243:1091 | AS45691 | DODO-CORE - DODO K.K. | Tokyo
[11:28:46] [*] 指纹 os=windows platform=Win32 webgl=ANGLE (AMD, Radeon HD 3200 Graphics Direct3D11 vs_5_0 ps_5_0), or similar fontsWin=True ua=Mozilla/5.0 (Windows NT 10.0; Win64; x64; rv:152.0) Gecko/20100101 Firef… leak=none
[11:28:46] [*] 浏览器已启动
[11:28:54] [*] 当前URL: https://accounts.x.ai/sign-up?redirect=grok-com
[11:28:57] [*] 已点击「使用邮箱注册」按钮（原生事件）: Sign up with email
[11:28:58] [*] 2. 创建邮箱并提交
[11:28:59] [*] 已创建邮箱: xjadxssapnmuu+4@outlook.com
[11:29:09] [*] 已填写邮箱并提交: xjadxssapnmuu+4@outlook.com (Sign up)
[11:29:09] [*] 邮箱: xjadxssapnmuu+4@outlook.com
[11:29:09] [*] 3. 拉取验证码
[11:29:12] [*] Outlook RT 等待验证码… 剩余 176s 邮件 8 封
[11:29:18] [*] Outlook RT 已提取验证码并完成库存记账
[11:29:21] [*] 已填写验证码并提交: 580-203
[11:29:21] [*] 验证码后页面 step=profile path=/sign-up?redirect=grok-com cf=True buttons=['Grok', 'Complete sign up', 'Go back', 'Your privacy choices']
[11:29:21] [*] 验证码: 580-203
[11:29:21] [*] 4. 填写资料
[11:29:34] [*] 已点击资料提交: Yuri Chen
[11:29:34] [*] 提交后页面 step=profile path=/sign-up?redirect=grok-com hint=You are signing into Grok Complete your sign up xjadxssapnmuu+4@outlook.com First name Last name Password Complete sign upGo back By continu
[11:29:41] [*] 提交后页面 step=unknown path=/account hint=((a,b,c,d,e,f,g,h)=>{let i=document.documentElement,j=["light","dark"];function k(b){var c;(Array.isArray(a)?a:[a]).forEach(a=>{let c="class
[11:29:42] [*] 提交后页面 step=unknown path=/account hint=SpaceXAI Toggle theme YC Welcome, Yuri. Manage your account. Account Security Sessions Data Return to Redirecting You are being redirected, 
[11:29:46] [*] 资料已填: Yuri Chen
[11:29:46] [*] registered_emails 已更新: xjadxssapnmuu+4@outlook.com sso=empty
[11:29:46] [*] 5. 等待 sso cookie
[11:29:46] [*] 等待 sso 中... 已等 0s，剩余 29s | url=https://accounts.x.ai/account
[11:29:46] [*] 已获取到 sso cookie
[11:29:47] [*] registered_emails 已更新: xjadxssapnmuu+4@outlook.com sso=yes
[11:29:47] [*] grok2api Web SSO 上传尝试 1/3
[11:29:47] [*] grok2api 远端上传：登录管理后台（直连，不走代理）
[11:29:47] [+] grok2api 远端登录成功
[11:29:47] [*] grok2api 远端上传：调用 Web SSO 导入接口（直连）
[11:29:48] 【推送Grok2API 成功】
[11:29:48] [+] 已上传 Web SSO: 新增=1, 更新=0, 同步=1, 失败=0
[11:29:48] [*] grok2api Console SSO 上传尝试 1/3
[11:29:48] [*] grok2api 远端上传：登录管理后台（直连，不走代理）
[11:29:48] [+] grok2api 远端登录成功
[11:29:48] [*] grok2api 远端上传：调用 Console SSO 导入接口（直连）
[11:29:49] 【推送Grok2API 成功】
[11:29:49] [+] 已上传 Console SSO: 新增=1, 更新=0, 同步=1, 失败=0
[11:29:49] [风控] 检查新账号注册风控状态 ...
[11:29:51] [风控] 未读取到注册风控字段，继续 OAuth: grok.com 未发现 botFlag 字段
[11:29:51] [CPA] SSO → 协议 Device Flow 换 token (proxy=socks5h://109.166.36.243:1091) ...
[11:29:51] [CPA] [*] 尝试协议 Device Flow 换 token ...
[11:29:53] [CPA] ✅ sso 有效（协议路径）
[11:29:53] [CPA] 🔑 Device Flow: 申请 device_code / user_code ...
[11:29:54] [CPA] [*] user_code=MXGE-QQGD interval=5s expires_in=1800s
[11:29:55] [CPA] [*] Device Flow: verify user_code ...
[11:29:56] [CPA] ✅ device/verify OK → https://accounts.x.ai/oauth2/device/consent?user_code=MXGE-QQGD
[11:29:56] [CPA] [*] Device Flow: approve allow principal_id=(empty) ...
[11:29:57] [CPA] ✅ device/approve 已允许
[11:29:57] [CPA] [*] Device Flow: 轮询 access/refresh token ...
[11:29:57] [CPA] ✅ access_token (expires_in=21600s) + refresh_token
[11:29:57] [CPA] JWT bfs 检测: clean
[11:29:57] [CPA] 已写入 CPA 本地 /home/ubuntu/grok-register-panel/cpa_auth/xai-xjadxssapnmuu_4@outlook.com.json
[11:29:57] [CPA] 已上传 CPA 远程 http://127.0.0.1:18457/.../xai-xjadxssapnmuu_4@outlook.com.json
[11:29:58] [CPA] 已写入 Grok2API /home/ubuntu/grok-register-panel/grok2api_auth/g2a-xjadxssapnmuu_4@outlook.com.json
[11:29:58] [+] 注册成功: xjadxssapnmuu+4@outlook.com
[11:29:58] [结果] status=ok ip=142.249.204.75 port=1091 email=xj***@outlook.com kind=success bot=0 risk=- bfs=-
[11:29:58] [*] 当前统计: 成功 130 | 失败 5 || 注册成功 130 | 注册失败 5 | SSO成功 133 | SSO失败 0 | 早期跳过 0 | G2A成功 133 | G2A失败 0 | CPA成功 130 | CPA失败 0 | 风控通过 130 | 风控 3
[11:29:58] [*] 已成功 130 个账号，执行定期清理: 关闭浏览器并清理内存
[11:29:58] [*] Python GC 已回收对象数: 15407
[11:29:59] [*] 下一个账号前等待 480 秒...
[11:30:59] [*] 账号间隔等待中… 剩余 420s / 共 480s
[11:31:59] [*] 账号间隔等待中… 剩余 360s / 共 480s
[11:32:59] [*] 账号间隔等待中… 剩余 300s / 共 480s
[11:33:59] [*] 账号间隔等待中… 剩余 240s / 共 480s
[11:34:59] [*] 账号间隔等待中… 剩余 180s / 共 480s
[11:35:59] [*] 账号间隔等待中… 剩余 120s / 共 480s
[11:36:59] [*] 账号间隔等待中… 剩余 60s / 共 480s
[11:37:59] [*] 下号代理: socks5h://109.166.36.243:1090
[11:37:59] --- 开始第 136/2000 个账号 ---
[11:37:59] [*] 1. 打开注册页 (尝试 1/3)
[11:38:04] [static-cache] enabled dir=/home/ubuntu/grok-register-panel/log/static-asset-cache hits=25318 misses=876 max_mb=1024
[11:38:04] [*] 出口IP=142.249.204.223 代理=socks5h://109.166.36.243:1090 | AS45691 | DODO-CORE - DODO K.K. | Tokyo
[11:38:05] [*] 指纹 os=windows platform=Win32 webgl=ANGLE (NVIDIA, NVIDIA GeForce GTX 980 Direct3D11 vs_5_0 ps_5_0), or similar fontsWin=True ua=Mozilla/5.0 (Windows NT 10.0; Win64; x64; rv:152.0) Gecko/20100101 Firef… leak=none
[11:38:05] [*] 浏览器已启动
[11:38:11] [*] 当前URL: https://accounts.x.ai/sign-up?redirect=grok-com
[11:38:16] [*] 已点击「使用邮箱注册」按钮（原生事件）: Sign up with email
[11:38:17] [*] 2. 创建邮箱并提交
[11:38:18] [*] 已创建邮箱: pxmabychcjghrw+4@outlook.com
[11:38:27] [*] 已填写邮箱并提交: pxmabychcjghrw+4@outlook.com (Sign up)
[11:38:27] [*] 邮箱: pxmabychcjghrw+4@outlook.com
[11:38:27] [*] 3. 拉取验证码
[11:38:31] [*] Outlook RT 等待验证码… 剩余 175s 邮件 8 封
[11:38:37] [*] Outlook RT 已提取验证码并完成库存记账
[11:38:40] [*] 已填写验证码并提交: 180-662
[11:38:40] [*] 验证码后页面 step=profile path=/sign-up?redirect=grok-com cf=True buttons=['Grok', 'Complete sign up', 'Go back', 'Your privacy choices']
[11:38:40] [*] 验证码: 180-662
[11:38:40] [*] 4. 填写资料
[11:38:51] [*] 等待 Cloudflare 人机验证通过后再提交... 当前token长度=0
[11:38:54] [*] 提交前仍卡住，自动再次复用 Turnstile...
[11:38:54] [*] 尝试点击 Turnstile...
[11:38:55] [*] 已点击 Turnstile frame body (24, 32)
[11:39:00] [*] Turnstile 已通过，token长度=709
[11:39:00] [*] Turnstile 二次复用完成，回填长度=709
[11:39:03] [*] 已点击资料提交: Robin Xie
[11:39:03] [*] 提交后页面 step=profile path=/sign-up?redirect=grok-com hint=You are signing into Grok Complete your sign up pxmabychcjghrw+4@outlook.com First name Last name Password Complete sign upGo back By contin
[11:39:12] [*] 提交后页面 step=unknown path=/account hint=((a,b,c,d,e,f,g,h)=>{let i=document.documentElement,j=["light","dark"];function k(b){var c;(Array.isArray(a)?a:[a]).forEach(a=>{let c="class
[11:39:12] [*] 提交后页面 step=unknown path=/account hint=SpaceXAI Toggle theme RX Welcome, Robin. Manage your account. Account Security Sessions Data Return to Redirecting You are being redirected,
[11:39:15] [*] 资料已填: Robin Xie
[11:39:15] [*] registered_emails 已更新: pxmabychcjghrw+4@outlook.com sso=empty
[11:39:15] [*] 5. 等待 sso cookie
[11:39:15] [*] 等待 sso 中... 已等 0s，剩余 29s | url=https://accounts.x.ai/account
[11:39:15] [*] 已获取到 sso cookie
[11:39:16] [*] registered_emails 已更新: pxmabychcjghrw+4@outlook.com sso=yes
[11:39:16] [*] grok2api Web SSO 上传尝试 1/3
[11:39:16] [*] grok2api 远端上传：登录管理后台（直连，不走代理）
[11:39:16] [+] grok2api 远端登录成功
[11:39:16] [*] grok2api 远端上传：调用 Web SSO 导入接口（直连）
[11:39:17] 【推送Grok2API 成功】
[11:39:17] [+] 已上传 Web SSO: 新增=1, 更新=0, 同步=1, 失败=0
[11:39:17] [*] grok2api Console SSO 上传尝试 1/3
[11:39:17] [*] grok2api 远端上传：登录管理后台（直连，不走代理）
[11:39:17] [+] grok2api 远端登录成功
[11:39:17] [*] grok2api 远端上传：调用 Console SSO 导入接口（直连）
[11:39:17] 【推送Grok2API 成功】
[11:39:17] [+] 已上传 Console SSO: 新增=1, 更新=0, 同步=1, 失败=0
[11:39:17] [风控] 检查新账号注册风控状态 ...
[11:39:19] [风控] 未读取到注册风控字段，继续 OAuth: grok.com 未发现 botFlag 字段
[11:39:19] [CPA] SSO → 协议 Device Flow 换 token (proxy=socks5h://109.166.36.243:1090) ...
[11:39:19] [CPA] [*] 尝试协议 Device Flow 换 token ...
[11:39:20] [CPA] ✅ sso 有效（协议路径）
[11:39:20] [CPA] 🔑 Device Flow: 申请 device_code / user_code ...
[11:39:21] [CPA] [*] user_code=GBCW-NJ58 interval=5s expires_in=1800s
[11:39:22] [CPA] [*] Device Flow: verify user_code ...
[11:39:22] [CPA] ✅ device/verify OK → https://accounts.x.ai/oauth2/device/consent?user_code=GBCW-NJ58
[11:39:22] [CPA] [*] Device Flow: approve allow principal_id=(empty) ...
[11:39:23] [CPA] ✅ device/approve 已允许
[11:39:23] [CPA] [*] Device Flow: 轮询 access/refresh token ...
[11:39:24] [CPA] ✅ access_token (expires_in=21600s) + refresh_token
[11:39:24] [CPA] JWT bfs 检测: clean
[11:39:24] [CPA] 已写入 CPA 本地 /home/ubuntu/grok-register-panel/cpa_auth/xai-pxmabychcjghrw_4@outlook.com.json
[11:39:24] [CPA] 已上传 CPA 远程 http://127.0.0.1:18457/.../xai-pxmabychcjghrw_4@outlook.com.json
[11:39:24] [CPA] 已写入 Grok2API /home/ubuntu/grok-register-panel/grok2api_auth/g2a-pxmabychcjghrw_4@outlook.com.json
[11:39:24] [+] 注册成功: pxmabychcjghrw+4@outlook.com
[11:39:24] [结果] status=ok ip=142.249.204.223 port=1090 email=px***@outlook.com kind=success bot=0 risk=- bfs=-
[11:39:24] [*] 当前统计: 成功 131 | 失败 5 || 注册成功 131 | 注册失败 5 | SSO成功 134 | SSO失败 0 | 早期跳过 0 | G2A成功 134 | G2A失败 0 | CPA成功 131 | CPA失败 0 | 风控通过 131 | 风控 3
[11:39:25] [*] 下一个账号前等待 480 秒...
[11:40:25] [*] 账号间隔等待中… 剩余 420s / 共 480s
[11:41:25] [*] 账号间隔等待中… 剩余 360s / 共 480s
[11:42:25] [*] 账号间隔等待中… 剩余 300s / 共 480s
[11:43:25] [*] 账号间隔等待中… 剩余 240s / 共 480s
[11:44:25] [*] 账号间隔等待中… 剩余 180s / 共 480s
[11:45:25] [*] 账号间隔等待中… 剩余 120s / 共 480s
[11:46:25] [*] 账号间隔等待中… 剩余 60s / 共 480s
[11:47:25] [*] 下号代理: socks5h://15.204.89.179:1178
[11:47:25] --- 开始第 137/2000 个账号 ---
[11:47:25] [*] 1. 打开注册页 (尝试 1/3)
[11:47:30] [static-cache] enabled dir=/home/ubuntu/grok-register-panel/log/static-asset-cache hits=25421 misses=876 max_mb=1024
[11:47:30] [*] 出口IP=12.104.4.66 代理=socks5h://15.204.89.179:1178 | AS7018 | AT&T Enterprises, LLC | Boston
[11:47:30] [*] 指纹 os=windows platform=Win32 webgl=ANGLE (NVIDIA, NVIDIA GeForce GTX 980 Direct3D11 vs_5_0 ps_5_0), or similar fontsWin=True ua=Mozilla/5.0 (Windows NT 10.0; Win64; x64; rv:152.0) Gecko/20100101 Firef… leak=none
[11:47:30] [*] 浏览器已启动
[11:47:37] [*] 当前URL: https://accounts.x.ai/sign-up?redirect=grok-com
[11:47:41] [*] 已点击「使用邮箱注册」按钮（原生事件）: Sign up with email
[11:47:42] [*] 2. 创建邮箱并提交
[11:47:43] [*] 已创建邮箱: huqjqpaloirahw+4@outlook.com
[11:47:51] [*] 已填写邮箱并提交: huqjqpaloirahw+4@outlook.com (Sign up)
[11:47:51] [*] 邮箱: huqjqpaloirahw+4@outlook.com
[11:47:51] [*] 3. 拉取验证码
[11:47:56] [*] Outlook RT 等待验证码… 剩余 175s 邮件 8 封
[11:48:02] [*] Outlook RT 已提取验证码并完成库存记账
[11:48:05] [*] 已填写验证码并提交: 747-997
[11:48:05] [*] 验证码后页面 step=profile path=/sign-up?redirect=grok-com cf=True buttons=['Grok', 'Complete sign up', 'Go back', 'Your privacy choices']
[11:48:05] [*] 验证码: 747-997
[11:48:05] [*] 4. 填写资料
[11:48:18] [*] 已点击资料提交: Gavin Yao
[11:48:18] [*] 提交后页面 step=profile path=/sign-up?redirect=grok-com hint=You are signing into Grok Complete your sign up huqjqpaloirahw+4@outlook.com First name Last name Password Complete sign upGo back By contin
[11:48:24] [*] 提交后页面 step=probe-error path=https://accounts.x.ai/sign-up?redirect=grok-com hint=Page.evaluate: Execution context was destroyed, most likely because of a navigation
[11:48:24] [*] 提交后页面 step=unknown path=/account hint=((a,b,c,d,e,f,g,h)=>{let i=document.documentElement,j=["light","dark"];function k(b){var c;(Array.isArray(a)?a:[a]).forEach(a=>{let c="class
[11:48:25] [*] 提交后页面 step=unknown path=/account hint=SpaceXAI Toggle theme GY Welcome, Gavin. Manage your account. Account Security Sessions Data Return to Redirecting You are being redirected,
[11:48:31] [*] 提交后页面 step=unknown path=/ hint=Skip to main content
[11:48:31] [*] 资料已填: Gavin Yao
[11:48:31] [*] registered_emails 已更新: huqjqpaloirahw+4@outlook.com sso=empty
[11:48:31] [*] 5. 等待 sso cookie
[11:48:31] [*] 等待 sso 中... 已等 0s，剩余 29s | url=https://grok.com/
[11:48:31] [*] 已获取到 sso cookie
[11:48:31] [*] registered_emails 已更新: huqjqpaloirahw+4@outlook.com sso=yes
[11:48:31] [*] grok2api Web SSO 上传尝试 1/3
[11:48:31] [*] grok2api 远端上传：登录管理后台（直连，不走代理）
[11:48:31] [+] grok2api 远端登录成功
[11:48:31] [*] grok2api 远端上传：调用 Web SSO 导入接口（直连）
[11:48:32] 【推送Grok2API 成功】
[11:48:32] [+] 已上传 Web SSO: 新增=1, 更新=0, 同步=1, 失败=0
[11:48:32] [*] grok2api Console SSO 上传尝试 1/3
[11:48:32] [*] grok2api 远端上传：登录管理后台（直连，不走代理）
[11:48:32] [+] grok2api 远端登录成功
[11:48:32] [*] grok2api 远端上传：调用 Console SSO 导入接口（直连）
[11:48:33] 【推送Grok2API 成功】
[11:48:33] [+] 已上传 Console SSO: 新增=1, 更新=0, 同步=1, 失败=0
[11:48:33] [风控] 检查新账号注册风控状态 ...
[11:48:35] [风控] 未读取到注册风控字段，继续 OAuth: grok.com 未发现 botFlag 字段
[11:48:35] [CPA] SSO → 协议 Device Flow 换 token (proxy=socks5h://15.204.89.179:1178) ...
[11:48:35] [CPA] [*] 尝试协议 Device Flow 换 token ...
[11:48:36] [CPA] ✅ sso 有效（协议路径）
[11:48:36] [CPA] 🔑 Device Flow: 申请 device_code / user_code ...
[11:48:37] [CPA] [*] user_code=C8G5-CXV4 interval=5s expires_in=1800s
[11:48:37] [CPA] [*] Device Flow: verify user_code ...
[11:48:37] [CPA] ✅ device/verify OK → https://accounts.x.ai/oauth2/device/consent?user_code=C8G5-CXV4
[11:48:37] [CPA] [*] Device Flow: approve allow principal_id=(empty) ...
[11:48:38] [CPA] ✅ device/approve 已允许
[11:48:38] [CPA] [*] Device Flow: 轮询 access/refresh token ...
[11:48:38] [CPA] ✅ access_token (expires_in=21600s) + refresh_token
[11:48:38] [CPA] JWT bfs 检测: clean
[11:48:38] [CPA] 已写入 CPA 本地 /home/ubuntu/grok-register-panel/cpa_auth/xai-huqjqpaloirahw_4@outlook.com.json
[11:48:38] [CPA] 已上传 CPA 远程 http://127.0.0.1:18457/.../xai-huqjqpaloirahw_4@outlook.com.json
[11:48:38] [CPA] 已写入 Grok2API /home/ubuntu/grok-register-panel/grok2api_auth/g2a-huqjqpaloirahw_4@outlook.com.json
[11:48:38] [+] 注册成功: huqjqpaloirahw+4@outlook.com
[11:48:38] [结果] status=ok ip=12.104.4.66 port=1178 email=hu***@outlook.com kind=success bot=0 risk=- bfs=-
[11:48:38] [*] 当前统计: 成功 132 | 失败 5 || 注册成功 132 | 注册失败 5 | SSO成功 135 | SSO失败 0 | 早期跳过 0 | G2A成功 135 | G2A失败 0 | CPA成功 132 | CPA失败 0 | 风控通过 132 | 风控 3
[11:48:40] [*] 下一个账号前等待 480 秒...
[11:49:40] [*] 账号间隔等待中… 剩余 420s / 共 480s
[11:50:40] [*] 账号间隔等待中… 剩余 360s / 共 480s
[11:51:40] [*] 账号间隔等待中… 剩余 300s / 共 480s
[11:52:40] [*] 账号间隔等待中… 剩余 240s / 共 480s
[11:53:40] [*] 账号间隔等待中… 剩余 180s / 共 480s
[11:54:40] [*] 账号间隔等待中… 剩余 120s / 共 480s
[11:55:40] [*] 账号间隔等待中… 剩余 60s / 共 480s
[11:56:40] [*] 下号代理: socks5h://109.166.36.243:1092
[11:56:40] --- 开始第 138/2000 个账号 ---
[11:56:40] [*] 1. 打开注册页 (尝试 1/3)
[11:56:46] [static-cache] enabled dir=/home/ubuntu/grok-register-panel/log/static-asset-cache hits=25663 misses=876 max_mb=1024
[11:56:46] [*] 出口IP=142.249.204.224 代理=socks5h://109.166.36.243:1092 | AS45691 | DODO-CORE - DODO K.K. | Tokyo
[11:56:46] [*] 指纹 os=windows platform=Win32 webgl=ANGLE (NVIDIA, NVIDIA GeForce GTX 980 Direct3D11 vs_5_0 ps_5_0), or similar fontsWin=True ua=Mozilla/5.0 (Windows NT 10.0; Win64; x64; rv:152.0) Gecko/20100101 Firef… leak=none
[11:56:46] [*] 浏览器已启动
[11:56:53] [*] 当前URL: https://accounts.x.ai/sign-up?redirect=grok-com
[11:56:57] [*] 已点击「使用邮箱注册」按钮（原生事件）: Sign up with email
[11:56:58] [*] 2. 创建邮箱并提交
[11:56:59] [*] 已创建邮箱: ikewlpfhfqtnax+4@outlook.com
[11:57:08] [*] 已填写邮箱并提交: ikewlpfhfqtnax+4@outlook.com (Sign up)
[11:57:08] [*] 邮箱: ikewlpfhfqtnax+4@outlook.com
[11:57:08] [*] 3. 拉取验证码
[11:57:11] [*] Outlook RT 等待验证码… 剩余 176s 邮件 8 封
[11:57:17] [*] Outlook RT 已提取验证码并完成库存记账
[11:57:20] [*] 已填写验证码并提交: 574-491
[11:57:20] [*] 验证码后页面 step=profile path=/sign-up?redirect=grok-com cf=True buttons=['Grok', 'Complete sign up', 'Go back', 'Your privacy choices']
[11:57:20] [*] 验证码: 574-491
[11:57:20] [*] 4. 填写资料
[11:57:33] [*] 已点击资料提交: Lucas Cao
[11:57:33] [*] 提交后页面 step=profile path=/sign-up?redirect=grok-com hint=You are signing into Grok Complete your sign up ikewlpfhfqtnax+4@outlook.com First name Last name Password Complete sign upGo back By contin
[11:57:40] [*] 提交后页面 step=unknown path=/account hint=((a,b,c,d,e,f,g,h)=>{let i=document.documentElement,j=["light","dark"];function k(b){var c;(Array.isArray(a)?a:[a]).forEach(a=>{let c="class
[11:57:41] [*] 提交后页面 step=unknown path=/account hint=SpaceXAI Toggle theme LC Welcome, Lucas. Manage your account. Account Security Sessions Data Return to Redirecting You are being redirected,
[11:57:45] [*] 资料已填: Lucas Cao
[11:57:45] [*] registered_emails 已更新: ikewlpfhfqtnax+4@outlook.com sso=empty
[11:57:45] [*] 5. 等待 sso cookie
[11:57:45] [*] 等待 sso 中... 已等 0s，剩余 29s | url=https://accounts.x.ai/account
[11:57:45] [*] 已获取到 sso cookie
[11:57:45] [*] registered_emails 已更新: ikewlpfhfqtnax+4@outlook.com sso=yes
[11:57:45] [*] grok2api Web SSO 上传尝试 1/3
[11:57:45] [*] grok2api 远端上传：登录管理后台（直连，不走代理）
[11:57:46] [+] grok2api 远端登录成功
[11:57:46] [*] grok2api 远端上传：调用 Web SSO 导入接口（直连）
[11:57:47] 【推送Grok2API 成功】
[11:57:47] [+] 已上传 Web SSO: 新增=1, 更新=0, 同步=1, 失败=0
[11:57:47] [*] grok2api Console SSO 上传尝试 1/3
[11:57:47] [*] grok2api 远端上传：登录管理后台（直连，不走代理）
[11:57:47] [+] grok2api 远端登录成功
[11:57:47] [*] grok2api 远端上传：调用 Console SSO 导入接口（直连）
[11:57:47] 【推送Grok2API 成功】
[11:57:47] [+] 已上传 Console SSO: 新增=1, 更新=0, 同步=1, 失败=0
[11:57:47] [风控] 检查新账号注册风控状态 ...
[11:57:49] [风控] 未读取到注册风控字段，继续 OAuth: grok.com 未发现 botFlag 字段
[11:57:49] [CPA] SSO → 协议 Device Flow 换 token (proxy=socks5h://109.166.36.243:1092) ...
[11:57:49] [CPA] [*] 尝试协议 Device Flow 换 token ...
[11:57:50] [CPA] ✅ sso 有效（协议路径）
[11:57:50] [CPA] 🔑 Device Flow: 申请 device_code / user_code ...
[11:57:51] [CPA] [*] user_code=SXRE-VPRW interval=5s expires_in=1800s
[11:57:52] [CPA] [*] Device Flow: verify user_code ...
[11:57:53] [CPA] ✅ device/verify OK → https://accounts.x.ai/oauth2/device/consent?user_code=SXRE-VPRW
[11:57:53] [CPA] [*] Device Flow: approve allow principal_id=(empty) ...
[11:57:54] [CPA] ✅ device/approve 已允许
[11:57:54] [CPA] [*] Device Flow: 轮询 access/refresh token ...
[11:57:54] [CPA] ✅ access_token (expires_in=21600s) + refresh_token
[11:57:54] [CPA] JWT bfs 检测: clean
[11:57:54] [CPA] 已写入 CPA 本地 /home/ubuntu/grok-register-panel/cpa_auth/xai-ikewlpfhfqtnax_4@outlook.com.json
[11:57:54] [CPA] 已上传 CPA 远程 http://127.0.0.1:18457/.../xai-ikewlpfhfqtnax_4@outlook.com.json
[11:57:54] [CPA] 已写入 Grok2API /home/ubuntu/grok-register-panel/grok2api_auth/g2a-ikewlpfhfqtnax_4@outlook.com.json
[11:57:54] [+] 注册成功: ikewlpfhfqtnax+4@outlook.com
[11:57:54] [结果] status=ok ip=142.249.204.224 port=1092 email=ik***@outlook.com kind=success bot=0 risk=- bfs=-
[11:57:54] [*] 当前统计: 成功 133 | 失败 5 || 注册成功 133 | 注册失败 5 | SSO成功 136 | SSO失败 0 | 早期跳过 0 | G2A成功 136 | G2A失败 0 | CPA成功 133 | CPA失败 0 | 风控通过 133 | 风控 3
[11:57:55] [*] 下一个账号前等待 480 秒...
[11:58:55] [*] 账号间隔等待中… 剩余 420s / 共 480s
[11:59:55] [*] 账号间隔等待中… 剩余 360s / 共 480s
[12:00:55] [*] 账号间隔等待中… 剩余 300s / 共 480s
[12:01:55] [*] 账号间隔等待中… 剩余 240s / 共 480s
[12:02:55] [*] 账号间隔等待中… 剩余 180s / 共 480s
[12:03:55] [*] 账号间隔等待中… 剩余 120s / 共 480s
[12:04:55] [*] 账号间隔等待中… 剩余 60s / 共 480s
[12:05:55] [*] 下号代理: socks5h://15.204.89.179:1191
[12:05:55] --- 开始第 139/2000 个账号 ---
[12:05:55] [*] 1. 打开注册页 (尝试 1/3)
[12:05:59] [static-cache] enabled dir=/home/ubuntu/grok-register-panel/log/static-asset-cache hits=25766 misses=876 max_mb=1024
[12:05:59] [*] 出口IP=12.104.4.97 代理=socks5h://15.204.89.179:1191 | AS7018 | AT&T Enterprises, LLC | Boston
[12:05:59] [*] 指纹 os=windows platform=Win32 webgl=ANGLE (Intel, Intel(R) HD Graphics Direct3D11 vs_5_0 ps_5_0), or similar fontsWin=True ua=Mozilla/5.0 (Windows NT 10.0; Win64; x64; rv:152.0) Gecko/20100101 Firef… leak=none
[12:05:59] [*] 浏览器已启动
[12:06:07] [*] 当前URL: https://accounts.x.ai/sign-up?redirect=grok-com
[12:06:11] [*] 已点击「使用邮箱注册」按钮（原生事件）: Sign up with email
[12:06:12] [*] 2. 创建邮箱并提交
[12:06:13] [*] 已创建邮箱: fixkbqgejjuvbg+4@outlook.com
[12:06:22] [*] 已填写邮箱并提交: fixkbqgejjuvbg+4@outlook.com (Sign up)
[12:06:22] [*] 邮箱: fixkbqgejjuvbg+4@outlook.com
[12:06:22] [*] 3. 拉取验证码
[12:06:25] [*] Outlook RT 等待验证码… 剩余 176s 邮件 8 封
[12:06:31] [*] Outlook RT 已提取验证码并完成库存记账
[12:06:34] [*] 已填写验证码并提交: 234-232
[12:06:34] [*] 验证码后页面 step=profile path=/sign-up?redirect=grok-com cf=True buttons=['Grok', 'Complete sign up', 'Go back', 'Your privacy choices']
[12:06:34] [*] 验证码: 234-232
[12:06:34] [*] 4. 填写资料
[12:06:47] [*] 已点击资料提交: Brian Shi
[12:06:47] [*] 提交后页面 step=profile path=/sign-up?redirect=grok-com hint=You are signing into Grok Complete your sign up fixkbqgejjuvbg+4@outlook.com First name Last name Password Complete sign upGo back By contin
[12:06:52] [*] 提交后页面 step=unknown path=/account hint=((a,b,c,d,e,f,g,h)=>{let i=document.documentElement,j=["light","dark"];function k(b){var c;(Array.isArray(a)?a:[a]).forEach(a=>{let c="class
[12:06:52] [*] 提交后页面 step=unknown path=/account hint=SpaceXAI Toggle theme BS Welcome, Brian. Manage your account. Account Security Sessions Data Return to Redirecting You are being redirected,
[12:06:58] [*] 提交后页面 step=unknown path=/ hint=Skip to main content
[12:06:58] [*] 资料已填: Brian Shi
[12:06:58] [*] registered_emails 已更新: fixkbqgejjuvbg+4@outlook.com sso=empty
[12:06:58] [*] 5. 等待 sso cookie
[12:06:58] [*] 等待 sso 中... 已等 0s，剩余 29s | url=https://grok.com/
[12:06:58] [*] 已获取到 sso cookie
[12:06:58] [*] registered_emails 已更新: fixkbqgejjuvbg+4@outlook.com sso=yes
[12:06:58] [*] grok2api Web SSO 上传尝试 1/3
[12:06:58] [*] grok2api 远端上传：登录管理后台（直连，不走代理）
[12:06:58] [+] grok2api 远端登录成功
[12:06:58] [*] grok2api 远端上传：调用 Web SSO 导入接口（直连）
[12:07:00] 【推送Grok2API 成功】
[12:07:00] [+] 已上传 Web SSO: 新增=1, 更新=0, 同步=1, 失败=0
[12:07:00] [*] grok2api Console SSO 上传尝试 1/3
[12:07:00] [*] grok2api 远端上传：登录管理后台（直连，不走代理）
[12:07:00] [+] grok2api 远端登录成功
[12:07:00] [*] grok2api 远端上传：调用 Console SSO 导入接口（直连）
[12:07:01] 【推送Grok2API 成功】
[12:07:01] [+] 已上传 Console SSO: 新增=1, 更新=0, 同步=1, 失败=0
[12:07:01] [风控] 检查新账号注册风控状态 ...
[12:07:02] [风控] 未读取到注册风控字段，继续 OAuth: grok.com 未发现 botFlag 字段
[12:07:02] [CPA] SSO → 协议 Device Flow 换 token (proxy=socks5h://15.204.89.179:1191) ...
[12:07:02] [CPA] [*] 尝试协议 Device Flow 换 token ...
[12:07:03] [CPA] ✅ sso 有效（协议路径）
[12:07:03] [CPA] 🔑 Device Flow: 申请 device_code / user_code ...
[12:07:04] [CPA] [*] user_code=ZK3D-SZH6 interval=5s expires_in=1800s
[12:07:04] [CPA] [*] Device Flow: verify user_code ...
[12:07:04] [CPA] ✅ device/verify OK → https://accounts.x.ai/oauth2/device/consent?user_code=ZK3D-SZH6
[12:07:04] [CPA] [*] Device Flow: approve allow principal_id=(empty) ...
[12:07:05] [CPA] ✅ device/approve 已允许
[12:07:05] [CPA] [*] Device Flow: 轮询 access/refresh token ...
[12:07:05] [CPA] ✅ access_token (expires_in=21600s) + refresh_token
[12:07:05] [CPA] JWT bfs 检测: clean
[12:07:05] [CPA] 已写入 CPA 本地 /home/ubuntu/grok-register-panel/cpa_auth/xai-fixkbqgejjuvbg_4@outlook.com.json
[12:07:05] [CPA] 已上传 CPA 远程 http://127.0.0.1:18457/.../xai-fixkbqgejjuvbg_4@outlook.com.json
[12:07:05] [CPA] 已写入 Grok2API /home/ubuntu/grok-register-panel/grok2api_auth/g2a-fixkbqgejjuvbg_4@outlook.com.json
[12:07:05] [+] 注册成功: fixkbqgejjuvbg+4@outlook.com
[12:07:05] [结果] status=ok ip=12.104.4.97 port=1191 email=fi***@outlook.com kind=success bot=0 risk=- bfs=-
[12:07:05] [*] 当前统计: 成功 134 | 失败 5 || 注册成功 134 | 注册失败 5 | SSO成功 137 | SSO失败 0 | 早期跳过 0 | G2A成功 137 | G2A失败 0 | CPA成功 134 | CPA失败 0 | 风控通过 134 | 风控 3
[12:07:06] [*] 下一个账号前等待 480 秒...
[12:08:06] [*] 账号间隔等待中… 剩余 420s / 共 480s
[12:09:06] [*] 账号间隔等待中… 剩余 360s / 共 480s
[12:10:06] [*] 账号间隔等待中… 剩余 300s / 共 480s
[12:11:06] [*] 账号间隔等待中… 剩余 240s / 共 480s
[12:12:06] [*] 账号间隔等待中… 剩余 180s / 共 480s
[12:13:06] [*] 账号间隔等待中… 剩余 120s / 共 480s
[12:14:07] [*] 账号间隔等待中… 剩余 60s / 共 480s
[12:15:06] [*] 下号代理: socks5h://109.166.36.243:1091
[12:15:06] --- 开始第 140/2000 个账号 ---
[12:15:06] [*] 1. 打开注册页 (尝试 1/3)
[12:15:11] [static-cache] enabled dir=/home/ubuntu/grok-register-panel/log/static-asset-cache hits=26009 misses=876 max_mb=1024
[12:15:11] [*] 出口IP=142.249.204.75 代理=socks5h://109.166.36.243:1091 | AS45691 | DODO-CORE - DODO K.K. | Tokyo
[12:15:11] [*] 指纹 os=windows platform=Win32 webgl=ANGLE (NVIDIA, NVIDIA GeForce GTX 480 Direct3D11 vs_5_0 ps_5_0), or similar fontsWin=True ua=Mozilla/5.0 (Windows NT 10.0; Win64; x64; rv:152.0) Gecko/20100101 Firef… leak=none
[12:15:12] [*] 浏览器已启动
[12:15:19] [*] 当前URL: https://accounts.x.ai/sign-up?redirect=grok-com
[12:15:23] [*] 已点击「使用邮箱注册」按钮（原生事件）: Sign up with email
[12:15:23] [*] 2. 创建邮箱并提交
[12:15:25] [*] 已创建邮箱: zznwmkaqxsrwgp+4@outlook.com
[12:15:33] [*] 已填写邮箱并提交: zznwmkaqxsrwgp+4@outlook.com (Sign up)
[12:15:33] [*] 邮箱: zznwmkaqxsrwgp+4@outlook.com
[12:15:33] [*] 3. 拉取验证码
[12:15:37] [*] Outlook RT 已提取验证码并完成库存记账
[12:15:40] [*] 已填写验证码并提交: 131-814
[12:15:40] [*] 验证码后页面 step=profile path=/sign-up?redirect=grok-com cf=True buttons=['Grok', 'Complete sign up', 'Go back', 'Your privacy choices']
[12:15:40] [*] 验证码: 131-814
[12:15:40] [*] 4. 填写资料
[12:15:54] [*] 已点击资料提交: Brian Zhao
[12:15:54] [*] 提交后页面 step=profile path=/sign-up?redirect=grok-com hint=You are signing into Grok Complete your sign up zznwmkaqxsrwgp+4@outlook.com First name Last name Password Complete sign upGo back By contin
[12:16:02] [*] 提交后页面 step=unknown path=/account hint=((a,b,c,d,e,f,g,h)=>{let i=document.documentElement,j=["light","dark"];function k(b){var c;(Array.isArray(a)?a:[a]).forEach(a=>{let c="class
[12:16:03] [*] 提交后页面 step=unknown path=/account hint=SpaceXAI Toggle theme BZ Welcome, Brian. Manage your account. Account Security Sessions Data Return to Redirecting You are being redirected,
[12:16:06] [*] 资料已填: Brian Zhao
[12:16:06] [*] registered_emails 已更新: zznwmkaqxsrwgp+4@outlook.com sso=empty
[12:16:06] [*] 5. 等待 sso cookie
[12:16:06] [*] 等待 sso 中... 已等 0s，剩余 29s | url=https://accounts.x.ai/account
[12:16:06] [*] 已获取到 sso cookie
[12:16:07] [*] registered_emails 已更新: zznwmkaqxsrwgp+4@outlook.com sso=yes
[12:16:07] [*] grok2api Web SSO 上传尝试 1/3
[12:16:07] [*] grok2api 远端上传：登录管理后台（直连，不走代理）
[12:16:07] [+] grok2api 远端登录成功
[12:16:07] [*] grok2api 远端上传：调用 Web SSO 导入接口（直连）
[12:16:07] 【推送Grok2API 成功】
[12:16:07] [+] 已上传 Web SSO: 新增=1, 更新=0, 同步=1, 失败=0
[12:16:07] [*] grok2api Console SSO 上传尝试 1/3
[12:16:07] [*] grok2api 远端上传：登录管理后台（直连，不走代理）
[12:16:07] [+] grok2api 远端登录成功
[12:16:07] [*] grok2api 远端上传：调用 Console SSO 导入接口（直连）
[12:16:08] 【推送Grok2API 成功】
[12:16:08] [+] 已上传 Console SSO: 新增=1, 更新=0, 同步=1, 失败=0
[12:16:08] [风控] 检查新账号注册风控状态 ...
[12:16:10] [风控] 未读取到注册风控字段，继续 OAuth: grok.com 未发现 botFlag 字段
[12:16:10] [CPA] SSO → 协议 Device Flow 换 token (proxy=socks5h://109.166.36.243:1091) ...
[12:16:10] [CPA] [*] 尝试协议 Device Flow 换 token ...
[12:16:11] [CPA] ✅ sso 有效（协议路径）
[12:16:11] [CPA] 🔑 Device Flow: 申请 device_code / user_code ...
[12:16:12] [CPA] [*] user_code=4JZ3-72MR interval=5s expires_in=1800s
[12:16:13] [CPA] [*] Device Flow: verify user_code ...
[12:16:14] [CPA] ✅ device/verify OK → https://accounts.x.ai/oauth2/device/consent?user_code=4JZ3-72MR
[12:16:14] [CPA] [*] Device Flow: approve allow principal_id=(empty) ...
[12:16:15] [CPA] ✅ device/approve 已允许
[12:16:15] [CPA] [*] Device Flow: 轮询 access/refresh token ...
[12:16:15] [CPA] ✅ access_token (expires_in=21600s) + refresh_token
[12:16:15] [CPA] JWT bfs 检测: clean
[12:16:15] [CPA] 已写入 CPA 本地 /home/ubuntu/grok-register-panel/cpa_auth/xai-zznwmkaqxsrwgp_4@outlook.com.json
[12:16:15] [CPA] 已上传 CPA 远程 http://127.0.0.1:18457/.../xai-zznwmkaqxsrwgp_4@outlook.com.json
[12:16:15] [CPA] 已写入 Grok2API /home/ubuntu/grok-register-panel/grok2api_auth/g2a-zznwmkaqxsrwgp_4@outlook.com.json
[12:16:15] [+] 注册成功: zznwmkaqxsrwgp+4@outlook.com
[12:16:15] [结果] status=ok ip=142.249.204.75 port=1091 email=zz***@outlook.com kind=success bot=0 risk=- bfs=-
[12:16:15] [*] 当前统计: 成功 135 | 失败 5 || 注册成功 135 | 注册失败 5 | SSO成功 138 | SSO失败 0 | 早期跳过 0 | G2A成功 138 | G2A失败 0 | CPA成功 135 | CPA失败 0 | 风控通过 135 | 风控 3
[12:16:15] [*] 已成功 135 个账号，执行定期清理: 关闭浏览器并清理内存
[12:16:16] [*] Python GC 已回收对象数: 43037
[12:16:17] [*] 下一个账号前等待 480 秒...
[12:17:17] [*] 账号间隔等待中… 剩余 420s / 共 480s
[12:18:17] [*] 账号间隔等待中… 剩余 360s / 共 480s
[12:19:17] [*] 账号间隔等待中… 剩余 300s / 共 480s
[12:20:17] [*] 账号间隔等待中… 剩余 240s / 共 480s
[12:21:17] [*] 账号间隔等待中… 剩余 180s / 共 480s
[12:22:17] [*] 账号间隔等待中… 剩余 120s / 共 480s
[12:23:17] [*] 账号间隔等待中… 剩余 60s / 共 480s
[12:24:17] [*] 下号代理: socks5h://109.166.36.243:1090
[12:24:17] --- 开始第 141/2000 个账号 ---
[12:24:17] [*] 1. 打开注册页 (尝试 1/3)
[12:24:21] [static-cache] enabled dir=/home/ubuntu/grok-register-panel/log/static-asset-cache hits=26112 misses=876 max_mb=1024
[12:24:21] [*] 出口IP=142.249.204.223 代理=socks5h://109.166.36.243:1090 | AS45691 | DODO-CORE - DODO K.K. | Tokyo
[12:24:21] [*] 指纹 os=windows platform=Win32 webgl=ANGLE (NVIDIA, NVIDIA GeForce GTX 980 Direct3D11 vs_5_0 ps_5_0), or similar fontsWin=True ua=Mozilla/5.0 (Windows NT 10.0; Win64; x64; rv:152.0) Gecko/20100101 Firef… leak=none
[12:24:21] [*] 浏览器已启动
[12:24:28] [*] 当前URL: https://accounts.x.ai/sign-up?redirect=grok-com
[12:24:32] [*] 已点击「使用邮箱注册」按钮（原生事件）: Sign up with email
[12:24:33] [*] 2. 创建邮箱并提交
[12:24:34] [*] 已创建邮箱: lebkjyuhrwsanq+4@outlook.com
[12:24:43] [*] 已填写邮箱并提交: lebkjyuhrwsanq+4@outlook.com (Sign up)
[12:24:43] [*] 邮箱: lebkjyuhrwsanq+4@outlook.com
[12:24:43] [*] 3. 拉取验证码
[12:24:47] [*] Outlook RT 等待验证码… 剩余 176s 邮件 9 封
[12:24:52] [*] Outlook RT 已提取验证码并完成库存记账
[12:24:55] [*] 已填写验证码并提交: 076-879
[12:24:55] [*] 验证码后页面 step=profile path=/sign-up?redirect=grok-com cf=True buttons=['Grok', 'Complete sign up', 'Go back', 'Your privacy choices']
[12:24:55] [*] 验证码: 076-879
[12:24:55] [*] 4. 填写资料
[12:25:08] [*] 已点击资料提交: Alex Liu
[12:25:08] [*] 提交后页面 step=profile path=/sign-up?redirect=grok-com hint=You are signing into Grok Complete your sign up lebkjyuhrwsanq+4@outlook.com First name Last name Password Complete sign upGo back By contin
[12:25:15] [*] 提交后页面 step=probe-error path=https://accounts.x.ai/sign-up?redirect=grok-com hint=Page.evaluate: Execution context was destroyed, most likely because of a navigation
[12:25:15] [*] 提交后页面 step=unknown path=/account hint=((a,b,c,d,e,f,g,h)=>{let i=document.documentElement,j=["light","dark"];function k(b){var c;(Array.isArray(a)?a:[a]).forEach(a=>{let c="class
[12:25:16] [*] 提交后页面 step=unknown path=/account hint=SpaceXAI Toggle theme AL Welcome, Alex. Manage your account. Account Security Sessions Data Return to Redirecting You are being redirected, 
[12:25:20] [*] 资料已填: Alex Liu
[12:25:20] [*] registered_emails 已更新: lebkjyuhrwsanq+4@outlook.com sso=empty
[12:25:20] [*] 5. 等待 sso cookie
[12:25:21] [*] 等待 sso 中... 已等 0s，剩余 29s | url=https://accounts.x.ai/account
[12:25:21] [*] 已获取到 sso cookie
[12:25:21] [*] registered_emails 已更新: lebkjyuhrwsanq+4@outlook.com sso=yes
[12:25:21] [*] grok2api Web SSO 上传尝试 1/3
[12:25:21] [*] grok2api 远端上传：登录管理后台（直连，不走代理）
[12:25:21] [+] grok2api 远端登录成功
[12:25:21] [*] grok2api 远端上传：调用 Web SSO 导入接口（直连）
[12:25:22] 【推送Grok2API 成功】
[12:25:22] [+] 已上传 Web SSO: 新增=1, 更新=0, 同步=1, 失败=0
[12:25:22] [*] grok2api Console SSO 上传尝试 1/3
[12:25:22] [*] grok2api 远端上传：登录管理后台（直连，不走代理）
[12:25:22] [+] grok2api 远端登录成功
[12:25:22] [*] grok2api 远端上传：调用 Console SSO 导入接口（直连）
[12:25:23] 【推送Grok2API 成功】
[12:25:23] [+] 已上传 Console SSO: 新增=1, 更新=0, 同步=1, 失败=0
[12:25:23] [风控] 检查新账号注册风控状态 ...
[12:25:24] [风控] 未读取到注册风控字段，继续 OAuth: grok.com 未发现 botFlag 字段
[12:25:24] [CPA] SSO → 协议 Device Flow 换 token (proxy=socks5h://109.166.36.243:1090) ...
[12:25:24] [CPA] [*] 尝试协议 Device Flow 换 token ...
[12:25:26] [CPA] ✅ sso 有效（协议路径）
[12:25:26] [CPA] 🔑 Device Flow: 申请 device_code / user_code ...
[12:25:32] [CPA] [*] user_code=RQGM-F3NX interval=5s expires_in=1800s
[12:25:32] [CPA] [*] Device Flow: verify user_code ...
[12:25:33] [CPA] ✅ device/verify OK → https://accounts.x.ai/oauth2/device/consent?user_code=RQGM-F3NX
[12:25:33] [CPA] [*] Device Flow: approve allow principal_id=(empty) ...
[12:25:34] [CPA] ✅ device/approve 已允许
[12:25:34] [CPA] [*] Device Flow: 轮询 access/refresh token ...
[12:25:34] [CPA] ✅ access_token (expires_in=21600s) + refresh_token
[12:25:34] [CPA] JWT bfs 检测: clean
[12:25:34] [CPA] 已写入 CPA 本地 /home/ubuntu/grok-register-panel/cpa_auth/xai-lebkjyuhrwsanq_4@outlook.com.json
[12:25:34] [CPA] 已上传 CPA 远程 http://127.0.0.1:18457/.../xai-lebkjyuhrwsanq_4@outlook.com.json
[12:25:34] [CPA] 已写入 Grok2API /home/ubuntu/grok-register-panel/grok2api_auth/g2a-lebkjyuhrwsanq_4@outlook.com.json
[12:25:34] [+] 注册成功: lebkjyuhrwsanq+4@outlook.com
[12:25:34] [结果] status=ok ip=142.249.204.223 port=1090 email=le***@outlook.com kind=success bot=0 risk=- bfs=-
[12:25:34] [*] 当前统计: 成功 136 | 失败 5 || 注册成功 136 | 注册失败 5 | SSO成功 139 | SSO失败 0 | 早期跳过 0 | G2A成功 139 | G2A失败 0 | CPA成功 136 | CPA失败 0 | 风控通过 136 | 风控 3
[12:25:35] [*] 下一个账号前等待 480 秒...
[12:26:35] [*] 账号间隔等待中… 剩余 420s / 共 480s
[12:27:35] [*] 账号间隔等待中… 剩余 360s / 共 480s
[12:28:35] [*] 账号间隔等待中… 剩余 300s / 共 480s
[12:29:35] [*] 账号间隔等待中… 剩余 240s / 共 480s
[12:30:35] [*] 账号间隔等待中… 剩余 180s / 共 480s
[12:31:35] [*] 账号间隔等待中… 剩余 120s / 共 480s
[12:32:35] [*] 账号间隔等待中… 剩余 60s / 共 480s
[12:33:35] [*] 下号代理: socks5h://15.204.89.179:1178
[12:33:35] --- 开始第 142/2000 个账号 ---
[12:33:35] [*] 1. 打开注册页 (尝试 1/3)
[12:33:40] [static-cache] enabled dir=/home/ubuntu/grok-register-panel/log/static-asset-cache hits=26344 misses=887 max_mb=1024
[12:33:40] [*] 出口IP=12.104.4.66 代理=socks5h://15.204.89.179:1178 | AS7018 | AT&T Enterprises, LLC | Boston
[12:33:40] [*] 指纹 os=windows platform=Win32 webgl=ANGLE (NVIDIA, NVIDIA GeForce GTX 980 Direct3D11 vs_5_0 ps_5_0), or similar fontsWin=True ua=Mozilla/5.0 (Windows NT 10.0; Win64; x64; rv:152.0) Gecko/20100101 Firef… leak=none
[12:33:40] [*] 浏览器已启动
[12:33:47] [*] 当前URL: https://accounts.x.ai/sign-up?redirect=grok-com
[12:33:51] [*] 已点击「使用邮箱注册」按钮（原生事件）: Sign up with email
[12:33:52] [*] 2. 创建邮箱并提交
[12:33:53] [*] 已创建邮箱: jfcbrzvvshlqo+4@outlook.com
[12:34:02] [*] 已填写邮箱并提交: jfcbrzvvshlqo+4@outlook.com (Sign up)
[12:34:02] [*] 邮箱: jfcbrzvvshlqo+4@outlook.com
[12:34:02] [*] 3. 拉取验证码
[12:34:05] [*] Outlook RT 等待验证码… 剩余 176s 邮件 8 封
[12:34:11] [*] Outlook RT 已提取验证码并完成库存记账
[12:34:14] [*] 已填写验证码并提交: 783-628
[12:34:14] [*] 验证码后页面 step=profile path=/sign-up?redirect=grok-com cf=True buttons=['Grok', 'Complete sign up', 'Go back', 'Your privacy choices']
[12:34:14] [*] 验证码: 783-628
[12:34:14] [*] 4. 填写资料
[12:34:27] [*] 已点击资料提交: Lucas Mao
[12:34:27] [*] 提交后页面 step=profile path=/sign-up?redirect=grok-com hint=You are signing into Grok Complete your sign up jfcbrzvvshlqo+4@outlook.com First name Last name Password Complete sign upGo back By continu
[12:34:32] [*] 提交后页面 step=probe-error path=https://accounts.x.ai/sign-up?redirect=grok-com hint=Page.evaluate: Execution context was destroyed, most likely because of a navigation
[12:34:32] [*] 提交后页面 step=unknown path=/account hint=((a,b,c,d,e,f,g,h)=>{let i=document.documentElement,j=["light","dark"];function k(b){var c;(Array.isArray(a)?a:[a]).forEach(a=>{let c="class
[12:34:33] [*] 提交后页面 step=unknown path=/account hint=SpaceXAI Toggle theme LM Welcome, Lucas. Manage your account. Account Security Sessions Data Return to Redirecting You are being redirected,
[12:34:36] [*] 提交后页面 step=probe-error path=https://accounts.x.ai/account hint=Page.evaluate: Execution context was destroyed, most likely because of a navigation
[12:34:41] [*] 资料已填: Lucas Mao
[12:34:41] [*] registered_emails 已更新: jfcbrzvvshlqo+4@outlook.com sso=empty
[12:34:41] [*] 5. 等待 sso cookie
[12:34:43] [*] 等待 sso 中... 已等 0s，剩余 29s | url=https://accounts.x.ai/account
[12:34:43] [*] 已获取到 sso cookie
[12:34:43] [*] registered_emails 已更新: jfcbrzvvshlqo+4@outlook.com sso=yes
[12:34:43] [*] grok2api Web SSO 上传尝试 1/3
[12:34:43] [*] grok2api 远端上传：登录管理后台（直连，不走代理）
[12:34:44] [+] grok2api 远端登录成功
[12:34:44] [*] grok2api 远端上传：调用 Web SSO 导入接口（直连）
[12:34:44] 【推送Grok2API 成功】
[12:34:44] [+] 已上传 Web SSO: 新增=1, 更新=0, 同步=1, 失败=0
[12:34:44] [*] grok2api Console SSO 上传尝试 1/3
[12:34:44] [*] grok2api 远端上传：登录管理后台（直连，不走代理）
[12:34:45] [+] grok2api 远端登录成功
[12:34:45] [*] grok2api 远端上传：调用 Console SSO 导入接口（直连）
[12:34:46] 【推送Grok2API 成功】
[12:34:46] [+] 已上传 Console SSO: 新增=1, 更新=0, 同步=1, 失败=0
[12:34:46] [风控] 检查新账号注册风控状态 ...
[12:34:47] [风控] 未读取到注册风控字段，继续 OAuth: grok.com 未发现 botFlag 字段
[12:34:47] [CPA] SSO → 协议 Device Flow 换 token (proxy=socks5h://15.204.89.179:1178) ...
[12:34:47] [CPA] [*] 尝试协议 Device Flow 换 token ...
[12:34:48] [CPA] ✅ sso 有效（协议路径）
[12:34:48] [CPA] 🔑 Device Flow: 申请 device_code / user_code ...
[12:34:48] [CPA] [*] user_code=9Y2Y-7STC interval=5s expires_in=1800s
[12:34:49] [CPA] [*] Device Flow: verify user_code ...
[12:34:49] [CPA] ✅ device/verify OK → https://accounts.x.ai/oauth2/device/consent?user_code=9Y2Y-7STC
[12:34:49] [CPA] [*] Device Flow: approve allow principal_id=(empty) ...
[12:34:49] [CPA] ✅ device/approve 已允许
[12:34:49] [CPA] [*] Device Flow: 轮询 access/refresh token ...
[12:34:50] [CPA] ✅ access_token (expires_in=21600s) + refresh_token
[12:34:50] [CPA] JWT bfs 检测: clean
[12:34:50] [CPA] 已写入 CPA 本地 /home/ubuntu/grok-register-panel/cpa_auth/xai-jfcbrzvvshlqo_4@outlook.com.json
[12:34:50] [CPA] 已上传 CPA 远程 http://127.0.0.1:18457/.../xai-jfcbrzvvshlqo_4@outlook.com.json
[12:34:50] [CPA] 已写入 Grok2API /home/ubuntu/grok-register-panel/grok2api_auth/g2a-jfcbrzvvshlqo_4@outlook.com.json
[12:34:50] [+] 注册成功: jfcbrzvvshlqo+4@outlook.com
[12:34:50] [结果] status=ok ip=12.104.4.66 port=1178 email=jf***@outlook.com kind=success bot=0 risk=- bfs=-
[12:34:50] [*] 当前统计: 成功 137 | 失败 5 || 注册成功 137 | 注册失败 5 | SSO成功 140 | SSO失败 0 | 早期跳过 0 | G2A成功 140 | G2A失败 0 | CPA成功 137 | CPA失败 0 | 风控通过 137 | 风控 3
[12:34:51] [*] 下一个账号前等待 480 秒...
[12:35:51] [*] 账号间隔等待中… 剩余 420s / 共 480s
[12:36:51] [*] 账号间隔等待中… 剩余 360s / 共 480s
[12:37:51] [*] 账号间隔等待中… 剩余 300s / 共 480s
[12:38:51] [*] 账号间隔等待中… 剩余 240s / 共 480s
[12:39:51] [*] 账号间隔等待中… 剩余 180s / 共 480s
[12:40:51] [*] 账号间隔等待中… 剩余 120s / 共 480s
[12:41:51] [*] 账号间隔等待中… 剩余 60s / 共 480s
[12:42:51] [*] 下号代理: socks5h://109.166.36.243:1092
[12:42:51] --- 开始第 143/2000 个账号 ---
[12:42:51] [*] 1. 打开注册页 (尝试 1/3)
[12:42:56] [static-cache] enabled dir=/home/ubuntu/grok-register-panel/log/static-asset-cache hits=26575 misses=898 max_mb=1024
[12:42:56] [*] 出口IP=142.249.204.224 代理=socks5h://109.166.36.243:1092 | AS45691 | DODO-CORE - DODO K.K. | Tokyo
[12:42:56] [*] 指纹 os=windows platform=Win32 webgl=ANGLE (NVIDIA, NVIDIA GeForce GTX 980 Direct3D11 vs_5_0 ps_5_0), or similar fontsWin=True ua=Mozilla/5.0 (Windows NT 10.0; Win64; x64; rv:152.0) Gecko/20100101 Firef… leak=none
[12:42:56] [*] 浏览器已启动
[12:43:02] [*] 当前URL: https://accounts.x.ai/sign-up?redirect=grok-com
[12:43:06] [*] 已点击「使用邮箱注册」按钮（原生事件）: Sign up with email
[12:43:07] [*] 2. 创建邮箱并提交
[12:43:08] [*] 已创建邮箱: licwjuaqbmgzyb+4@outlook.com
[12:43:17] [*] 已填写邮箱并提交: licwjuaqbmgzyb+4@outlook.com (Sign up)
[12:43:17] [*] 邮箱: licwjuaqbmgzyb+4@outlook.com
[12:43:17] [*] 3. 拉取验证码
[12:43:21] [*] Outlook RT 等待验证码… 剩余 176s 邮件 8 封
[12:43:27] [*] Outlook RT 已提取验证码并完成库存记账
[12:43:30] [*] 已填写验证码并提交: 987-053
[12:43:30] [*] 验证码后页面 step=profile path=/sign-up?redirect=grok-com cf=True buttons=['Grok', 'Complete sign up', 'Go back', 'Your privacy choices']
[12:43:30] [*] 验证码: 987-053
[12:43:30] [*] 4. 填写资料
[12:43:43] [*] 已点击资料提交: Aiden Yan
[12:43:43] [*] 提交后页面 step=profile path=/sign-up?redirect=grok-com hint=You are signing into Grok Complete your sign up licwjuaqbmgzyb+4@outlook.com First name Last name Password Complete sign upGo back By contin
[12:43:51] [*] 提交后页面 step=unknown path=/account hint=((a,b,c,d,e,f,g,h)=>{let i=document.documentElement,j=["light","dark"];function k(b){var c;(Array.isArray(a)?a:[a]).forEach(a=>{let c="class
[12:43:51] [*] 提交后页面 step=unknown path=/account hint=SpaceXAI Toggle theme AY Welcome, Aiden. Manage your account. Account Security Sessions Data Return to Redirecting You are being redirected,
[12:43:56] [*] 资料已填: Aiden Yan
[12:43:56] [*] registered_emails 已更新: licwjuaqbmgzyb+4@outlook.com sso=empty
[12:43:56] [*] 5. 等待 sso cookie
[12:43:57] [*] 等待 sso 中... 已等 0s，剩余 29s | url=https://accounts.x.ai/account
[12:43:57] [*] 已获取到 sso cookie
[12:43:57] [*] registered_emails 已更新: licwjuaqbmgzyb+4@outlook.com sso=yes
[12:43:57] [*] grok2api Web SSO 上传尝试 1/3
[12:43:57] [*] grok2api 远端上传：登录管理后台（直连，不走代理）
[12:43:58] [+] grok2api 远端登录成功
[12:43:58] [*] grok2api 远端上传：调用 Web SSO 导入接口（直连）
[12:43:58] 【推送Grok2API 成功】
[12:43:58] [+] 已上传 Web SSO: 新增=1, 更新=0, 同步=1, 失败=0
[12:43:58] [*] grok2api Console SSO 上传尝试 1/3
[12:43:58] [*] grok2api 远端上传：登录管理后台（直连，不走代理）
[12:43:59] [+] grok2api 远端登录成功
[12:43:59] [*] grok2api 远端上传：调用 Console SSO 导入接口（直连）
[12:43:59] 【推送Grok2API 成功】
[12:43:59] [+] 已上传 Console SSO: 新增=1, 更新=0, 同步=1, 失败=0
[12:43:59] [风控] 检查新账号注册风控状态 ...
[12:44:01] [风控] 未读取到注册风控字段，继续 OAuth: grok.com 未发现 botFlag 字段
[12:44:01] [CPA] SSO → 协议 Device Flow 换 token (proxy=socks5h://109.166.36.243:1092) ...
[12:44:01] [CPA] [*] 尝试协议 Device Flow 换 token ...
[12:44:02] [CPA] ✅ sso 有效（协议路径）
[12:44:02] [CPA] 🔑 Device Flow: 申请 device_code / user_code ...
[12:44:03] [CPA] [*] user_code=36XC-HNN3 interval=5s expires_in=1800s
[12:44:03] [CPA] [*] Device Flow: verify user_code ...
[12:44:04] [CPA] ✅ device/verify OK → https://accounts.x.ai/oauth2/device/consent?user_code=36XC-HNN3
[12:44:04] [CPA] [*] Device Flow: approve allow principal_id=(empty) ...
[12:44:05] [CPA] ✅ device/approve 已允许
[12:44:05] [CPA] [*] Device Flow: 轮询 access/refresh token ...
[12:44:05] [CPA] ✅ access_token (expires_in=21600s) + refresh_token
[12:44:05] [CPA] JWT bfs 检测: clean
[12:44:05] [CPA] 已写入 CPA 本地 /home/ubuntu/grok-register-panel/cpa_auth/xai-licwjuaqbmgzyb_4@outlook.com.json
[12:44:06] [CPA] 已上传 CPA 远程 http://127.0.0.1:18457/.../xai-licwjuaqbmgzyb_4@outlook.com.json
[12:44:06] [CPA] 已写入 Grok2API /home/ubuntu/grok-register-panel/grok2api_auth/g2a-licwjuaqbmgzyb_4@outlook.com.json
[12:44:06] [+] 注册成功: licwjuaqbmgzyb+4@outlook.com
[12:44:06] [结果] status=ok ip=142.249.204.224 port=1092 email=li***@outlook.com kind=success bot=0 risk=- bfs=-
[12:44:06] [*] 当前统计: 成功 138 | 失败 5 || 注册成功 138 | 注册失败 5 | SSO成功 141 | SSO失败 0 | 早期跳过 0 | G2A成功 141 | G2A失败 0 | CPA成功 138 | CPA失败 0 | 风控通过 138 | 风控 3
[12:44:07] [*] 下一个账号前等待 480 秒...
[12:45:07] [*] 账号间隔等待中… 剩余 420s / 共 480s
[12:46:07] [*] 账号间隔等待中… 剩余 360s / 共 480s
[12:47:07] [*] 账号间隔等待中… 剩余 300s / 共 480s
[12:48:07] [*] 账号间隔等待中… 剩余 240s / 共 480s
[12:49:07] [*] 账号间隔等待中… 剩余 180s / 共 480s
[12:50:07] [*] 账号间隔等待中… 剩余 120s / 共 480s
[12:51:07] [*] 账号间隔等待中… 剩余 60s / 共 480s
[12:52:07] [*] 下号代理: socks5h://15.204.89.179:1191
[12:52:07] --- 开始第 144/2000 个账号 ---
[12:52:07] [*] 1. 打开注册页 (尝试 1/3)
[12:52:12] [static-cache] enabled dir=/home/ubuntu/grok-register-panel/log/static-asset-cache hits=26818 misses=898 max_mb=1024
[12:52:12] [*] 出口IP=12.104.4.97 代理=socks5h://15.204.89.179:1191 | AS7018 | AT&T Enterprises, LLC | Boston
[12:52:13] [*] 指纹 os=windows platform=Win32 webgl=ANGLE (Intel, Intel(R) HD Graphics 400 Direct3D11 vs_5_0 ps_5_0), or similar fontsWin=True ua=Mozilla/5.0 (Windows NT 10.0; Win64; x64; rv:152.0) Gecko/20100101 Firef… leak=none
[12:52:13] [*] 浏览器已启动
[12:52:20] [*] 当前URL: https://accounts.x.ai/sign-up?redirect=grok-com
[12:52:23] [*] 已点击「使用邮箱注册」按钮（原生事件）: Sign up with email
[12:52:24] [*] 2. 创建邮箱并提交
[12:52:27] [*] 已创建邮箱: vrpseiezfguys+4@outlook.com
[12:52:36] [*] 已填写邮箱并提交: vrpseiezfguys+4@outlook.com (Sign up)
[12:52:36] [*] 邮箱: vrpseiezfguys+4@outlook.com
[12:52:36] [*] 3. 拉取验证码
[12:52:43] [*] Outlook RT 已提取验证码并完成库存记账
[12:52:46] [*] 已填写验证码并提交: 905-479
[12:52:46] [*] 验证码后页面 step=wait-cf path=/sign-up?redirect=grok-com cf=True buttons=['Grok', 'Go back', 'Your privacy choices']
[12:52:46] [*] 验证码: 905-479
[12:52:46] [*] 4. 填写资料
[12:52:47] [*] 资料页等待 Cloudflare 人机验证... token长度=0 （验证通过后再填姓名/密码）
[12:52:59] [*] 等待 Cloudflare 人机验证通过后再提交... 当前token长度=0
[12:52:59] [*] 提交前仍卡住，自动再次复用 Turnstile...
[12:52:59] [*] 尝试点击 Turnstile...
[12:53:00] [*] 已点击 Turnstile frame body (24, 32)
[12:53:05] [*] Turnstile 已通过，token长度=688
[12:53:05] [*] Turnstile 二次复用完成，回填长度=688
[12:53:08] [*] 已点击资料提交: Dylan Pan
[12:53:08] [*] 提交后页面 step=profile path=/sign-up?redirect=grok-com hint=You are signing into Grok Complete your sign up vrpseiezfguys+4@outlook.com First name Last name Password Complete sign upGo back By continu
[12:53:20] [*] 资料已填: Dylan Pan
[12:53:20] [*] registered_emails 已更新: vrpseiezfguys+4@outlook.com sso=empty
[12:53:20] [*] 5. 等待 sso cookie
[12:53:20] [*] 等待 sso 中... 已等 0s，剩余 29s | url=https://accounts.x.ai/sign-up?redirect=grok-com
[12:53:20] [*] 已获取到 sso cookie
[12:53:21] [*] registered_emails 已更新: vrpseiezfguys+4@outlook.com sso=yes
[12:53:21] [*] grok2api Web SSO 上传尝试 1/3
[12:53:21] [*] grok2api 远端上传：登录管理后台（直连，不走代理）
[12:53:21] [+] grok2api 远端登录成功
[12:53:21] [*] grok2api 远端上传：调用 Web SSO 导入接口（直连）
[12:53:21] 【推送Grok2API 成功】
[12:53:21] [+] 已上传 Web SSO: 新增=1, 更新=0, 同步=1, 失败=0
[12:53:21] [*] grok2api Console SSO 上传尝试 1/3
[12:53:21] [*] grok2api 远端上传：登录管理后台（直连，不走代理）
[12:53:21] [+] grok2api 远端登录成功
[12:53:21] [*] grok2api 远端上传：调用 Console SSO 导入接口（直连）
[12:53:22] 【推送Grok2API 成功】
[12:53:22] [+] 已上传 Console SSO: 新增=1, 更新=0, 同步=1, 失败=0
[12:53:22] [风控] 检查新账号注册风控状态 ...
[12:53:41] [风控] 未读取到注册风控字段，继续 OAuth: grok.com 未发现 botFlag 字段
[12:53:41] [CPA] SSO → 协议 Device Flow 换 token (proxy=socks5h://15.204.89.179:1191) ...
[12:53:41] [CPA] [*] 尝试协议 Device Flow 换 token ...
[12:53:42] [CPA] ✅ sso 有效（协议路径）
[12:53:42] [CPA] 🔑 Device Flow: 申请 device_code / user_code ...
[12:53:44] [CPA] [*] user_code=PZH6-MBJM interval=5s expires_in=1800s
[12:53:45] [CPA] [*] Device Flow: verify user_code ...
[12:53:46] [CPA] ✅ device/verify OK → https://accounts.x.ai/oauth2/device/consent?user_code=PZH6-MBJM
[12:53:46] [CPA] [*] Device Flow: approve allow principal_id=(empty) ...
[12:53:47] [CPA] ✅ device/approve 已允许
[12:53:47] [CPA] [*] Device Flow: 轮询 access/refresh token ...
[12:53:47] [CPA] ✅ access_token (expires_in=21600s) + refresh_token
[12:53:47] [CPA] JWT bfs 检测: clean
[12:53:47] [CPA] 已写入 CPA 本地 /home/ubuntu/grok-register-panel/cpa_auth/xai-vrpseiezfguys_4@outlook.com.json
[12:53:48] [CPA] 已上传 CPA 远程 http://127.0.0.1:18457/.../xai-vrpseiezfguys_4@outlook.com.json
[12:53:48] [CPA] 已写入 Grok2API /home/ubuntu/grok-register-panel/grok2api_auth/g2a-vrpseiezfguys_4@outlook.com.json
[12:53:48] [+] 注册成功: vrpseiezfguys+4@outlook.com
[12:53:48] [结果] status=ok ip=12.104.4.97 port=1191 email=vr***@outlook.com kind=success bot=0 risk=- bfs=-
[12:53:48] [*] 当前统计: 成功 139 | 失败 5 || 注册成功 139 | 注册失败 5 | SSO成功 142 | SSO失败 0 | 早期跳过 0 | G2A成功 142 | G2A失败 0 | CPA成功 139 | CPA失败 0 | 风控通过 139 | 风控 3
[12:53:49] [*] 下一个账号前等待 480 秒...
[12:54:49] [*] 账号间隔等待中… 剩余 420s / 共 480s
[12:55:49] [*] 账号间隔等待中… 剩余 360s / 共 480s
[12:56:49] [*] 账号间隔等待中… 剩余 300s / 共 480s
[12:57:49] [*] 账号间隔等待中… 剩余 240s / 共 480s
[12:58:49] [*] 账号间隔等待中… 剩余 180s / 共 480s
[12:59:49] [*] 账号间隔等待中… 剩余 120s / 共 480s
[13:00:49] [*] 账号间隔等待中… 剩余 60s / 共 480s
[13:01:49] [*] 下号代理: socks5h://109.166.36.243:1091
[13:01:49] --- 开始第 145/2000 个账号 ---
[13:01:49] [*] 1. 打开注册页 (尝试 1/3)
[13:01:54] [static-cache] enabled dir=/home/ubuntu/grok-register-panel/log/static-asset-cache hits=26873 misses=898 max_mb=1024
[13:01:54] [*] 出口IP=142.249.204.75 代理=socks5h://109.166.36.243:1091 | AS45691 | DODO-CORE - DODO K.K. | Tokyo
[13:01:54] [*] 指纹 os=windows platform=Win32 webgl=ANGLE (NVIDIA, NVIDIA GeForce GTX 980 Direct3D11 vs_5_0 ps_5_0), or similar fontsWin=True ua=Mozilla/5.0 (Windows NT 10.0; Win64; x64; rv:152.0) Gecko/20100101 Firef… leak=none
[13:01:54] [*] 浏览器已启动
[13:02:01] [*] 当前URL: https://accounts.x.ai/sign-up?redirect=grok-com
[13:02:08] [*] 已点击「使用邮箱注册」按钮（原生事件）: Sign up with email
[13:02:08] [*] 2. 创建邮箱并提交
[13:02:10] [*] 已创建邮箱: okvshubvchrb+4@outlook.com
[13:02:21] [*] 已填写邮箱并提交: okvshubvchrb+4@outlook.com (Sign up)
[13:02:21] [*] 邮箱: okvshubvchrb+4@outlook.com
[13:02:21] [*] 3. 拉取验证码
[13:02:25] [*] Outlook RT 已提取验证码并完成库存记账
[13:02:29] [*] 已填写验证码并提交: 996-769
[13:02:29] [*] 验证码后页面 step=profile path=/sign-up?redirect=grok-com cf=True buttons=['Grok', 'Complete sign up', 'Go back', 'Your privacy choices']
[13:02:29] [*] 验证码: 996-769
[13:02:29] [*] 4. 填写资料
[13:02:43] [*] 已点击资料提交: Kai Xu
[13:02:43] [*] 提交后页面 step=profile path=/sign-up?redirect=grok-com hint=You are signing into Grok Complete your sign up okvshubvchrb+4@outlook.com First name Last name Password Complete sign upGo back By continui
[13:02:51] [*] 提交后页面 step=unknown path=/account hint=((a,b,c,d,e,f,g,h)=>{let i=document.documentElement,j=["light","dark"];function k(b){var c;(Array.isArray(a)?a:[a]).forEach(a=>{let c="class
[13:02:52] [*] 提交后页面 step=unknown path=/account hint=SpaceXAI Toggle theme KX Welcome, Kai. Manage your account. Account Security Sessions Data Return to Redirecting You are being redirected, p
[13:02:55] [*] 资料已填: Kai Xu
[13:02:55] [*] registered_emails 已更新: okvshubvchrb+4@outlook.com sso=empty
[13:02:55] [*] 5. 等待 sso cookie
[13:02:55] [*] 等待 sso 中... 已等 0s，剩余 29s | url=https://accounts.x.ai/account
[13:02:55] [*] 已获取到 sso cookie
[13:02:55] [*] registered_emails 已更新: okvshubvchrb+4@outlook.com sso=yes
[13:02:55] [*] grok2api Web SSO 上传尝试 1/3
[13:02:55] [*] grok2api 远端上传：登录管理后台（直连，不走代理）
[13:02:56] [+] grok2api 远端登录成功
[13:02:56] [*] grok2api 远端上传：调用 Web SSO 导入接口（直连）
[13:02:57] 【推送Grok2API 成功】
[13:02:57] [+] 已上传 Web SSO: 新增=1, 更新=0, 同步=1, 失败=0
[13:02:57] [*] grok2api Console SSO 上传尝试 1/3
[13:02:57] [*] grok2api 远端上传：登录管理后台（直连，不走代理）
[13:02:57] [+] grok2api 远端登录成功
[13:02:57] [*] grok2api 远端上传：调用 Console SSO 导入接口（直连）
[13:02:57] 【推送Grok2API 成功】
[13:02:57] [+] 已上传 Console SSO: 新增=1, 更新=0, 同步=1, 失败=0
[13:02:57] [风控] 检查新账号注册风控状态 ...
[13:02:59] [风控] 未读取到注册风控字段，继续 OAuth: grok.com 未发现 botFlag 字段
[13:02:59] [CPA] SSO → 协议 Device Flow 换 token (proxy=socks5h://109.166.36.243:1091) ...
[13:02:59] [CPA] [*] 尝试协议 Device Flow 换 token ...
[13:03:01] [CPA] ✅ sso 有效（协议路径）
[13:03:01] [CPA] 🔑 Device Flow: 申请 device_code / user_code ...
[13:03:01] [CPA] [*] user_code=D529-GMPA interval=5s expires_in=1800s
[13:03:02] [CPA] [*] Device Flow: verify user_code ...
[13:03:03] [CPA] ✅ device/verify OK → https://accounts.x.ai/oauth2/device/consent?user_code=D529-GMPA
[13:03:03] [CPA] [*] Device Flow: approve allow principal_id=(empty) ...
[13:03:04] [CPA] ✅ device/approve 已允许
[13:03:04] [CPA] [*] Device Flow: 轮询 access/refresh token ...
[13:03:05] [CPA] ✅ access_token (expires_in=21600s) + refresh_token
[13:03:05] [CPA] JWT bfs 检测: clean
[13:03:05] [CPA] 已写入 CPA 本地 /home/ubuntu/grok-register-panel/cpa_auth/xai-okvshubvchrb_4@outlook.com.json
[13:03:05] [CPA] 已上传 CPA 远程 http://127.0.0.1:18457/.../xai-okvshubvchrb_4@outlook.com.json
[13:03:05] [CPA] 已写入 Grok2API /home/ubuntu/grok-register-panel/grok2api_auth/g2a-okvshubvchrb_4@outlook.com.json
[13:03:05] [+] 注册成功: okvshubvchrb+4@outlook.com
[13:03:05] [结果] status=ok ip=142.249.204.75 port=1091 email=ok***@outlook.com kind=success bot=0 risk=- bfs=-
[13:03:05] [*] 当前统计: 成功 140 | 失败 5 || 注册成功 140 | 注册失败 5 | SSO成功 143 | SSO失败 0 | 早期跳过 0 | G2A成功 143 | G2A失败 0 | CPA成功 140 | CPA失败 0 | 风控通过 140 | 风控 3
[13:03:05] [*] 已成功 140 个账号，执行定期清理: 关闭浏览器并清理内存
[13:03:06] [*] Python GC 已回收对象数: 15947
[13:03:06] [*] 下一个账号前等待 480 秒...
[13:04:06] [*] 账号间隔等待中… 剩余 420s / 共 480s
[13:05:06] [*] 账号间隔等待中… 剩余 360s / 共 480s
[13:06:06] [*] 账号间隔等待中… 剩余 300s / 共 480s
[13:07:06] [*] 账号间隔等待中… 剩余 240s / 共 480s
[13:08:06] [*] 账号间隔等待中… 剩余 180s / 共 480s
[13:09:06] [*] 账号间隔等待中… 剩余 120s / 共 480s
[13:10:06] [*] 账号间隔等待中… 剩余 60s / 共 480s
[13:11:06] [*] 下号代理: socks5h://109.166.36.243:1090
[13:11:06] --- 开始第 146/2000 个账号 ---
[13:11:06] [*] 1. 打开注册页 (尝试 1/3)
[13:11:11] [static-cache] enabled dir=/home/ubuntu/grok-register-panel/log/static-asset-cache hits=26976 misses=898 max_mb=1024
[13:11:11] [*] 出口IP=142.249.204.223 代理=socks5h://109.166.36.243:1090 | AS45691 | DODO-CORE - DODO K.K. | Tokyo
[13:11:11] [*] 指纹 os=windows platform=Win32 webgl=ANGLE (Intel, Intel(R) HD Graphics Direct3D11 vs_5_0 ps_5_0), or similar fontsWin=True ua=Mozilla/5.0 (Windows NT 10.0; Win64; x64; rv:152.0) Gecko/20100101 Firef… leak=none
[13:11:11] [*] 浏览器已启动
[13:11:19] [*] 当前URL: https://accounts.x.ai/sign-up?redirect=grok-com
[13:11:22] [*] 已点击「使用邮箱注册」按钮（原生事件）: Sign up with email
[13:11:23] [*] 2. 创建邮箱并提交
[13:11:25] [*] 已创建邮箱: fskxetfngmgpa+4@outlook.com
[13:11:33] [*] 已填写邮箱并提交: fskxetfngmgpa+4@outlook.com (Sign up)
[13:11:33] [*] 邮箱: fskxetfngmgpa+4@outlook.com
[13:11:33] [*] 3. 拉取验证码
[13:11:38] [*] Outlook RT 等待验证码… 剩余 175s 邮件 8 封
[13:11:44] [*] Outlook RT 已提取验证码并完成库存记账
[13:11:47] [*] 已填写验证码并提交: 597-695
[13:11:47] [*] 验证码后页面 step=profile path=/sign-up?redirect=grok-com cf=True buttons=['Grok', 'Complete sign up', 'Go back', 'Your privacy choices']
[13:11:47] [*] 验证码: 597-695
[13:11:47] [*] 4. 填写资料
[13:11:59] [*] 已点击资料提交: Ezra Luo
[13:11:59] [*] 提交后页面 step=profile path=/sign-up?redirect=grok-com hint=You are signing into Grok Complete your sign up fskxetfngmgpa+4@outlook.com First name Last name Password Complete sign upGo back By continu
[13:12:07] [*] 提交后页面 step=unknown path=/account hint=((a,b,c,d,e,f,g,h)=>{let i=document.documentElement,j=["light","dark"];function k(b){var c;(Array.isArray(a)?a:[a]).forEach(a=>{let c="class
[13:12:08] [*] 提交后页面 step=unknown path=/account hint=SpaceXAI Toggle theme EL Welcome, Ezra. Manage your account. Account Security Sessions Data Return to Redirecting You are being redirected, 
[13:12:11] [*] 资料已填: Ezra Luo
[13:12:12] [*] registered_emails 已更新: fskxetfngmgpa+4@outlook.com sso=empty
[13:12:12] [*] 5. 等待 sso cookie
[13:12:12] [*] 等待 sso 中... 已等 0s，剩余 29s | url=https://accounts.x.ai/account
[13:12:12] [*] 已获取到 sso cookie
[13:12:12] [*] registered_emails 已更新: fskxetfngmgpa+4@outlook.com sso=yes
[13:12:12] [*] grok2api Web SSO 上传尝试 1/3
[13:12:12] [*] grok2api 远端上传：登录管理后台（直连，不走代理）
[13:12:12] [+] grok2api 远端登录成功
[13:12:12] [*] grok2api 远端上传：调用 Web SSO 导入接口（直连）
[13:12:13] 【推送Grok2API 成功】
[13:12:13] [+] 已上传 Web SSO: 新增=1, 更新=0, 同步=1, 失败=0
[13:12:13] [*] grok2api Console SSO 上传尝试 1/3
[13:12:13] [*] grok2api 远端上传：登录管理后台（直连，不走代理）
[13:12:13] [+] grok2api 远端登录成功
[13:12:13] [*] grok2api 远端上传：调用 Console SSO 导入接口（直连）
[13:12:14] 【推送Grok2API 成功】
[13:12:14] [+] 已上传 Console SSO: 新增=1, 更新=0, 同步=1, 失败=0
[13:12:14] [风控] 检查新账号注册风控状态 ...
[13:12:16] [风控] 未读取到注册风控字段，继续 OAuth: grok.com 未发现 botFlag 字段
[13:12:16] [CPA] SSO → 协议 Device Flow 换 token (proxy=socks5h://109.166.36.243:1090) ...
[13:12:16] [CPA] [*] 尝试协议 Device Flow 换 token ...
[13:12:17] [CPA] ✅ sso 有效（协议路径）
[13:12:17] [CPA] 🔑 Device Flow: 申请 device_code / user_code ...
[13:12:19] [CPA] [*] user_code=R323-4HR5 interval=5s expires_in=1800s
[13:12:19] [CPA] [*] Device Flow: verify user_code ...
[13:12:20] [CPA] ✅ device/verify OK → https://accounts.x.ai/oauth2/device/consent?user_code=R323-4HR5
[13:12:20] [CPA] [*] Device Flow: approve allow principal_id=(empty) ...
[13:12:21] [CPA] ✅ device/approve 已允许
[13:12:21] [CPA] [*] Device Flow: 轮询 access/refresh token ...
[13:12:21] [CPA] ✅ access_token (expires_in=21600s) + refresh_token
[13:12:21] [CPA] JWT bfs 检测: clean
[13:12:21] [CPA] 已写入 CPA 本地 /home/ubuntu/grok-register-panel/cpa_auth/xai-fskxetfngmgpa_4@outlook.com.json
[13:12:21] [CPA] 已上传 CPA 远程 http://127.0.0.1:18457/.../xai-fskxetfngmgpa_4@outlook.com.json
[13:12:21] [CPA] 已写入 Grok2API /home/ubuntu/grok-register-panel/grok2api_auth/g2a-fskxetfngmgpa_4@outlook.com.json
[13:12:21] [+] 注册成功: fskxetfngmgpa+4@outlook.com
[13:12:21] [结果] status=ok ip=142.249.204.223 port=1090 email=fs***@outlook.com kind=success bot=0 risk=- bfs=-
[13:12:21] [*] 当前统计: 成功 141 | 失败 5 || 注册成功 141 | 注册失败 5 | SSO成功 144 | SSO失败 0 | 早期跳过 0 | G2A成功 144 | G2A失败 0 | CPA成功 141 | CPA失败 0 | 风控通过 141 | 风控 3
[13:12:23] [*] 下一个账号前等待 480 秒...
[13:13:23] [*] 账号间隔等待中… 剩余 420s / 共 480s
[13:14:23] [*] 账号间隔等待中… 剩余 360s / 共 480s
[13:15:23] [*] 账号间隔等待中… 剩余 300s / 共 480s
[13:16:23] [*] 账号间隔等待中… 剩余 240s / 共 480s
[13:17:23] [*] 账号间隔等待中… 剩余 180s / 共 480s
[13:18:23] [*] 账号间隔等待中… 剩余 120s / 共 480s
[13:19:23] [*] 账号间隔等待中… 剩余 60s / 共 480s
[13:20:23] [*] 下号代理: socks5h://15.204.89.179:1178
[13:20:23] --- 开始第 147/2000 个账号 ---
[13:20:23] [*] 1. 打开注册页 (尝试 1/3)
[13:20:27] [static-cache] enabled dir=/home/ubuntu/grok-register-panel/log/static-asset-cache hits=27080 misses=898 max_mb=1024
[13:20:27] [*] 出口IP=12.104.4.66 代理=socks5h://15.204.89.179:1178 | AS7018 | AT&T Enterprises, LLC | Boston
[13:20:27] [*] 指纹 os=windows platform=Win32 webgl=ANGLE (AMD, Radeon HD 3200 Graphics Direct3D11 vs_5_0 ps_5_0), or similar fontsWin=True ua=Mozilla/5.0 (Windows NT 10.0; Win64; x64; rv:152.0) Gecko/20100101 Firef… leak=none
[13:20:27] [*] 浏览器已启动
[13:20:34] [*] 当前URL: https://accounts.x.ai/sign-up?redirect=grok-com
[13:20:38] [*] 已点击「使用邮箱注册」按钮（原生事件）: Sign up with email
[13:20:39] [*] 2. 创建邮箱并提交
[13:20:40] [*] 已创建邮箱: twytbmprmwxizx+4@outlook.com
[13:20:48] [*] 已填写邮箱并提交: twytbmprmwxizx+4@outlook.com (Sign up)
[13:20:48] [*] 邮箱: twytbmprmwxizx+4@outlook.com
[13:20:48] [*] 3. 拉取验证码
[13:20:52] [*] Outlook RT 等待验证码… 剩余 176s 邮件 8 封
[13:20:57] [*] Outlook RT 已提取验证码并完成库存记账
[13:21:00] [*] 已填写验证码并提交: 949-185
[13:21:00] [*] 验证码后页面 step=profile path=/sign-up?redirect=grok-com cf=True buttons=['Grok', 'Complete sign up', 'Go back', 'Your privacy choices']
[13:21:00] [*] 验证码: 949-185
[13:21:00] [*] 4. 填写资料
[13:21:12] [*] 已点击资料提交: Nathan Yang
[13:21:12] [*] 提交后页面 step=profile path=/sign-up?redirect=grok-com hint=You are signing into Grok Complete your sign up twytbmprmwxizx+4@outlook.com First name Last name Password Complete sign upGo back By contin
[13:21:18] [*] 提交后页面 step=unknown path=/account hint=((a,b,c,d,e,f,g,h)=>{let i=document.documentElement,j=["light","dark"];function k(b){var c;(Array.isArray(a)?a:[a]).forEach(a=>{let c="class
[13:21:19] [*] 提交后页面 step=unknown path=/account hint=SpaceXAI Toggle theme NY Welcome, Nathan. Manage your account. Account Security Sessions Data Return to Redirecting You are being redirected
[13:21:22] [*] 提交后页面 step=probe-error path=https://accounts.x.ai/account hint=Page.evaluate: Execution context was destroyed, most likely because of a navigation
[13:21:25] [*] 提交后页面 step=unknown path=/ hint=Skip to main content
[13:21:25] [*] 资料已填: Nathan Yang
[13:21:25] [*] registered_emails 已更新: twytbmprmwxizx+4@outlook.com sso=empty
[13:21:25] [*] 5. 等待 sso cookie
[13:21:25] [*] 等待 sso 中... 已等 0s，剩余 29s | url=https://grok.com/
[13:21:25] [*] 已获取到 sso cookie
[13:21:25] [*] registered_emails 已更新: twytbmprmwxizx+4@outlook.com sso=yes
[13:21:25] [*] grok2api Web SSO 上传尝试 1/3
[13:21:25] [*] grok2api 远端上传：登录管理后台（直连，不走代理）
[13:21:25] [+] grok2api 远端登录成功
[13:21:25] [*] grok2api 远端上传：调用 Web SSO 导入接口（直连）
[13:21:26] 【推送Grok2API 成功】
[13:21:26] [+] 已上传 Web SSO: 新增=1, 更新=0, 同步=1, 失败=0
[13:21:26] [*] grok2api Console SSO 上传尝试 1/3
[13:21:26] [*] grok2api 远端上传：登录管理后台（直连，不走代理）
[13:21:26] [+] grok2api 远端登录成功
[13:21:26] [*] grok2api 远端上传：调用 Console SSO 导入接口（直连）
[13:21:27] 【推送Grok2API 成功】
[13:21:27] [+] 已上传 Console SSO: 新增=1, 更新=0, 同步=1, 失败=0
[13:21:27] [风控] 检查新账号注册风控状态 ...
[13:21:28] [风控] 未读取到注册风控字段，继续 OAuth: grok.com 未发现 botFlag 字段
[13:21:28] [CPA] SSO → 协议 Device Flow 换 token (proxy=socks5h://15.204.89.179:1178) ...
[13:21:28] [CPA] [*] 尝试协议 Device Flow 换 token ...
[13:21:29] [CPA] ✅ sso 有效（协议路径）
[13:21:29] [CPA] 🔑 Device Flow: 申请 device_code / user_code ...
[13:21:31] [CPA] [*] user_code=6MB5-3Q5W interval=5s expires_in=1800s
[13:21:31] [CPA] [*] Device Flow: verify user_code ...
[13:21:32] [CPA] ✅ device/verify OK → https://accounts.x.ai/oauth2/device/consent?user_code=6MB5-3Q5W
[13:21:32] [CPA] [*] Device Flow: approve allow principal_id=(empty) ...
[13:21:32] [CPA] ✅ device/approve 已允许
[13:21:32] [CPA] [*] Device Flow: 轮询 access/refresh token ...
[13:21:32] [CPA] ✅ access_token (expires_in=21600s) + refresh_token
[13:21:32] [CPA] JWT bfs 检测: clean
[13:21:32] [CPA] 已写入 CPA 本地 /home/ubuntu/grok-register-panel/cpa_auth/xai-twytbmprmwxizx_4@outlook.com.json
[13:21:32] [CPA] 已上传 CPA 远程 http://127.0.0.1:18457/.../xai-twytbmprmwxizx_4@outlook.com.json
[13:21:32] [CPA] 已写入 Grok2API /home/ubuntu/grok-register-panel/grok2api_auth/g2a-twytbmprmwxizx_4@outlook.com.json
[13:21:32] [+] 注册成功: twytbmprmwxizx+4@outlook.com
[13:21:32] [结果] status=ok ip=12.104.4.66 port=1178 email=tw***@outlook.com kind=success bot=0 risk=- bfs=-
[13:21:32] [*] 当前统计: 成功 142 | 失败 5 || 注册成功 142 | 注册失败 5 | SSO成功 145 | SSO失败 0 | 早期跳过 0 | G2A成功 145 | G2A失败 0 | CPA成功 142 | CPA失败 0 | 风控通过 142 | 风控 3
[13:21:34] [*] 下一个账号前等待 480 秒...
[13:22:34] [*] 账号间隔等待中… 剩余 420s / 共 480s
[13:23:34] [*] 账号间隔等待中… 剩余 360s / 共 480s
[13:24:34] [*] 账号间隔等待中… 剩余 300s / 共 480s
[13:25:34] [*] 账号间隔等待中… 剩余 240s / 共 480s
[13:26:34] [*] 账号间隔等待中… 剩余 180s / 共 480s
[13:27:34] [*] 账号间隔等待中… 剩余 120s / 共 480s
[13:28:34] [*] 账号间隔等待中… 剩余 60s / 共 480s
[13:29:34] [*] 下号代理: socks5h://109.166.36.243:1092
[13:29:34] --- 开始第 148/2000 个账号 ---
[13:29:34] [*] 1. 打开注册页 (尝试 1/3)
[13:29:38] [static-cache] enabled dir=/home/ubuntu/grok-register-panel/log/static-asset-cache hits=27323 misses=898 max_mb=1024
[13:29:38] [*] 出口IP=142.249.204.224 代理=socks5h://109.166.36.243:1092 | AS45691 | DODO-CORE - DODO K.K. | Tokyo
[13:29:38] [*] 指纹 os=windows platform=Win32 webgl=ANGLE (Intel, Intel(R) HD Graphics 400 Direct3D11 vs_5_0 ps_5_0), or similar fontsWin=True ua=Mozilla/5.0 (Windows NT 10.0; Win64; x64; rv:152.0) Gecko/20100101 Firef… leak=none
[13:29:38] [*] 浏览器已启动
[13:29:46] [*] 当前URL: https://accounts.x.ai/sign-up?redirect=grok-com
[13:29:49] [*] 已点击「使用邮箱注册」按钮（原生事件）: Sign up with email
[13:29:50] [*] 2. 创建邮箱并提交
[13:29:51] [*] 已创建邮箱: jyczqxfwfxdp+4@outlook.com
[13:30:00] [*] 已填写邮箱并提交: jyczqxfwfxdp+4@outlook.com (Sign up)
[13:30:00] [*] 邮箱: jyczqxfwfxdp+4@outlook.com
[13:30:00] [*] 3. 拉取验证码
[13:30:04] [*] Outlook RT 等待验证码… 剩余 176s 邮件 8 封
[13:30:09] [*] Outlook RT 已提取验证码并完成库存记账
[13:30:15] [*] 已填写验证码并提交: 537-502
[13:30:15] [*] 验证码后页面 step=profile path=/sign-up?redirect=grok-com cf=True buttons=['Grok', 'Complete sign up', 'Go back', 'Your privacy choices']
[13:30:15] [*] 验证码: 537-502
[13:30:15] [*] 4. 填写资料
[13:30:27] [*] 已点击资料提交: Miles Zhou
[13:30:27] [*] 提交后页面 step=profile path=/sign-up?redirect=grok-com hint=You are signing into Grok Complete your sign up jyczqxfwfxdp+4@outlook.com First name Last name Password Complete sign upGo back By continui
[13:30:35] [*] 提交后页面 step=unknown path=/account hint=((a,b,c,d,e,f,g,h)=>{let i=document.documentElement,j=["light","dark"];function k(b){var c;(Array.isArray(a)?a:[a]).forEach(a=>{let c="class
[13:30:36] [*] 提交后页面 step=unknown path=/account hint=SpaceXAI Toggle theme MZ Welcome, Miles. Manage your account. Account Security Sessions Data Return to Redirecting You are being redirected,
[13:30:39] [*] 资料已填: Miles Zhou
[13:30:39] [*] registered_emails 已更新: jyczqxfwfxdp+4@outlook.com sso=empty
[13:30:39] [*] 5. 等待 sso cookie
[13:30:39] [*] 等待 sso 中... 已等 0s，剩余 29s | url=https://accounts.x.ai/account
[13:30:39] [*] 已获取到 sso cookie
[13:30:40] [*] registered_emails 已更新: jyczqxfwfxdp+4@outlook.com sso=yes
[13:30:40] [*] grok2api Web SSO 上传尝试 1/3
[13:30:40] [*] grok2api 远端上传：登录管理后台（直连，不走代理）
[13:30:40] [+] grok2api 远端登录成功
[13:30:40] [*] grok2api 远端上传：调用 Web SSO 导入接口（直连）
[13:30:40] 【推送Grok2API 成功】
[13:30:40] [+] 已上传 Web SSO: 新增=1, 更新=0, 同步=1, 失败=0
[13:30:40] [*] grok2api Console SSO 上传尝试 1/3
[13:30:40] [*] grok2api 远端上传：登录管理后台（直连，不走代理）
[13:30:41] [+] grok2api 远端登录成功
[13:30:41] [*] grok2api 远端上传：调用 Console SSO 导入接口（直连）
[13:30:41] 【推送Grok2API 成功】
[13:30:41] [+] 已上传 Console SSO: 新增=1, 更新=0, 同步=1, 失败=0
[13:30:41] [风控] 检查新账号注册风控状态 ...
[13:30:43] [风控] 未读取到注册风控字段，继续 OAuth: grok.com 未发现 botFlag 字段
[13:30:43] [CPA] SSO → 协议 Device Flow 换 token (proxy=socks5h://109.166.36.243:1092) ...
[13:30:43] [CPA] [*] 尝试协议 Device Flow 换 token ...
[13:30:44] [CPA] ✅ sso 有效（协议路径）
[13:30:44] [CPA] 🔑 Device Flow: 申请 device_code / user_code ...
[13:30:45] [CPA] [*] user_code=DXQK-45RC interval=5s expires_in=1800s
[13:30:45] [CPA] [*] Device Flow: verify user_code ...
[13:30:46] [CPA] ✅ device/verify OK → https://accounts.x.ai/oauth2/device/consent?user_code=DXQK-45RC
[13:30:46] [CPA] [*] Device Flow: approve allow principal_id=(empty) ...
[13:30:47] [CPA] ✅ device/approve 已允许
[13:30:47] [CPA] [*] Device Flow: 轮询 access/refresh token ...
[13:30:47] [CPA] ✅ access_token (expires_in=21600s) + refresh_token
[13:30:47] [CPA] JWT bfs 检测: clean
[13:30:47] [CPA] 已写入 CPA 本地 /home/ubuntu/grok-register-panel/cpa_auth/xai-jyczqxfwfxdp_4@outlook.com.json
[13:30:47] [CPA] 已上传 CPA 远程 http://127.0.0.1:18457/.../xai-jyczqxfwfxdp_4@outlook.com.json
[13:30:47] [CPA] 已写入 Grok2API /home/ubuntu/grok-register-panel/grok2api_auth/g2a-jyczqxfwfxdp_4@outlook.com.json
[13:30:47] [+] 注册成功: jyczqxfwfxdp+4@outlook.com
[13:30:47] [结果] status=ok ip=142.249.204.224 port=1092 email=jy***@outlook.com kind=success bot=0 risk=- bfs=-
[13:30:47] [*] 当前统计: 成功 143 | 失败 5 || 注册成功 143 | 注册失败 5 | SSO成功 146 | SSO失败 0 | 早期跳过 0 | G2A成功 146 | G2A失败 0 | CPA成功 143 | CPA失败 0 | 风控通过 143 | 风控 3
[13:30:49] [*] 下一个账号前等待 480 秒...
[13:31:49] [*] 账号间隔等待中… 剩余 420s / 共 480s
[13:32:49] [*] 账号间隔等待中… 剩余 360s / 共 480s
[13:33:49] [*] 账号间隔等待中… 剩余 300s / 共 480s
[13:34:49] [*] 账号间隔等待中… 剩余 240s / 共 480s
[13:35:49] [*] 账号间隔等待中… 剩余 180s / 共 480s
[13:36:49] [*] 账号间隔等待中… 剩余 120s / 共 480s
[13:37:49] [*] 账号间隔等待中… 剩余 60s / 共 480s
[13:38:49] [*] 下号代理: socks5h://15.204.89.179:1191
[13:38:49] --- 开始第 149/2000 个账号 ---
[13:38:49] [*] 1. 打开注册页 (尝试 1/3)
[13:38:53] [static-cache] enabled dir=/home/ubuntu/grok-register-panel/log/static-asset-cache hits=27427 misses=898 max_mb=1024
[13:38:53] [*] 出口IP=12.104.4.97 代理=socks5h://15.204.89.179:1191 | AS7018 | AT&T Enterprises, LLC | Boston
[13:38:53] [*] 指纹 os=windows platform=Win32 webgl=ANGLE (AMD, Radeon R9 200 Series Direct3D11 vs_5_0 ps_5_0), or similar fontsWin=True ua=Mozilla/5.0 (Windows NT 10.0; Win64; x64; rv:152.0) Gecko/20100101 Firef… leak=none
[13:38:53] [*] 浏览器已启动
[13:38:59] [*] 当前URL: https://accounts.x.ai/sign-up?redirect=grok-com
[13:39:04] [*] 已点击「使用邮箱注册」按钮（原生事件）: Sign up with email
[13:39:05] [*] 2. 创建邮箱并提交
[13:39:06] [*] 已创建邮箱: kedeuayixibb+4@outlook.com
[13:39:14] [*] 已填写邮箱并提交: kedeuayixibb+4@outlook.com (Sign up)
[13:39:14] [*] 邮箱: kedeuayixibb+4@outlook.com
[13:39:14] [*] 3. 拉取验证码
[13:39:17] [*] Outlook RT 已提取验证码并完成库存记账
[13:39:21] [*] 已填写验证码并提交: 739-765
[13:39:21] [*] 验证码后页面 step=profile path=/sign-up?redirect=grok-com cf=True buttons=['Grok', 'Complete sign up', 'Go back', 'Your privacy choices']
[13:39:21] [*] 验证码: 739-765
[13:39:21] [*] 4. 填写资料
[13:39:33] [*] 已点击资料提交: Kevin Fu
[13:39:33] [*] 提交后页面 step=profile path=/sign-up?redirect=grok-com hint=You are signing into Grok Complete your sign up kedeuayixibb+4@outlook.com First name Last name Password Complete sign upGo back By continui
[13:39:40] [*] 提交后页面 step=unknown path=/account hint=((a,b,c,d,e,f,g,h)=>{let i=document.documentElement,j=["light","dark"];function k(b){var c;(Array.isArray(a)?a:[a]).forEach(a=>{let c="class
[13:39:41] [*] 提交后页面 step=unknown path=/account hint=SpaceXAI Toggle theme KF Welcome, Kevin. Manage your account. Account Security Sessions Data Return to Redirecting You are being redirected,
[13:39:45] [*] 提交后页面 step=probe-error path=https://accounts.x.ai/account hint=Page.evaluate: Execution context was destroyed, most likely because of a navigation
[13:39:46] [*] 资料已填: Kevin Fu
[13:39:46] [*] registered_emails 已更新: kedeuayixibb+4@outlook.com sso=empty
[13:39:46] [*] 5. 等待 sso cookie
[13:39:46] [*] 等待 sso 中... 已等 0s，剩余 29s | url=https://grok.com/
[13:39:47] [*] 已获取到 sso cookie
[13:39:47] [*] registered_emails 已更新: kedeuayixibb+4@outlook.com sso=yes
[13:39:47] [*] grok2api Web SSO 上传尝试 1/3
[13:39:47] [*] grok2api 远端上传：登录管理后台（直连，不走代理）
[13:39:47] [+] grok2api 远端登录成功
[13:39:47] [*] grok2api 远端上传：调用 Web SSO 导入接口（直连）
[13:39:48] 【推送Grok2API 成功】
[13:39:48] [+] 已上传 Web SSO: 新增=1, 更新=0, 同步=1, 失败=0
[13:39:48] [*] grok2api Console SSO 上传尝试 1/3
[13:39:48] [*] grok2api 远端上传：登录管理后台（直连，不走代理）
[13:39:49] [+] grok2api 远端登录成功
[13:39:49] [*] grok2api 远端上传：调用 Console SSO 导入接口（直连）
[13:39:49] 【推送Grok2API 成功】
[13:39:49] [+] 已上传 Console SSO: 新增=1, 更新=0, 同步=1, 失败=0
[13:39:49] [风控] 检查新账号注册风控状态 ...
[13:39:51] [风控] 未读取到注册风控字段，继续 OAuth: grok.com 未发现 botFlag 字段
[13:39:51] [CPA] SSO → 协议 Device Flow 换 token (proxy=socks5h://15.204.89.179:1191) ...
[13:39:51] [CPA] [*] 尝试协议 Device Flow 换 token ...
[13:39:52] [CPA] ✅ sso 有效（协议路径）
[13:39:52] [CPA] 🔑 Device Flow: 申请 device_code / user_code ...
[13:39:56] [CPA] [*] user_code=S9KE-T7BP interval=5s expires_in=1800s
[13:39:58] [CPA] [*] Device Flow: verify user_code ...
[13:39:58] [CPA] ✅ device/verify OK → https://accounts.x.ai/oauth2/device/consent?user_code=S9KE-T7BP
[13:39:58] [CPA] [*] Device Flow: approve allow principal_id=(empty) ...
[13:39:59] [CPA] ✅ device/approve 已允许
[13:39:59] [CPA] [*] Device Flow: 轮询 access/refresh token ...
[13:39:59] [CPA] ✅ access_token (expires_in=21600s) + refresh_token
[13:39:59] [CPA] JWT bfs 检测: clean
[13:39:59] [CPA] 已写入 CPA 本地 /home/ubuntu/grok-register-panel/cpa_auth/xai-kedeuayixibb_4@outlook.com.json
[13:39:59] [CPA] 已上传 CPA 远程 http://127.0.0.1:18457/.../xai-kedeuayixibb_4@outlook.com.json
[13:39:59] [CPA] 已写入 Grok2API /home/ubuntu/grok-register-panel/grok2api_auth/g2a-kedeuayixibb_4@outlook.com.json
[13:39:59] [+] 注册成功: kedeuayixibb+4@outlook.com
[13:39:59] [结果] status=ok ip=12.104.4.97 port=1191 email=ke***@outlook.com kind=success bot=0 risk=- bfs=-
[13:39:59] [*] 当前统计: 成功 144 | 失败 5 || 注册成功 144 | 注册失败 5 | SSO成功 147 | SSO失败 0 | 早期跳过 0 | G2A成功 147 | G2A失败 0 | CPA成功 144 | CPA失败 0 | 风控通过 144 | 风控 3
[13:40:01] [*] 下一个账号前等待 480 秒...
[13:41:01] [*] 账号间隔等待中… 剩余 420s / 共 480s
[13:42:01] [*] 账号间隔等待中… 剩余 360s / 共 480s
[13:43:01] [*] 账号间隔等待中… 剩余 300s / 共 480s
[13:44:01] [*] 账号间隔等待中… 剩余 240s / 共 480s
[13:45:01] [*] 账号间隔等待中… 剩余 180s / 共 480s
[13:46:01] [*] 账号间隔等待中… 剩余 120s / 共 480s
[13:47:01] [*] 账号间隔等待中… 剩余 60s / 共 480s
[13:48:01] [*] 下号代理: socks5h://109.166.36.243:1091
[13:48:01] --- 开始第 150/2000 个账号 ---
[13:48:01] [*] 1. 打开注册页 (尝试 1/3)
[13:48:05] [static-cache] enabled dir=/home/ubuntu/grok-register-panel/log/static-asset-cache hits=27669 misses=898 max_mb=1024
[13:48:05] [*] 出口IP=142.249.204.75 代理=socks5h://109.166.36.243:1091 | AS45691 | DODO-CORE - DODO K.K. | Tokyo
[13:48:05] [*] 指纹 os=windows platform=Win32 webgl=ANGLE (NVIDIA, NVIDIA GeForce GTX 980 Direct3D11 vs_5_0 ps_5_0), or similar fontsWin=True ua=Mozilla/5.0 (Windows NT 10.0; Win64; x64; rv:152.0) Gecko/20100101 Firef… leak=none
[13:48:05] [*] 浏览器已启动
[13:48:13] [*] 当前URL: https://accounts.x.ai/sign-up?redirect=grok-com
[13:48:18] [*] 已点击「使用邮箱注册」按钮（原生事件）: Sign up with email
[13:48:19] [*] 2. 创建邮箱并提交
[13:48:21] [*] 已创建邮箱: awmfkjkizapzxj+4@outlook.com
[13:48:31] [*] 已填写邮箱并提交: awmfkjkizapzxj+4@outlook.com (Sign up)
[13:48:31] [*] 邮箱: awmfkjkizapzxj+4@outlook.com
[13:48:31] [*] 3. 拉取验证码
[13:48:35] [*] Outlook RT 已提取验证码并完成库存记账
[13:48:40] [*] 已填写验证码并提交: 902-589
[13:48:40] [*] 验证码后页面 step=profile path=/sign-up?redirect=grok-com cf=True buttons=['Grok', 'Complete sign up', 'Go back', 'Your privacy choices']
[13:48:40] [*] 验证码: 902-589
[13:48:40] [*] 4. 填写资料
[13:48:56] [*] 已点击资料提交: Leo Lin
[13:48:56] [*] 提交后页面 step=profile path=/sign-up?redirect=grok-com hint=You are signing into Grok Complete your sign up awmfkjkizapzxj+4@outlook.com First name Last name Password Complete sign upGo back By contin
[13:49:04] [*] 提交后页面 step=unknown path=/account hint=((a,b,c,d,e,f,g,h)=>{let i=document.documentElement,j=["light","dark"];function k(b){var c;(Array.isArray(a)?a:[a]).forEach(a=>{let c="class
[13:49:04] [*] 提交后页面 step=unknown path=/account hint=SpaceXAI Toggle theme LL Welcome, Leo. Manage your account. Account Security Sessions Data Return to Redirecting You are being redirected, p
[13:49:08] [*] 提交后页面 step=probe-error path=https://accounts.x.ai/account hint=Page.evaluate: Execution context was destroyed, most likely because of a navigation
[13:49:08] [*] 资料已填: Leo Lin
[13:49:09] [*] registered_emails 已更新: awmfkjkizapzxj+4@outlook.com sso=empty
[13:49:09] [*] 5. 等待 sso cookie
[13:49:10] [*] 等待 sso 中... 已等 0s，剩余 29s | url=https://accounts.x.ai/account
[13:49:10] [*] 已获取到 sso cookie
[13:49:11] [*] registered_emails 已更新: awmfkjkizapzxj+4@outlook.com sso=yes
[13:49:11] [*] grok2api Web SSO 上传尝试 1/3
[13:49:11] [*] grok2api 远端上传：登录管理后台（直连，不走代理）
[13:49:11] [+] grok2api 远端登录成功
[13:49:11] [*] grok2api 远端上传：调用 Web SSO 导入接口（直连）
[13:49:11] 【推送Grok2API 成功】
[13:49:11] [+] 已上传 Web SSO: 新增=1, 更新=0, 同步=1, 失败=0
[13:49:11] [*] grok2api Console SSO 上传尝试 1/3
[13:49:11] [*] grok2api 远端上传：登录管理后台（直连，不走代理）
[13:49:12] [+] grok2api 远端登录成功
[13:49:12] [*] grok2api 远端上传：调用 Console SSO 导入接口（直连）
[13:49:12] 【推送Grok2API 成功】
[13:49:12] [+] 已上传 Console SSO: 新增=1, 更新=0, 同步=1, 失败=0
[13:49:12] [风控] 检查新账号注册风控状态 ...
[13:49:14] [风控] 未读取到注册风控字段，继续 OAuth: grok.com 未发现 botFlag 字段
[13:49:14] [CPA] SSO → 协议 Device Flow 换 token (proxy=socks5h://109.166.36.243:1091) ...
[13:49:14] [CPA] [*] 尝试协议 Device Flow 换 token ...
[13:49:15] [CPA] ✅ sso 有效（协议路径）
[13:49:15] [CPA] 🔑 Device Flow: 申请 device_code / user_code ...
[13:49:17] [CPA] [*] user_code=6D89-4NG3 interval=5s expires_in=1800s
[13:49:18] [CPA] [*] Device Flow: verify user_code ...
[13:49:19] [CPA] ✅ device/verify OK → https://accounts.x.ai/oauth2/device/consent?user_code=6D89-4NG3
[13:49:19] [CPA] [*] Device Flow: approve allow principal_id=(empty) ...
[13:49:20] [CPA] ✅ device/approve 已允许
[13:49:20] [CPA] [*] Device Flow: 轮询 access/refresh token ...
[13:49:20] [CPA] ✅ access_token (expires_in=21600s) + refresh_token
[13:49:20] [CPA] JWT bfs 检测: clean
[13:49:20] [CPA] 已写入 CPA 本地 /home/ubuntu/grok-register-panel/cpa_auth/xai-awmfkjkizapzxj_4@outlook.com.json
[13:49:20] [CPA] 已上传 CPA 远程 http://127.0.0.1:18457/.../xai-awmfkjkizapzxj_4@outlook.com.json
[13:49:20] [CPA] 已写入 Grok2API /home/ubuntu/grok-register-panel/grok2api_auth/g2a-awmfkjkizapzxj_4@outlook.com.json
[13:49:20] [+] 注册成功: awmfkjkizapzxj+4@outlook.com
[13:49:20] [结果] status=ok ip=142.249.204.75 port=1091 email=aw***@outlook.com kind=success bot=0 risk=- bfs=-
[13:49:20] [*] 当前统计: 成功 145 | 失败 5 || 注册成功 145 | 注册失败 5 | SSO成功 148 | SSO失败 0 | 早期跳过 0 | G2A成功 148 | G2A失败 0 | CPA成功 145 | CPA失败 0 | 风控通过 145 | 风控 3
[13:49:20] [*] 已成功 145 个账号，执行定期清理: 关闭浏览器并清理内存
[13:49:21] [*] Python GC 已回收对象数: 23606
[13:49:22] [*] 下一个账号前等待 480 秒...
[13:50:22] [*] 账号间隔等待中… 剩余 420s / 共 480s
[13:51:22] [*] 账号间隔等待中… 剩余 360s / 共 480s
[13:52:22] [*] 账号间隔等待中… 剩余 300s / 共 480s
[13:53:22] [*] 账号间隔等待中… 剩余 240s / 共 480s
[13:54:22] [*] 账号间隔等待中… 剩余 180s / 共 480s
[13:55:22] [*] 账号间隔等待中… 剩余 120s / 共 480s
[13:56:22] [*] 账号间隔等待中… 剩余 60s / 共 480s
[13:57:22] [*] 下号代理: socks5h://109.166.36.243:1090
[13:57:22] --- 开始第 151/2000 个账号 ---
[13:57:22] [*] 1. 打开注册页 (尝试 1/3)
[13:57:26] [static-cache] enabled dir=/home/ubuntu/grok-register-panel/log/static-asset-cache hits=27910 misses=900 max_mb=1024
[13:57:26] [*] 出口IP=142.249.204.223 代理=socks5h://109.166.36.243:1090 | AS45691 | DODO-CORE - DODO K.K. | Tokyo
[13:57:27] [*] 指纹 os=windows platform=Win32 webgl=ANGLE (NVIDIA, NVIDIA GeForce GTX 980 Direct3D11 vs_5_0 ps_5_0), or similar fontsWin=True ua=Mozilla/5.0 (Windows NT 10.0; Win64; x64; rv:152.0) Gecko/20100101 Firef… leak=none
[13:57:27] [*] 浏览器已启动
[13:57:32] [*] 当前URL: https://accounts.x.ai/sign-up?redirect=grok-com
[13:57:37] [*] 已点击「使用邮箱注册」按钮（原生事件）: Sign up with email
[13:57:38] [*] 2. 创建邮箱并提交
[13:57:39] [*] 已创建邮箱: gdvusfutrkpte+4@outlook.com
[13:57:50] [*] 已填写邮箱并提交: gdvusfutrkpte+4@outlook.com (Sign up)
[13:57:50] [*] 邮箱: gdvusfutrkpte+4@outlook.com
[13:57:50] [*] 3. 拉取验证码
[13:57:54] [*] Outlook RT 等待验证码… 剩余 176s 邮件 8 封
[13:57:59] [*] Outlook RT 已提取验证码并完成库存记账
[13:58:03] [*] 已填写验证码并提交: 391-249
[13:58:03] [*] 验证码后页面 step=wait-cf path=/sign-up?redirect=grok-com cf=True buttons=['Grok', 'Go back', 'Your privacy choices']
[13:58:03] [*] 验证码: 391-249
[13:58:03] [*] 4. 填写资料
[13:58:04] [*] 资料页等待 Cloudflare 人机验证... token长度=0 （验证通过后再填姓名/密码）
[13:58:16] [*] 等待 Cloudflare 人机验证通过后再提交... 当前token长度=0
[13:58:16] [*] 提交前仍卡住，自动再次复用 Turnstile...
[13:58:16] [*] 尝试点击 Turnstile...
[13:58:17] [*] 已点击 Turnstile frame body (24, 32)
[13:58:22] [*] Turnstile 已通过，token长度=709
[13:58:22] [*] Turnstile 二次复用完成，回填长度=709
[13:58:25] [*] 已点击资料提交: Aaron Ma
[13:58:25] [*] 提交后页面 step=profile path=/sign-up?redirect=grok-com hint=You are signing into Grok Complete your sign up gdvusfutrkpte+4@outlook.com First name Last name Password Complete sign upGo back By continu
[13:58:32] [*] 提交后页面 step=unknown path=/account hint=((a,b,c,d,e,f,g,h)=>{let i=document.documentElement,j=["light","dark"];function k(b){var c;(Array.isArray(a)?a:[a]).forEach(a=>{let c="class
[13:58:33] [*] 提交后页面 step=unknown path=/account hint=SpaceXAI Toggle theme AM Welcome, Aaron. Manage your account. Account Security Sessions Data Return to Redirecting You are being redirected,
[13:58:37] [*] 资料已填: Aaron Ma
[13:58:37] [*] registered_emails 已更新: gdvusfutrkpte+4@outlook.com sso=empty
[13:58:37] [*] 5. 等待 sso cookie
[13:58:37] [*] 等待 sso 中... 已等 0s，剩余 29s | url=https://accounts.x.ai/account
[13:58:37] [*] 已获取到 sso cookie
[13:58:37] [*] registered_emails 已更新: gdvusfutrkpte+4@outlook.com sso=yes
[13:58:37] [*] grok2api Web SSO 上传尝试 1/3
[13:58:37] [*] grok2api 远端上传：登录管理后台（直连，不走代理）
[13:58:37] [+] grok2api 远端登录成功
[13:58:37] [*] grok2api 远端上传：调用 Web SSO 导入接口（直连）
[13:58:38] 【推送Grok2API 成功】
[13:58:38] [+] 已上传 Web SSO: 新增=1, 更新=0, 同步=1, 失败=0
[13:58:38] [*] grok2api Console SSO 上传尝试 1/3
[13:58:38] [*] grok2api 远端上传：登录管理后台（直连，不走代理）
[13:58:38] [+] grok2api 远端登录成功
[13:58:38] [*] grok2api 远端上传：调用 Console SSO 导入接口（直连）
[13:58:39] 【推送Grok2API 成功】
[13:58:39] [+] 已上传 Console SSO: 新增=1, 更新=0, 同步=1, 失败=0
[13:58:39] [风控] 检查新账号注册风控状态 ...
[13:58:42] [风控] 未读取到注册风控字段，继续 OAuth: grok.com 未发现 botFlag 字段
[13:58:42] [CPA] SSO → 协议 Device Flow 换 token (proxy=socks5h://109.166.36.243:1090) ...
[13:58:42] [CPA] [*] 尝试协议 Device Flow 换 token ...
[13:58:44] [CPA] ✅ sso 有效（协议路径）
[13:58:44] [CPA] 🔑 Device Flow: 申请 device_code / user_code ...
[13:58:45] [CPA] [*] user_code=M5QZ-5NKP interval=5s expires_in=1800s
[13:58:45] [CPA] [*] Device Flow: verify user_code ...
[13:58:46] [CPA] ✅ device/verify OK → https://accounts.x.ai/oauth2/device/consent?user_code=M5QZ-5NKP
[13:58:46] [CPA] [*] Device Flow: approve allow principal_id=(empty) ...
[13:58:47] [CPA] ✅ device/approve 已允许
[13:58:47] [CPA] [*] Device Flow: 轮询 access/refresh token ...
[13:58:48] [CPA] ✅ access_token (expires_in=21600s) + refresh_token
[13:58:48] [CPA] JWT bfs 检测: clean
[13:58:48] [CPA] 已写入 CPA 本地 /home/ubuntu/grok-register-panel/cpa_auth/xai-gdvusfutrkpte_4@outlook.com.json
[13:58:48] [CPA] 已上传 CPA 远程 http://127.0.0.1:18457/.../xai-gdvusfutrkpte_4@outlook.com.json
[13:58:48] [CPA] 已写入 Grok2API /home/ubuntu/grok-register-panel/grok2api_auth/g2a-gdvusfutrkpte_4@outlook.com.json
[13:58:48] [+] 注册成功: gdvusfutrkpte+4@outlook.com
[13:58:48] [结果] status=ok ip=142.249.204.223 port=1090 email=gd***@outlook.com kind=success bot=0 risk=- bfs=-
[13:58:48] [*] 当前统计: 成功 146 | 失败 5 || 注册成功 146 | 注册失败 5 | SSO成功 149 | SSO失败 0 | 早期跳过 0 | G2A成功 149 | G2A失败 0 | CPA成功 146 | CPA失败 0 | 风控通过 146 | 风控 3
[13:58:49] [*] 下一个账号前等待 480 秒...
[13:59:37] [supervisor] finished rc=130 completed=0/2000 reason=user_stop
===== 运行汇总（主动停止） =====
结束原因: 用户停止（user_stop）
开始时间: 2026-08-25 14:43:32
结束时间: 2026-08-26 13:59:37
运行时长: 23小时16分4秒（83764秒）
目标数量: 2000
已处理槽位: 151
剩余目标: 1849
总成功: 146
总失败: 5
子进程重启: 0
处理速度: 6.5 个/小时
明细统计:
  - 注册成功: 146
  - 注册失败: 5
  - SSO成功: 149
  - SSO失败: 0
  - 早期跳过: 0
  - G2A成功: 149
  - G2A失败: 0
  - CPA成功: 146
  - CPA失败: 0
  - 风控通过: 146
  - 风控: 3
失败分类:
  - registration_risk: 316
  - browser: 276
  - code_timeout: 0
  - cpa: 0
  - domain_rejected: 0
  - other: 0
  - profile_fill: 0
  - sso_timeout: 0
  - stuck_retry: 0
  - turnstile: 0
日志文件: /home/ubuntu/grok-register-panel/log/runs/run_batch_20260825_064332.log
备注:
  - batch_id=20260825-064332-977361-4399ec
  - supervisor_rc=130
===== 汇总结束 =====
===== 运行结束 13:59:37 / 2026-08-26 13:59:37 原因=用户停止(user_stop) =====
